id,date,heart_rate,total_sleep_minutes,weightkg,bmi,TotalSteps,TotalDistance,TrackerDistance,LoggedActivitiesDistance,VeryActiveDistance,ModeratelyActiveDistance,LightActiveDistance,SedentaryActiveDistance,VeryActiveMinutes,FairlyActiveMinutes,LightlyActiveMinutes,SedentaryMinutes,Calories
1503960366,2016-03-11,72.345,441.0,52.59999847,22.64999962,12259.0,7.9049999713897705,7.9049999713897705,0.0,2.92000007629395,0.6949999928474425,4.5,0.0,37.5,17.5,230.5,798.0,1865.5
1503960366,2016-03-12,71.66,441.0,52.59999847,22.64999962,12259.0,7.9049999713897705,7.9049999713897705,0.0,2.92000007629395,0.6949999928474425,4.5,0.0,37.5,17.5,230.5,798.0,1865.5
1503960366,2016-03-13,69.73,441.0,52.59999847,22.64999962,12259.0,7.9049999713897705,7.9049999713897705,0.0,2.92000007629395,0.6949999928474425,4.5,0.0,37.5,17.5,230.5,798.0,1865.5
1503960366,2016-03-14,72.76,423.0,52.59999847,22.64999962,12259.0,7.9049999713897705,7.9049999713897705,0.0,2.92000007629395,0.6949999928474425,4.5,0.0,37.5,17.5,230.5,798.0,1865.5
1503960366,2016-03-15,72.1,365.0,52.59999847,22.64999962,12259.0,7.9049999713897705,7.9049999713897705,0.0,2.92000007629395,0.6949999928474425,4.5,0.0,37.5,17.5,230.5,798.0,1865.5
1503960366,2016-03-16,72.58,404.0,52.59999847,22.64999962,12259.0,7.9049999713897705,7.9049999713897705,0.0,2.92000007629395,0.6949999928474425,4.5,0.0,37.5,17.5,230.5,798.0,1865.5
1503960366,2016-03-17,72.07,473.0,52.59999847,22.64999962,12259.0,7.9049999713897705,7.9049999713897705,0.0,2.92000007629395,0.6949999928474425,4.5,0.0,37.5,17.5,230.5,798.0,1865.5
1503960366,2016-03-18,74.4,449.0,52.59999847,22.64999962,12259.0,7.9049999713897705,7.9049999713897705,0.0,2.92000007629395,0.6949999928474425,4.5,0.0,37.5,17.5,230.5,798.0,1865.5
1503960366,2016-03-19,73.39,490.0,52.59999847,22.64999962,12259.0,7.9049999713897705,7.9049999713897705,0.0,2.92000007629395,0.6949999928474425,4.5,0.0,37.5,17.5,230.5,798.0,1865.5
1503960366,2016-03-20,75.3,483.0,52.59999847,22.64999962,12259.0,7.9049999713897705,7.9049999713897705,0.0,2.92000007629395,0.6949999928474425,4.5,0.0,37.5,17.5,230.5,798.0,1865.5
1503960366,2016-03-21,74.53,471.0,52.59999847,22.64999962,12259.0,7.9049999713897705,7.9049999713897705,0.0,2.92000007629395,0.6949999928474425,4.5,0.0,37.5,17.5,230.5,798.0,1865.5
1503960366,2016-03-22,73.55,471.0,52.59999847,22.64999962,12259.0,7.9049999713897705,7.9049999713897705,0.0,2.92000007629395,0.6949999928474425,4.5,0.0,37.5,17.5,230.5,798.0,1865.5
1503960366,2016-03-23,71.19,316.0,52.59999847,22.64999962,12259.0,7.9049999713897705,7.9049999713897705,0.0,2.92000007629395,0.6949999928474425,4.5,0.0,37.5,17.5,230.5,798.0,1865.5
1503960366,2016-03-24,70.46,389.0,52.59999847,22.64999962,12259.0,7.9049999713897705,7.9049999713897705,0.0,2.92000007629395,0.6949999928474425,4.5,0.0,37.5,17.5,230.5,798.0,1865.5
1503960366,2016-03-25,74.03,424.0,52.59999847,22.64999962,11004.0,7.1100001335144,7.1100001335144,0.0,2.5699999332428,0.46000000834465,4.07000017166138,0.0,33.0,12.0,205.0,804.0,1819.0
1503960366,2016-03-26,71.72,511.0,52.59999847,22.64999962,17609.0,11.5500001907349,11.5500001907349,0.0,6.92000007629395,0.730000019073486,3.91000008583069,0.0,89.0,17.0,274.0,588.0,2154.0
1503960366,2016-03-27,72.65,533.0,52.59999847,22.64999962,12736.0,8.52999973297119,8.52999973297119,0.0,4.65999984741211,0.159999996423721,3.71000003814697,0.0,56.0,5.0,268.0,605.0,1944.0
1503960366,2016-03-28,75.56,81.0,52.59999847,22.64999962,13231.0,8.93000030517578,8.93000030517578,0.0,3.19000005722046,0.790000021457672,4.94999980926514,0.0,39.0,20.0,224.0,1080.0,1932.0
1503960366,2016-03-29,72.84,411.0,52.59999847,22.64999962,12041.0,7.84999990463257,7.84999990463257,0.0,2.16000008583069,1.0900000333786,4.6100001335144,0.0,28.0,28.0,243.0,763.0,1886.0
1503960366,2016-03-30,74.35,411.0,52.59999847,22.64999962,10970.0,7.15999984741211,7.15999984741211,0.0,2.35999989509583,0.509999990463257,4.28999996185303,0.0,30.0,13.0,223.0,1174.0,1820.0
1503960366,2016-03-31,71.8,365.0,52.59999847,22.64999962,12256.0,7.8600001335144,7.8600001335144,0.0,2.28999996185303,0.490000009536743,5.03999996185303,0.0,33.0,12.0,239.0,820.0,1889.0
1503960366,2016-04-01,74.07,333.0,52.59999847,22.64999962,12262.0,7.86999988555908,7.86999988555908,0.0,3.3199999332428,0.829999983310699,3.64000010490417,0.0,47.0,21.0,200.0,866.0,1868.0
1503960366,2016-04-02,74.35,591.0,52.59999847,22.64999962,11248.0,7.25,7.25,0.0,3.0,0.449999988079071,3.74000000953674,0.0,40.0,11.0,244.0,636.0,1843.0
1503960366,2016-04-03,71.41,480.0,52.59999847,22.64999962,10016.0,6.36999988555908,6.36999988555908,0.0,0.910000026226044,1.27999997138977,4.17999982833862,0.0,15.0,30.0,314.0,655.0,1850.0
1503960366,2016-04-04,70.88,392.0,52.59999847,22.64999962,14557.0,9.80000019073486,9.80000019073486,0.0,3.39000010490417,0.699999988079071,5.69000005722046,0.0,43.0,18.0,285.0,757.0,2030.0
1503960366,2016-04-05,75.68,343.0,52.59999847,22.64999962,14844.0,9.72999954223633,9.72999954223633,0.0,2.94000005722046,0.759999990463257,6.03999996185303,0.0,36.0,18.0,341.0,736.0,2083.0
1503960366,2016-04-05,72.345,408.0,53.29999924,22.96999931,14844.0,9.72999954223633,9.72999954223633,0.0,2.94000005722046,0.759999990463257,6.03999996185303,0.0,36.0,18.0,341.0,736.0,2083.0
1503960366,2016-04-06,71.36,343.0,52.59999847,22.64999962,11974.0,7.67000007629395,7.67000007629395,0.0,2.03999996185303,0.479999989271164,5.15000009536743,0.0,27.0,12.0,228.0,1173.0,1861.0
1503960366,2016-04-07,70.81,343.0,52.59999847,22.64999962,10198.0,6.44000005722046,6.44000005722046,0.0,1.20000004768372,0.790000021457672,4.44999980926514,0.0,17.0,20.0,195.0,1208.0,1755.0
1503960366,2016-04-08,71.7,343.0,52.59999847,22.64999962,12521.0,7.94000005722046,7.94000005722046,0.0,3.30999994277954,0.899999976158142,3.74000000953674,0.0,46.0,22.0,212.0,1160.0,1895.0
1503960366,2016-04-09,72.59,437.0,52.59999847,22.64999962,12432.0,8.10000038146973,8.10000038146973,0.0,2.58999991416931,0.589999973773956,4.92000007629395,0.0,32.0,15.0,248.0,738.0,1883.0
1503960366,2016-04-10,75.59,503.0,52.59999847,22.64999962,10057.0,6.98000001907349,6.98000001907349,0.0,4.0,0.490000009536743,2.48000001907349,0.0,44.0,13.0,168.0,737.0,1755.0
1503960366,2016-04-11,71.62,351.0,52.59999847,22.64999962,10990.0,7.26000022888184,7.26000022888184,0.0,2.03999996185303,0.569999992847443,4.65000009536743,0.0,26.0,14.0,216.0,855.0,1811.0
1503960366,2016-04-12,70.45,371.0,52.59999847,22.64999962,13386.0,8.640000000596046,8.640000000596046,0.0,1.87999999523163,0.550000011920929,6.1899999380111685,0.0,25.0,13.0,337.0,760.0,2035.0
1503960366,2016-04-13,70.1,442.0,52.59999847,22.64999962,10735.0,6.96999979019165,6.96999979019165,0.0,1.57000005245209,0.689999997615814,4.71000003814697,0.0,21.0,19.0,217.0,776.0,1797.0
1503960366,2016-04-14,70.98,442.0,52.59999847,22.64999962,10460.0,6.73999977111816,6.73999977111816,0.0,2.44000005722046,0.400000005960464,3.91000008583069,0.0,30.0,11.0,181.0,1218.0,1776.0
1503960366,2016-04-15,72.1,480.0,52.59999847,22.64999962,9762.0,6.28000020980835,6.28000020980835,0.0,2.14000010490417,1.25999999046326,2.82999992370605,0.0,29.0,34.0,209.0,726.0,1745.0
1503960366,2016-04-16,72.72,436.0,52.59999847,22.64999962,12669.0,8.15999984741211,8.15999984741211,0.0,2.71000003814697,0.409999996423721,5.03999996185303,0.0,36.0,10.0,221.0,773.0,1863.0
1503960366,2016-04-17,74.79,690.0,52.59999847,22.64999962,9705.0,6.48000001907349,6.48000001907349,0.0,3.19000005722046,0.779999971389771,2.50999999046326,0.0,38.0,20.0,164.0,539.0,1728.0
1503960366,2016-04-18,71.51,690.0,52.59999847,22.64999962,13019.0,8.59000015258789,8.59000015258789,0.0,3.25,0.639999985694885,4.71000003814697,0.0,42.0,16.0,233.0,1149.0,1921.0
1503960366,2016-04-19,72.41,336.0,52.59999847,22.64999962,15506.0,9.88000011444092,9.88000011444092,0.0,3.52999997138977,1.32000005245209,5.03000020980835,0.0,50.0,31.0,264.0,775.0,2035.0
1503960366,2016-04-20,71.12,397.0,52.59999847,22.64999962,10544.0,6.67999982833862,6.67999982833862,0.0,1.96000003814697,0.479999989271164,4.23999977111816,0.0,28.0,12.0,205.0,818.0,1786.0
1503960366,2016-04-21,69.85,406.0,52.59999847,22.64999962,9819.0,6.34000015258789,6.34000015258789,0.0,1.3400000333786,0.349999994039536,4.65000009536743,0.0,19.0,8.0,211.0,838.0,1775.0
1503960366,2016-04-22,73.41,406.0,52.59999847,22.64999962,12764.0,8.13000011444092,8.13000011444092,0.0,4.76000022888184,1.12000000476837,2.24000000953674,0.0,66.0,27.0,130.0,1217.0,1827.0
1503960366,2016-04-23,72.42,408.0,52.59999847,22.64999962,14371.0,9.03999996185303,9.03999996185303,0.0,2.80999994277954,0.870000004768372,5.3600001335144,0.0,41.0,21.0,262.0,732.0,1949.0
1503960366,2016-04-24,71.33,468.0,52.59999847,22.64999962,10039.0,6.40999984741211,6.40999984741211,0.0,2.92000007629395,0.209999993443489,3.27999997138977,0.0,39.0,5.0,238.0,709.0,1788.0
1503960366,2016-04-25,71.14,375.0,52.59999847,22.64999962,15355.0,9.80000019073486,9.80000019073486,0.0,5.28999996185303,0.569999992847443,3.94000005722046,0.0,73.0,14.0,216.0,814.0,2013.0
1503960366,2016-04-26,73.64,306.0,52.59999847,22.64999962,13755.0,8.78999996185303,8.78999996185303,0.0,2.32999992370605,0.920000016689301,5.53999996185303,0.0,31.0,23.0,279.0,833.0,1970.0
1503960366,2016-04-27,69.77,306.0,52.59999847,22.64999962,18134.0,12.210000038147,12.210000038147,0.0,6.40000009536743,0.409999996423721,5.40999984741211,0.0,78.0,11.0,243.0,1108.0,2159.0
1503960366,2016-04-28,74.01,421.0,52.59999847,22.64999962,13154.0,8.52999973297119,8.52999973297119,0.0,3.53999996185303,1.1599999666214,3.78999996185303,0.0,48.0,28.0,189.0,782.0,1898.0
1503960366,2016-04-29,71.28,367.0,52.59999847,22.64999962,11181.0,7.15000009536743,7.15000009536743,0.0,1.05999994277954,0.5,5.57999992370605,0.0,16.0,12.0,243.0,815.0,1837.0
1503960366,2016-04-30,72.01,447.0,52.59999847,22.64999962,14673.0,9.25,9.25,0.0,3.55999994277954,1.41999995708466,4.26999998092651,0.0,52.0,34.0,217.0,712.0,1947.0
1503960366,2016-05-01,75.07,428.0,52.59999847,22.64999962,10602.0,6.80999994277954,6.80999994277954,0.0,2.28999996185303,1.60000002384186,2.92000007629395,0.0,33.0,35.0,246.0,730.0,1820.0
1503960366,2016-05-02,75.29,347.0,52.59999847,22.64999962,14727.0,9.71000003814697,9.71000003814697,0.0,3.21000003814697,0.569999992847443,5.92000007629395,0.0,41.0,15.0,277.0,798.0,2004.0
1503960366,2016-05-02,72.345,408.0,52.59999847,22.64999962,14727.0,9.71000003814697,9.71000003814697,0.0,3.21000003814697,0.569999992847443,5.92000007629395,0.0,41.0,15.0,277.0,798.0,2004.0
1503960366,2016-05-03,71.25,322.0,52.59999847,22.64999962,15103.0,9.65999984741211,9.65999984741211,0.0,3.73000001907349,1.04999995231628,4.88000011444092,0.0,50.0,24.0,254.0,816.0,1990.0
1503960366,2016-05-03,72.345,408.0,52.59999847,22.64999962,15103.0,9.65999984741211,9.65999984741211,0.0,3.73000001907349,1.04999995231628,4.88000011444092,0.0,50.0,24.0,254.0,816.0,1990.0
1503960366,2016-05-04,72.32,322.0,52.59999847,22.64999962,11100.0,7.15000009536743,7.15000009536743,0.0,2.46000003814697,0.870000004768372,3.8199999332428,0.0,36.0,22.0,203.0,1179.0,1819.0
1503960366,2016-05-05,72.17,282.0,52.59999847,22.64999962,14070.0,8.89999961853027,8.89999961853027,0.0,2.92000007629395,1.08000004291534,4.88000011444092,0.0,45.0,24.0,250.0,857.0,1959.0
1503960366,2016-05-06,71.55,402.0,52.59999847,22.64999962,12159.0,8.02999973297119,8.02999973297119,0.0,1.97000002861023,0.25,5.80999994277954,0.0,24.0,6.0,289.0,754.0,1896.0
1503960366,2016-05-07,73.71,369.0,52.59999847,22.64999962,11992.0,7.71000003814697,7.71000003814697,0.0,2.46000003814697,2.11999988555908,3.13000011444092,0.0,37.0,46.0,175.0,833.0,1821.0
1503960366,2016-05-08,75.17,629.0,52.59999847,22.64999962,10060.0,6.57999992370605,6.57999992370605,0.0,3.52999997138977,0.319999992847443,2.73000001907349,0.0,44.0,8.0,203.0,574.0,1740.0
1503960366,2016-05-09,72.37,346.0,52.59999847,22.64999962,12022.0,7.71999979019165,7.71999979019165,0.0,3.45000004768372,0.529999971389771,3.74000000953674,0.0,46.0,11.0,206.0,835.0,1819.0
1503960366,2016-05-10,73.55,424.0,52.59999847,22.64999962,12207.0,7.76999998092651,7.76999998092651,0.0,3.34999990463257,1.1599999666214,3.25999999046326,0.0,46.0,31.0,214.0,746.0,1859.0
1503960366,2016-05-11,71.46,327.0,52.59999847,22.64999962,12770.0,8.13000011444092,8.13000011444092,0.0,2.55999994277954,1.00999999046326,4.55000019073486,0.0,36.0,23.0,251.0,669.0,1783.0
1503960366,2016-05-12,72.41,327.0,52.59999847,22.64999962,0.0,0.0,0.0,0.0,0.0,0.0,0.0,0.0,0.0,0.0,0.0,1440.0,0.0
1624580081,2016-03-12,83.42,,75.59999847,25.76000023,3134.0,2.03999996185303,2.03999996185303,0.0,0.0,0.0,1.89999997615814,0.0,0.0,0.0,143.0,1292.0,1411.0
1624580081,2016-03-13,84.6,,75.59999847,25.76000023,3134.0,2.03999996185303,2.03999996185303,0.0,0.0,0.0,1.89999997615814,0.0,0.0,0.0,143.0,1292.0,1411.0
1624580081,2016-03-14,86.36,,75.59999847,25.76000023,3134.0,2.03999996185303,2.03999996185303,0.0,0.0,0.0,1.89999997615814,0.0,0.0,0.0,143.0,1292.0,1411.0
1624580081,2016-03-15,81.48,,75.59999847,25.76000023,3134.0,2.03999996185303,2.03999996185303,0.0,0.0,0.0,1.89999997615814,0.0,0.0,0.0,143.0,1292.0,1411.0
1624580081,2016-03-16,82.52,,75.59999847,25.76000023,3134.0,2.03999996185303,2.03999996185303,0.0,0.0,0.0,1.89999997615814,0.0,0.0,0.0,143.0,1292.0,1411.0
1624580081,2016-03-17,86.32,,75.59999847,25.76000023,3134.0,2.03999996185303,2.03999996185303,0.0,0.0,0.0,1.89999997615814,0.0,0.0,0.0,143.0,1292.0,1411.0
1624580081,2016-03-18,81.18,,75.59999847,25.76000023,3134.0,2.03999996185303,2.03999996185303,0.0,0.0,0.0,1.89999997615814,0.0,0.0,0.0,143.0,1292.0,1411.0
1624580081,2016-03-19,85.28,,75.59999847,25.76000023,3134.0,2.03999996185303,2.03999996185303,0.0,0.0,0.0,1.89999997615814,0.0,0.0,0.0,143.0,1292.0,1411.0
1624580081,2016-03-20,86.55,,75.59999847,25.76000023,3134.0,2.03999996185303,2.03999996185303,0.0,0.0,0.0,1.89999997615814,0.0,0.0,0.0,143.0,1292.0,1411.0
1624580081,2016-03-21,84.2,,75.59999847,25.76000023,3134.0,2.03999996185303,2.03999996185303,0.0,0.0,0.0,1.89999997615814,0.0,0.0,0.0,143.0,1292.0,1411.0
1624580081,2016-03-22,81.43,,75.59999847,25.76000023,3134.0,2.03999996185303,2.03999996185303,0.0,0.0,0.0,1.89999997615814,0.0,0.0,0.0,143.0,1292.0,1411.0
1624580081,2016-03-23,85.88,,75.59999847,25.76000023,3134.0,2.03999996185303,2.03999996185303,0.0,0.0,0.0,1.89999997615814,0.0,0.0,0.0,143.0,1292.0,1411.0
1624580081,2016-03-24,85.73,,75.59999847,25.76000023,3134.0,2.03999996185303,2.03999996185303,0.0,0.0,0.0,1.89999997615814,0.0,0.0,0.0,143.0,1292.0,1411.0
1624580081,2016-03-25,85.06,,75.59999847,25.76000023,1810.0,1.17999994754791,1.17999994754791,0.0,0.0,0.0,1.12999999523163,0.0099999997764825,0.0,0.0,121.0,1319.0,1373.0
1624580081,2016-03-26,83.55,,75.59999847,25.76000023,815.0,0.529999971389771,0.529999971389771,0.0,0.0,0.0,0.529999971389771,0.0,0.0,0.0,47.0,1393.0,1264.0
1624580081,2016-03-27,81.32,,75.59999847,25.76000023,1985.0,1.28999996185303,1.28999996185303,0.0,0.0,0.0,1.27999997138977,0.0099999997764825,0.0,0.0,112.0,1328.0,1350.0
1624580081,2016-03-28,83.79,,75.59999847,25.76000023,1905.0,1.24000000953674,1.24000000953674,0.0,0.0,0.0,1.24000000953674,0.0,0.0,0.0,95.0,1345.0,1342.0
1624580081,2016-03-29,85.34,,75.59999847,25.76000023,1552.0,1.00999999046326,1.00999999046326,0.0,0.0,0.0,1.0,0.0,0.0,0.0,66.0,1374.0,1300.0
1624580081,2016-03-30,85.33,,75.59999847,25.76000023,1675.0,1.0900000333786,1.0900000333786,0.0,0.0,0.0,1.0900000333786,0.0,0.0,0.0,84.0,1356.0,1313.0
1624580081,2016-03-31,86.37,,75.59999847,25.76000023,4506.0,2.9300000667572,2.9300000667572,0.0,0.509999990463257,0.270000010728836,2.15000009536743,0.0099999997764825,7.0,4.0,144.0,1285.0,1498.0
1624580081,2016-04-01,84.86,,75.59999847,25.76000023,9218.0,5.98999977111816,5.98999977111816,0.0,0.0,0.0,5.96999979019165,0.0099999997764825,0.0,0.0,221.0,1219.0,1541.0
1624580081,2016-04-02,83.38,,75.59999847,25.76000023,1556.0,1.00999999046326,1.00999999046326,0.0,0.0,0.0,1.00999999046326,0.0099999997764825,0.0,0.0,88.0,1352.0,1327.0
1624580081,2016-04-03,80.97,,75.59999847,25.76000023,2910.0,1.88999998569489,1.88999998569489,0.0,0.0,0.0,1.87999999523163,0.0099999997764825,0.0,0.0,157.0,1283.0,1452.0
1624580081,2016-04-04,80.97,,75.59999847,25.76000023,18464.0,12.0,12.0,0.0,0.0,0.0,12.0,0.0,0.0,0.0,270.0,1170.0,1574.0
1624580081,2016-04-05,85.1,,75.59999847,25.76000023,1335.0,0.870000004768372,0.870000004768372,0.0,0.0,0.0,0.870000004768372,0.0,0.0,0.0,74.0,1366.0,1308.0
1624580081,2016-04-06,84.42,,75.59999847,25.76000023,1004.0,0.649999976158142,0.649999976158142,0.0,0.0,0.0,0.649999976158142,0.0,0.0,0.0,55.0,1385.0,1276.0
1624580081,2016-04-07,80.84,,75.59999847,25.76000023,1111.0,0.720000028610229,0.720000028610229,0.0,0.0,0.0,0.720000028610229,0.0,0.0,0.0,54.0,1386.0,1278.0
1624580081,2016-04-08,82.15,,75.59999847,25.76000023,6344.0,4.11999988555908,4.11999988555908,0.0,0.0,0.0,4.09999990463257,0.0,0.0,0.0,143.0,1297.0,1409.0
1624580081,2016-04-09,83.02,,75.59999847,25.76000023,3572.0,2.3199999332428,2.3199999332428,0.0,0.0,0.0,2.28999996185303,0.0299999993294477,0.0,0.0,122.0,1318.0,1370.0
1624580081,2016-04-10,81.45,,75.59999847,25.76000023,3910.0,2.53999996185303,2.53999996185303,0.0,0.469999998807907,0.25,1.80999994277954,0.0099999997764825,7.0,7.0,186.0,1240.0,1555.0
1624580081,2016-04-11,84.51,,75.59999847,25.76000023,10000.0,6.5,6.5,0.0,0.0,0.0,6.5,0.0,0.0,0.0,172.0,1268.0,1469.0
1624580081,2016-04-12,86.4,,75.59999847,25.76000023,14790.0,9.61999988555908,9.61999988555908,0.0,0.0,0.0,9.61999988555908,0.0,0.0,0.0,235.0,1898.0,2138.0
1624580081,2016-04-13,84.51,,75.59999847,25.76000023,7007.0,4.55000019073486,4.55000019073486,0.0,0.0,0.0,4.55000019073486,0.0,0.0,0.0,148.0,1292.0,1411.0
1624580081,2016-04-14,81.76,,75.59999847,25.76000023,9107.0,5.92000007629395,5.92000007629395,0.0,0.0,0.0,5.90999984741211,0.0099999997764825,0.0,0.0,236.0,1204.0,1572.0
1624580081,2016-04-15,86.43,,75.59999847,25.76000023,1510.0,0.980000019073486,0.980000019073486,0.0,0.0,0.0,0.970000028610229,0.0,0.0,0.0,96.0,1344.0,1344.0
1624580081,2016-04-16,84.23,,75.59999847,25.76000023,5370.0,3.49000000953674,3.49000000953674,0.0,0.0,0.0,3.49000000953674,0.0,0.0,0.0,176.0,1264.0,1463.0
1624580081,2016-04-17,82.78,,75.59999847,25.76000023,6175.0,4.05999994277954,4.05999994277954,0.0,1.02999997138977,1.51999998092651,1.49000000953674,0.0099999997764825,15.0,22.0,127.0,1276.0,1554.0
1624580081,2016-04-18,80.71,,75.59999847,25.76000023,10536.0,7.40999984741211,7.40999984741211,0.0,2.15000009536743,0.620000004768372,4.61999988555908,0.0099999997764825,17.0,7.0,202.0,1214.0,1604.0
1624580081,2016-04-19,85.15,,75.59999847,25.76000023,2916.0,1.89999997615814,1.89999997615814,0.0,0.0,0.0,1.89999997615814,0.0,0.0,0.0,141.0,1299.0,1435.0
1624580081,2016-04-20,81.39,,75.59999847,25.76000023,4974.0,3.23000001907349,3.23000001907349,0.0,0.0,0.0,3.23000001907349,0.0,0.0,0.0,151.0,1289.0,1446.0
1624580081,2016-04-21,83.02,,75.59999847,25.76000023,6349.0,4.13000011444092,4.13000011444092,0.0,0.0,0.0,4.1100001335144,0.0199999995529652,0.0,0.0,186.0,1254.0,1467.0
1624580081,2016-04-22,83.77,,75.59999847,25.76000023,4026.0,2.61999988555908,2.61999988555908,0.0,0.0,0.0,2.59999990463257,0.0,0.0,0.0,199.0,1241.0,1470.0
1624580081,2016-04-23,81.4,,75.59999847,25.76000023,8538.0,5.55000019073486,5.55000019073486,0.0,0.0,0.0,5.53999996185303,0.0099999997764825,0.0,0.0,227.0,1213.0,1562.0
1624580081,2016-04-24,80.91,,75.59999847,25.76000023,6076.0,3.95000004768372,3.95000004768372,0.0,1.14999997615814,0.910000026226044,1.88999998569489,0.0,16.0,18.0,185.0,1221.0,1617.0
1624580081,2016-04-25,82.37,,75.59999847,25.76000023,6497.0,4.21999979019165,4.21999979019165,0.0,0.0,0.0,4.19999980926514,0.0199999995529652,0.0,0.0,202.0,1238.0,1492.0
1624580081,2016-04-26,85.2,,75.59999847,25.76000023,2826.0,1.8400000333786,1.8400000333786,0.0,0.0,0.0,1.83000004291534,0.0099999997764825,0.0,0.0,140.0,1300.0,1402.0
1624580081,2016-04-27,84.39,,75.59999847,25.76000023,8367.0,5.44000005722046,5.44000005722046,0.0,1.11000001430511,1.87000000476837,2.46000003814697,0.0,17.0,36.0,154.0,1233.0,1670.0
1624580081,2016-04-28,81.09,,75.59999847,25.76000023,2759.0,1.78999996185303,1.78999996185303,0.0,0.0,0.200000002980232,1.60000002384186,0.0,0.0,5.0,115.0,1320.0,1401.0
1624580081,2016-04-29,82.93,,75.59999847,25.76000023,2390.0,1.54999995231628,1.54999995231628,0.0,0.0,0.0,1.54999995231628,0.0,0.0,0.0,150.0,1290.0,1404.0
1624580081,2016-04-30,85.16,,75.59999847,25.76000023,6474.0,4.30000019073486,4.30000019073486,0.0,0.899999976158142,1.27999997138977,2.11999988555908,0.0099999997764825,11.0,23.0,224.0,1182.0,1655.0
1624580081,2016-05-01,85.08,,75.59999847,25.76000023,36019.0,28.0300006866455,28.0300006866455,0.0,21.9200000762939,4.19000005722046,1.9099999666214,0.0199999995529652,186.0,63.0,171.0,1020.0,2690.0
1624580081,2016-05-02,84.1,,75.59999847,25.76000023,7155.0,4.92999982833862,4.92999982833862,0.0,0.860000014305115,0.589999973773956,3.47000002861023,0.0,7.0,6.0,166.0,1261.0,1497.0
1624580081,2016-05-03,83.26,,75.59999847,25.76000023,2100.0,1.37000000476837,1.37000000476837,0.0,0.0,0.0,1.3400000333786,0.0199999995529652,0.0,0.0,96.0,1344.0,1334.0
1624580081,2016-05-04,83.66,,75.59999847,25.76000023,2193.0,1.42999994754791,1.42999994754791,0.0,0.0,0.0,1.41999995708466,0.0,0.0,0.0,118.0,1322.0,1368.0
1624580081,2016-05-05,85.12,,75.59999847,25.76000023,2470.0,1.61000001430511,1.61000001430511,0.0,0.0,0.0,1.58000004291534,0.0199999995529652,0.0,0.0,117.0,1323.0,1370.0
1624580081,2016-05-06,82.56,,75.59999847,25.76000023,1727.0,1.12000000476837,1.12000000476837,0.0,0.0,0.0,1.12000000476837,0.0099999997764825,0.0,0.0,102.0,1338.0,1341.0
1624580081,2016-05-07,85.87,,75.59999847,25.76000023,2104.0,1.37000000476837,1.37000000476837,0.0,0.0,0.0,1.37000000476837,0.0,0.0,0.0,182.0,1258.0,1474.0
1624580081,2016-05-08,82.6,,75.59999847,25.76000023,3427.0,2.23000001907349,2.23000001907349,0.0,0.0,0.0,2.22000002861023,0.0,0.0,0.0,152.0,1288.0,1427.0
1624580081,2016-05-09,85.41,,75.59999847,25.76000023,1732.0,1.12999999523163,1.12999999523163,0.0,0.0,0.0,1.12999999523163,0.0,0.0,0.0,91.0,1349.0,1328.0
1624580081,2016-05-10,86.0,,75.59999847,25.76000023,2969.0,1.92999994754791,1.92999994754791,0.0,0.0,0.0,1.91999995708466,0.0099999997764825,0.0,0.0,139.0,1301.0,1393.0
1624580081,2016-05-11,83.55,,75.59999847,25.76000023,3134.0,2.03999996185303,2.03999996185303,0.0,0.0,0.0,2.03999996185303,0.0,0.0,0.0,112.0,1328.0,1359.0
1624580081,2016-05-12,83.18,,75.59999847,25.76000023,2971.0,1.92999994754791,1.92999994754791,0.0,0.0,0.0,1.91999995708466,0.0099999997764825,0.0,0.0,107.0,890.0,1002.0
1644430081,2016-03-11,83.485,638.0,75.59999847,25.76000023,7487.0,5.4449999332428,5.4449999332428,0.0,0.35000000894069705,0.7749999761581425,3.3400000333786046,0.0,5.0,16.0,165.5,1161.0,2926.5
1644430081,2016-03-12,84.67,638.0,75.59999847,25.76000023,7487.0,5.4449999332428,5.4449999332428,0.0,0.35000000894069705,0.7749999761581425,3.3400000333786046,0.0,5.0,16.0,165.5,1161.0,2926.5
1644430081,2016-03-13,80.58,638.0,75.59999847,25.76000023,7487.0,5.4449999332428,5.4449999332428,0.0,0.35000000894069705,0.7749999761581425,3.3400000333786046,0.0,5.0,16.0,165.5,1161.0,2926.5
1644430081,2016-03-14,84.92,638.0,75.59999847,25.76000023,7487.0,5.4449999332428,5.4449999332428,0.0,0.35000000894069705,0.7749999761581425,3.3400000333786046,0.0,5.0,16.0,165.5,1161.0,2926.5
1644430081,2016-03-15,84.08,638.0,75.59999847,25.76000023,7487.0,5.4449999332428,5.4449999332428,0.0,0.35000000894069705,0.7749999761581425,3.3400000333786046,0.0,5.0,16.0,165.5,1161.0,2926.5
1644430081,2016-03-16,81.93,638.0,75.59999847,25.76000023,7487.0,5.4449999332428,5.4449999332428,0.0,0.35000000894069705,0.7749999761581425,3.3400000333786046,0.0,5.0,16.0,165.5,1161.0,2926.5
1644430081,2016-03-17,84.63,638.0,75.59999847,25.76000023,7487.0,5.4449999332428,5.4449999332428,0.0,0.35000000894069705,0.7749999761581425,3.3400000333786046,0.0,5.0,16.0,165.5,1161.0,2926.5
1644430081,2016-03-18,85.54,638.0,75.59999847,25.76000023,7487.0,5.4449999332428,5.4449999332428,0.0,0.35000000894069705,0.7749999761581425,3.3400000333786046,0.0,5.0,16.0,165.5,1161.0,2926.5
1644430081,2016-03-19,84.25,638.0,75.59999847,25.76000023,7487.0,5.4449999332428,5.4449999332428,0.0,0.35000000894069705,0.7749999761581425,3.3400000333786046,0.0,5.0,16.0,165.5,1161.0,2926.5
1644430081,2016-03-20,85.73,638.0,75.59999847,25.76000023,7487.0,5.4449999332428,5.4449999332428,0.0,0.35000000894069705,0.7749999761581425,3.3400000333786046,0.0,5.0,16.0,165.5,1161.0,2926.5
1644430081,2016-03-21,83.55,638.0,75.59999847,25.76000023,7487.0,5.4449999332428,5.4449999332428,0.0,0.35000000894069705,0.7749999761581425,3.3400000333786046,0.0,5.0,16.0,165.5,1161.0,2926.5
1644430081,2016-03-22,82.29,638.0,75.59999847,25.76000023,7487.0,5.4449999332428,5.4449999332428,0.0,0.35000000894069705,0.7749999761581425,3.3400000333786046,0.0,5.0,16.0,165.5,1161.0,2926.5
1644430081,2016-03-23,81.58,638.0,75.59999847,25.76000023,7487.0,5.4449999332428,5.4449999332428,0.0,0.35000000894069705,0.7749999761581425,3.3400000333786046,0.0,5.0,16.0,165.5,1161.0,2926.5
1644430081,2016-03-24,84.08,638.0,75.59999847,25.76000023,7487.0,5.4449999332428,5.4449999332428,0.0,0.35000000894069705,0.7749999761581425,3.3400000333786046,0.0,5.0,16.0,165.5,1161.0,2926.5
1644430081,2016-03-25,82.22,638.0,75.59999847,25.76000023,7487.0,5.4449999332428,5.4449999332428,0.0,0.35000000894069705,0.7749999761581425,3.3400000333786046,0.0,5.0,16.0,165.5,1161.0,2926.5
1644430081,2016-03-26,82.23,638.0,75.59999847,25.76000023,7487.0,5.4449999332428,5.4449999332428,0.0,0.35000000894069705,0.7749999761581425,3.3400000333786046,0.0,5.0,16.0,165.5,1161.0,2926.5
1644430081,2016-03-27,82.29,638.0,75.59999847,25.76000023,7487.0,5.4449999332428,5.4449999332428,0.0,0.35000000894069705,0.7749999761581425,3.3400000333786046,0.0,5.0,16.0,165.5,1161.0,2926.5
1644430081,2016-03-28,84.74,466.0,75.59999847,25.76000023,7487.0,5.4449999332428,5.4449999332428,0.0,0.35000000894069705,0.7749999761581425,3.3400000333786046,0.0,5.0,16.0,165.5,1161.0,2926.5
1644430081,2016-03-29,81.95,215.0,75.59999847,25.76000023,7487.0,5.4449999332428,5.4449999332428,0.0,0.35000000894069705,0.7749999761581425,3.3400000333786046,0.0,5.0,16.0,165.5,1161.0,2926.5
1644430081,2016-03-30,82.07,1201.0,75.59999847,25.76000023,7487.0,5.4449999332428,5.4449999332428,0.0,0.35000000894069705,0.7749999761581425,3.3400000333786046,0.0,5.0,16.0,165.5,1161.0,2926.5
1644430081,2016-03-31,81.85,1201.0,75.59999847,25.76000023,7487.0,5.4449999332428,5.4449999332428,0.0,0.35000000894069705,0.7749999761581425,3.3400000333786046,0.0,5.0,16.0,165.5,1161.0,2926.5
1644430081,2016-04-01,86.28,1201.0,75.59999847,25.76000023,4636.0,3.41000008583069,3.41000008583069,0.0,0.0,0.779999971389771,2.59999990463257,0.0299999993294477,0.0,16.0,586.0,838.0,3323.0
1644430081,2016-04-02,84.12,1201.0,75.59999847,25.76000023,20237.0,14.710000038147,14.710000038147,0.0,2.5699999332428,6.40000009536743,5.73000001907349,0.0099999997764825,34.0,141.0,347.0,918.0,4029.0
1644430081,2016-04-03,85.01,1201.0,75.59999847,25.76000023,12912.0,9.40999984741211,9.40999984741211,0.0,4.82999992370605,0.769999980926514,3.78999996185303,0.0299999993294477,59.0,16.0,283.0,1082.0,3436.0
1644430081,2016-04-04,80.55,1201.0,75.59999847,25.76000023,2819.0,2.04999995231628,2.04999995231628,0.0,0.310000002384186,0.170000001788139,1.55999994277954,0.0099999997764825,4.0,4.0,87.0,1345.0,2444.0
1644430081,2016-04-05,82.92,1201.0,75.59999847,25.76000023,9921.0,7.21000003814697,7.21000003814697,0.0,0.340000003576279,1.51999998092651,5.3600001335144,0.0,5.0,35.0,219.0,1181.0,3098.0
1644430081,2016-04-06,84.29,1201.0,75.59999847,25.76000023,8046.0,5.84999990463257,5.84999990463257,0.0,1.28999996185303,2.11999988555908,2.45000004768372,0.0,18.0,41.0,137.0,1244.0,2925.0
1644430081,2016-04-07,82.98,1201.0,75.59999847,25.76000023,11166.0,8.11999988555908,8.11999988555908,0.0,0.209999993443489,2.41000008583069,5.5,0.0,3.0,58.0,230.0,1149.0,3202.0
1644430081,2016-04-08,81.87,1201.0,75.59999847,25.76000023,7842.0,5.69999980926514,5.69999980926514,0.0,0.479999989271164,2.41000008583069,2.80999994277954,0.0,7.0,43.0,161.0,1229.0,2928.0
1644430081,2016-04-09,81.55,1201.0,75.59999847,25.76000023,13840.0,10.0600004196167,10.0600004196167,0.0,1.30999994277954,3.72000002861023,5.03000020980835,0.0,18.0,81.0,192.0,1149.0,3290.0
1644430081,2016-04-10,84.23,1201.0,75.59999847,25.76000023,1329.0,0.970000028610229,0.970000028610229,0.0,0.0,0.0,0.970000028610229,0.0,0.0,0.0,35.0,207.0,489.0
1644430081,2016-04-11,80.97,1201.0,75.59999847,25.76000023,7487.0,5.4449999332428,5.4449999332428,0.0,0.35000000894069705,0.7749999761581425,3.3400000333786046,0.0,5.0,16.0,165.5,1161.0,2926.5
1644430081,2016-04-12,81.9,1201.0,75.59999847,25.76000023,10694.0,7.76999998092651,7.76999998092651,0.0,0.140000000596046,2.29999995231628,5.32999992370605,0.0,2.0,51.0,256.0,1131.0,3199.0
1644430081,2016-04-13,85.43,1201.0,75.59999847,25.76000023,8001.0,5.82000017166138,5.82000017166138,0.0,2.27999997138977,0.899999976158142,2.64000010490417,0.0,30.0,16.0,135.0,1259.0,2902.0
1644430081,2016-04-14,83.26,1201.0,75.59999847,25.76000023,11037.0,8.02000045776367,8.02000045776367,0.0,0.360000014305115,2.55999994277954,5.09999990463257,0.0,5.0,58.0,252.0,1125.0,3226.0
1644430081,2016-04-15,83.44,1201.0,75.59999847,25.76000023,5263.0,3.82999992370605,3.82999992370605,0.0,0.219999998807907,0.150000005960464,3.45000004768372,0.0,3.0,4.0,170.0,1263.0,2750.0
1644430081,2016-04-16,85.49,1201.0,75.59999847,25.76000023,15300.0,11.1199998855591,11.1199998855591,0.0,4.09999990463257,1.87999999523163,5.09000015258789,0.0,51.0,42.0,212.0,1135.0,3493.0
1644430081,2016-04-17,86.02,1201.0,75.59999847,25.76000023,8757.0,6.36999988555908,6.36999988555908,0.0,2.25,0.569999992847443,3.54999995231628,0.0,29.0,13.0,186.0,1212.0,3011.0
1644430081,2016-04-18,84.71,1201.0,75.59999847,25.76000023,7132.0,5.19000005722046,5.19000005722046,0.0,1.07000005245209,1.66999995708466,2.45000004768372,0.0,15.0,33.0,121.0,1271.0,2806.0
1644430081,2016-04-19,84.53,1201.0,75.59999847,25.76000023,11256.0,8.18000030517578,8.18000030517578,0.0,0.360000014305115,2.52999997138977,5.30000019073486,0.0,5.0,58.0,278.0,1099.0,3300.0
1644430081,2016-04-20,82.89,1201.0,75.59999847,25.76000023,2436.0,1.76999998092651,1.76999998092651,0.0,0.0,0.0,1.75999999046326,0.0099999997764825,0.0,0.0,125.0,1315.0,2430.0
1644430081,2016-04-21,83.53,1201.0,75.59999847,25.76000023,1223.0,0.889999985694885,0.889999985694885,0.0,0.0,0.0,0.879999995231628,0.0099999997764825,0.0,0.0,38.0,1402.0,2140.0
1644430081,2016-04-22,84.7,1201.0,75.59999847,25.76000023,3673.0,2.67000007629395,2.67000007629395,0.0,0.0,0.0,2.66000008583069,0.0099999997764825,0.0,0.0,86.0,1354.0,2344.0
1644430081,2016-04-23,85.36,1201.0,75.59999847,25.76000023,6637.0,4.82999992370605,4.82999992370605,0.0,0.0,0.579999983310699,4.25,0.0,0.0,15.0,160.0,1265.0,2677.0
1644430081,2016-04-24,83.14,1201.0,75.59999847,25.76000023,3321.0,2.41000008583069,2.41000008583069,0.0,0.0,0.0,2.41000008583069,0.0,0.0,0.0,89.0,1351.0,2413.0
1644430081,2016-04-25,82.42,1201.0,75.59999847,25.76000023,3580.0,2.59999990463257,2.59999990463257,0.0,0.589999973773956,0.0599999986588955,1.95000004768372,0.0,8.0,1.0,94.0,1337.0,2497.0
1644430081,2016-04-26,81.39,1201.0,75.59999847,25.76000023,9919.0,7.21000003814697,7.21000003814697,0.0,0.800000011920929,1.72000002861023,4.69000005722046,0.0,11.0,41.0,223.0,1165.0,3123.0
1644430081,2016-04-27,83.62,1201.0,75.59999847,25.76000023,3032.0,2.20000004768372,2.20000004768372,0.0,0.0,0.0,2.20000004768372,0.0,0.0,0.0,118.0,1322.0,2489.0
1644430081,2016-04-28,84.59,1201.0,75.59999847,25.76000023,9405.0,6.84000015258789,6.84000015258789,0.0,0.200000002980232,2.3199999332428,4.30999994277954,0.0,3.0,53.0,227.0,1157.0,3108.0
1644430081,2016-04-29,81.01,135.0,75.59999847,25.76000023,3176.0,2.30999994277954,2.30999994277954,0.0,0.0,0.0,2.30999994277954,0.0,0.0,0.0,120.0,1193.0,2498.0
1644430081,2016-04-30,83.97,163.0,75.59999847,25.76000023,18213.0,13.2399997711182,13.2399997711182,0.0,0.629999995231628,3.14000010490417,9.46000003814697,0.0,9.0,71.0,402.0,816.0,3846.0
1644430081,2016-05-01,81.75,653.0,75.59999847,25.76000023,6132.0,4.46000003814697,4.46000003814697,0.0,0.239999994635582,0.990000009536743,3.23000001907349,0.0,3.0,24.0,146.0,908.0,2696.0
1644430081,2016-05-02,81.42,602.0,75.59999847,25.76000023,3758.0,2.73000001907349,2.73000001907349,0.0,0.0700000002980232,0.310000002384186,2.34999990463257,0.0,1.0,7.0,148.0,682.0,2580.0
1644430081,2016-05-03,84.04,602.0,75.59999847,25.76000023,12850.0,9.34000015258789,9.34000015258789,0.0,0.720000028610229,4.09000015258789,4.53999996185303,0.0,10.0,94.0,221.0,1115.0,3324.0
1644430081,2016-05-04,84.25,602.0,75.59999847,25.76000023,2309.0,1.67999994754791,1.67999994754791,0.0,0.0,0.0,1.6599999666214,0.0199999995529652,0.0,0.0,52.0,1388.0,2222.0
1644430081,2016-05-05,80.81,602.0,75.59999847,25.76000023,4363.0,3.19000005722046,3.19000005722046,0.0,0.519999980926514,0.540000021457672,2.13000011444092,0.0099999997764825,6.0,12.0,81.0,1341.0,2463.0
1644430081,2016-05-06,84.86,602.0,75.59999847,25.76000023,9787.0,7.11999988555908,7.11999988555908,0.0,0.819999992847443,0.270000010728836,6.01000022888184,0.0199999995529652,11.0,6.0,369.0,1054.0,3328.0
1644430081,2016-05-07,85.43,602.0,75.59999847,25.76000023,13372.0,9.72000026702881,9.72000026702881,0.0,3.25999999046326,0.790000021457672,5.67000007629395,0.0099999997764825,41.0,17.0,243.0,1139.0,3404.0
1644430081,2016-05-08,82.23,174.0,75.59999847,25.76000023,6724.0,4.8899998664856,4.8899998664856,0.0,0.0,0.0,4.88000011444092,0.0,0.0,0.0,295.0,991.0,2987.0
1644430081,2016-05-09,84.69,174.0,75.59999847,25.76000023,6643.0,4.82999992370605,4.82999992370605,0.0,2.39000010490417,0.349999994039536,2.08999991416931,0.0099999997764825,32.0,6.0,303.0,1099.0,3008.0
1644430081,2016-05-10,81.95,174.0,75.59999847,25.76000023,9167.0,6.65999984741211,6.65999984741211,0.0,0.879999995231628,0.810000002384186,4.96999979019165,0.0099999997764825,12.0,19.0,155.0,1254.0,2799.0
1644430081,2016-05-11,82.95,174.0,75.59999847,25.76000023,1329.0,0.970000028610229,0.970000028610229,0.0,0.0,0.0,0.949999988079071,0.0099999997764825,0.0,0.0,49.0,713.0,1276.0
1644430081,2016-05-12,83.06,174.0,75.59999847,25.76000023,7487.0,5.4449999332428,5.4449999332428,0.0,0.35000000894069705,0.7749999761581425,3.3400000333786046,0.0,5.0,16.0,165.5,1161.0,2926.5
1844505072,2016-03-11,81.245,232.0,75.59999847,25.76000023,3127.5,2.069999992847445,2.069999992847445,0.0,0.0,0.0,2.069999992847445,0.0,0.0,0.0,137.5,1243.5,1640.5
1844505072,2016-03-12,78.83,232.0,75.59999847,25.76000023,3127.5,2.069999992847445,2.069999992847445,0.0,0.0,0.0,2.069999992847445,0.0,0.0,0.0,137.5,1243.5,1640.5
1844505072,2016-03-13,79.61,232.0,75.59999847,25.76000023,3127.5,2.069999992847445,2.069999992847445,0.0,0.0,0.0,2.069999992847445,0.0,0.0,0.0,137.5,1243.5,1640.5
1844505072,2016-03-14,83.42,232.0,75.59999847,25.76000023,3127.5,2.069999992847445,2.069999992847445,0.0,0.0,0.0,2.069999992847445,0.0,0.0,0.0,137.5,1243.5,1640.5
1844505072,2016-03-15,84.08,232.0,75.59999847,25.76000023,3127.5,2.069999992847445,2.069999992847445,0.0,0.0,0.0,2.069999992847445,0.0,0.0,0.0,137.5,1243.5,1640.5
1844505072,2016-03-16,79.62,232.0,75.59999847,25.76000023,3127.5,2.069999992847445,2.069999992847445,0.0,0.0,0.0,2.069999992847445,0.0,0.0,0.0,137.5,1243.5,1640.5
1844505072,2016-03-17,79.02,232.0,75.59999847,25.76000023,3127.5,2.069999992847445,2.069999992847445,0.0,0.0,0.0,2.069999992847445,0.0,0.0,0.0,137.5,1243.5,1640.5
1844505072,2016-03-18,79.63,232.0,75.59999847,25.76000023,3127.5,2.069999992847445,2.069999992847445,0.0,0.0,0.0,2.069999992847445,0.0,0.0,0.0,137.5,1243.5,1640.5
1844505072,2016-03-19,79.57,232.0,75.59999847,25.76000023,3127.5,2.069999992847445,2.069999992847445,0.0,0.0,0.0,2.069999992847445,0.0,0.0,0.0,137.5,1243.5,1640.5
1844505072,2016-03-20,83.2,232.0,75.59999847,25.76000023,3127.5,2.069999992847445,2.069999992847445,0.0,0.0,0.0,2.069999992847445,0.0,0.0,0.0,137.5,1243.5,1640.5
1844505072,2016-03-21,81.38,232.0,75.59999847,25.76000023,3127.5,2.069999992847445,2.069999992847445,0.0,0.0,0.0,2.069999992847445,0.0,0.0,0.0,137.5,1243.5,1640.5
1844505072,2016-03-22,79.4,232.0,75.59999847,25.76000023,3127.5,2.069999992847445,2.069999992847445,0.0,0.0,0.0,2.069999992847445,0.0,0.0,0.0,137.5,1243.5,1640.5
1844505072,2016-03-23,80.35,232.0,75.59999847,25.76000023,3127.5,2.069999992847445,2.069999992847445,0.0,0.0,0.0,2.069999992847445,0.0,0.0,0.0,137.5,1243.5,1640.5
1844505072,2016-03-24,83.59,232.0,75.59999847,25.76000023,3127.5,2.069999992847445,2.069999992847445,0.0,0.0,0.0,2.069999992847445,0.0,0.0,0.0,137.5,1243.5,1640.5
1844505072,2016-03-25,84.18,232.0,75.59999847,25.76000023,3127.5,2.069999992847445,2.069999992847445,0.0,0.0,0.0,2.069999992847445,0.0,0.0,0.0,137.5,1243.5,1640.5
1844505072,2016-03-26,79.84,232.0,75.59999847,25.76000023,3127.5,2.069999992847445,2.069999992847445,0.0,0.0,0.0,2.069999992847445,0.0,0.0,0.0,137.5,1243.5,1640.5
1844505072,2016-03-27,84.29,232.0,75.59999847,25.76000023,3127.5,2.069999992847445,2.069999992847445,0.0,0.0,0.0,2.069999992847445,0.0,0.0,0.0,137.5,1243.5,1640.5
1844505072,2016-03-28,81.63,232.0,75.59999847,25.76000023,3127.5,2.069999992847445,2.069999992847445,0.0,0.0,0.0,2.069999992847445,0.0,0.0,0.0,137.5,1243.5,1640.5
1844505072,2016-03-29,82.92,232.0,75.59999847,25.76000023,3127.5,2.069999992847445,2.069999992847445,0.0,0.0,0.0,2.069999992847445,0.0,0.0,0.0,137.5,1243.5,1640.5
1844505072,2016-03-30,81.89,232.0,75.59999847,25.76000023,3127.5,2.069999992847445,2.069999992847445,0.0,0.0,0.0,2.069999992847445,0.0,0.0,0.0,137.5,1243.5,1640.5
1844505072,2016-03-31,81.77,232.0,75.59999847,25.76000023,3127.5,2.069999992847445,2.069999992847445,0.0,0.0,0.0,2.069999992847445,0.0,0.0,0.0,137.5,1243.5,1640.5
1844505072,2016-04-01,80.08,232.0,75.59999847,25.76000023,6847.0,4.53000020980835,4.53000020980835,0.0,0.610000014305115,0.370000004768372,3.54999995231628,0.0,9.0,9.0,251.0,1171.0,1969.0
1844505072,2016-04-02,80.29,232.0,75.59999847,25.76000023,5367.0,3.54999995231628,3.54999995231628,0.0,0.0,0.0,3.54999995231628,0.0,0.0,0.0,263.0,1177.0,1889.0
1844505072,2016-04-03,83.84,232.0,75.59999847,25.76000023,2841.0,1.87999999523163,1.87999999523163,0.0,0.0,0.0,1.87999999523163,0.0,0.0,0.0,136.0,1114.0,1636.0
1844505072,2016-04-04,80.43,771.0,75.59999847,25.76000023,0.0,0.0,0.0,0.0,0.0,0.0,0.0,0.0,0.0,0.0,0.0,669.0,1347.0
1844505072,2016-04-05,84.15,771.0,75.59999847,25.76000023,0.0,0.0,0.0,0.0,0.0,0.0,0.0,0.0,0.0,0.0,0.0,1440.0,1347.0
1844505072,2016-04-06,79.29,771.0,75.59999847,25.76000023,7.0,0.0,0.0,0.0,0.0,0.0,0.0,0.0,0.0,0.0,1.0,1439.0,1349.0
1844505072,2016-04-07,78.99,771.0,75.59999847,25.76000023,6344.0,4.19000005722046,4.19000005722046,0.0,0.0,0.0,4.19000005722046,0.0,0.0,0.0,290.0,1150.0,1965.0
1844505072,2016-04-08,82.39,771.0,75.59999847,25.76000023,5316.0,3.50999999046326,3.50999999046326,0.0,0.0,0.0,3.50999999046326,0.0,0.0,0.0,221.0,1219.0,1824.0
1844505072,2016-04-09,79.47,1160.0,75.59999847,25.76000023,4979.0,3.28999996185303,3.28999996185303,0.0,0.0,0.0,3.28999996185303,0.0,0.0,0.0,184.0,620.0,1807.0
1844505072,2016-04-10,79.07,383.0,75.59999847,25.76000023,6556.0,4.34000015258789,4.34000015258789,0.0,0.0,0.0,4.32999992370605,0.0,0.0,0.0,305.0,810.0,1971.0
1844505072,2016-04-11,80.0,383.0,75.59999847,25.76000023,5430.0,3.58999991416931,3.58999991416931,0.0,0.0,0.0,3.58999991416931,0.0,0.0,0.0,251.0,1189.0,1888.0
1844505072,2016-04-12,81.84,383.0,75.59999847,25.76000023,6697.0,4.42999982833862,4.42999982833862,0.0,0.0,0.0,4.42999982833862,0.0,0.0,0.0,339.0,1527.0,2429.0
1844505072,2016-04-13,83.3,383.0,75.59999847,25.76000023,4929.0,3.25999999046326,3.25999999046326,0.0,0.0,0.0,3.25999999046326,0.0,0.0,0.0,248.0,1192.0,1860.0
1844505072,2016-04-14,78.93,500.0,75.59999847,25.76000023,7937.0,5.25,5.25,0.0,0.0,0.0,5.23000001907349,0.0,0.0,0.0,373.0,843.0,2130.0
1844505072,2016-04-15,79.12,866.0,75.59999847,25.76000023,3844.0,2.53999996185303,2.53999996185303,0.0,0.0,0.0,2.53999996185303,0.0,0.0,0.0,176.0,527.0,1725.0
1844505072,2016-04-16,79.6,866.0,75.59999847,25.76000023,3414.0,2.25999999046326,2.25999999046326,0.0,0.0,0.0,2.25999999046326,0.0,0.0,0.0,147.0,1293.0,1657.0
1844505072,2016-04-17,81.65,866.0,75.59999847,25.76000023,4525.0,2.99000000953674,2.99000000953674,0.0,0.140000000596046,0.259999990463257,2.58999991416931,0.0,2.0,8.0,199.0,1231.0,1793.0
1844505072,2016-04-18,82.1,866.0,75.59999847,25.76000023,4597.0,3.03999996185303,3.03999996185303,0.0,0.0,0.479999989271164,2.55999994277954,0.0,0.0,12.0,217.0,1211.0,1814.0
1844505072,2016-04-19,80.33,866.0,75.59999847,25.76000023,197.0,0.129999995231628,0.129999995231628,0.0,0.0,0.0,0.129999995231628,0.0,0.0,0.0,10.0,1430.0,1366.0
1844505072,2016-04-20,83.88,866.0,75.59999847,25.76000023,8.0,0.0099999997764825,0.0099999997764825,0.0,0.0,0.0,0.0099999997764825,0.0,0.0,0.0,1.0,1439.0,1349.0
1844505072,2016-04-21,82.6,866.0,75.59999847,25.76000023,8054.0,5.32000017166138,5.32000017166138,0.0,0.119999997317791,0.519999980926514,4.67999982833862,0.0,2.0,13.0,308.0,1117.0,2062.0
1844505072,2016-04-22,82.84,866.0,75.59999847,25.76000023,5372.0,3.54999995231628,3.54999995231628,0.0,0.0,0.0,3.54999995231628,0.0,0.0,0.0,220.0,1220.0,1827.0
1844505072,2016-04-23,80.81,866.0,75.59999847,25.76000023,3570.0,2.35999989509583,2.35999989509583,0.0,0.0,0.0,2.35999989509583,0.0,0.0,0.0,139.0,1301.0,1645.0
1844505072,2016-04-24,81.57,866.0,75.59999847,25.76000023,0.0,0.0,0.0,0.0,0.0,0.0,0.0,0.0,0.0,0.0,0.0,1440.0,1347.0
1844505072,2016-04-25,79.51,866.0,75.59999847,25.76000023,0.0,0.0,0.0,0.0,0.0,0.0,0.0,0.0,0.0,0.0,0.0,1440.0,1347.0
1844505072,2016-04-26,79.23,866.0,75.59999847,25.76000023,0.0,0.0,0.0,0.0,0.0,0.0,0.0,0.0,0.0,0.0,0.0,1440.0,1347.0
1844505072,2016-04-27,81.16,866.0,75.59999847,25.76000023,4.0,0.0,0.0,0.0,0.0,0.0,0.0,0.0,0.0,0.0,1.0,1439.0,1348.0
1844505072,2016-04-28,81.68,866.0,75.59999847,25.76000023,6907.0,4.57000017166138,4.57000017166138,0.0,0.0,0.0,4.55999994277954,0.0,0.0,0.0,302.0,1138.0,1992.0
1844505072,2016-04-29,81.75,250.0,75.59999847,25.76000023,4920.0,3.25,3.25,0.0,0.0,0.0,3.25,0.0,0.0,0.0,247.0,1082.0,1856.0
1844505072,2016-04-30,83.74,1464.0,75.59999847,25.76000023,4014.0,2.67000007629395,2.67000007629395,0.0,0.0,0.0,2.65000009536743,0.0,0.0,0.0,184.0,218.0,1763.0
1844505072,2016-05-01,80.13,1033.0,75.59999847,25.76000023,2573.0,1.70000004768372,1.70000004768372,0.0,0.0,0.259999990463257,1.45000004768372,0.0,0.0,7.0,75.0,585.0,1541.0
1844505072,2016-05-02,81.63,1033.0,75.59999847,25.76000023,0.0,0.0,0.0,0.0,0.0,0.0,0.0,0.0,0.0,0.0,0.0,1440.0,1348.0
1844505072,2016-05-03,80.2,1033.0,75.59999847,25.76000023,4059.0,2.6800000667572,2.6800000667572,0.0,0.0,0.0,2.6800000667572,0.0,0.0,0.0,184.0,1256.0,1742.0
1844505072,2016-05-04,80.16,1033.0,75.59999847,25.76000023,2080.0,1.37000000476837,1.37000000476837,0.0,0.0,0.0,1.37000000476837,0.0,0.0,0.0,87.0,1353.0,1549.0
1844505072,2016-05-05,82.25,1033.0,75.59999847,25.76000023,2237.0,1.48000001907349,1.48000001907349,0.0,0.0,0.0,1.48000001907349,0.0,0.0,0.0,120.0,1320.0,1589.0
1844505072,2016-05-06,80.68,1033.0,75.59999847,25.76000023,44.0,0.0299999993294477,0.0299999993294477,0.0,0.0,0.0,0.0299999993294477,0.0,0.0,0.0,2.0,1438.0,1351.0
1844505072,2016-05-07,81.33,1033.0,75.59999847,25.76000023,0.0,0.0,0.0,0.0,0.0,0.0,0.0,0.0,0.0,0.0,0.0,1440.0,1347.0
1844505072,2016-05-08,82.44,1033.0,75.59999847,25.76000023,0.0,0.0,0.0,0.0,0.0,0.0,0.0,0.0,0.0,0.0,0.0,1440.0,1347.0
1844505072,2016-05-09,83.27,1033.0,75.59999847,25.76000023,0.0,0.0,0.0,0.0,0.0,0.0,0.0,0.0,0.0,0.0,0.0,1440.0,1347.0
1844505072,2016-05-10,79.77,1033.0,75.59999847,25.76000023,0.0,0.0,0.0,0.0,0.0,0.0,0.0,0.0,0.0,0.0,0.0,1440.0,1347.0
1844505072,2016-05-11,80.26,1033.0,75.59999847,25.76000023,0.0,0.0,0.0,0.0,0.0,0.0,0.0,0.0,0.0,0.0,0.0,1440.0,1347.0
1844505072,2016-05-12,84.71,1033.0,75.59999847,25.76000023,0.0,0.0,0.0,0.0,0.0,0.0,0.0,0.0,0.0,0.0,0.0,711.0,665.0
1927972279,2016-03-11,87.97,44.0,131.55000305,46.854999545,874.0,0.6049999892711639,0.6049999892711639,0.0,0.0,0.0,0.5099999848753216,0.0,0.0,0.0,45.5,1342.5,2198.5
1927972279,2016-03-12,90.27,650.0,131.55000305,46.854999545,874.0,0.6049999892711639,0.6049999892711639,0.0,0.0,0.0,0.5099999848753216,0.0,0.0,0.0,45.5,1342.5,2198.5
1927972279,2016-03-13,85.12,530.0,131.55000305,46.854999545,874.0,0.6049999892711639,0.6049999892711639,0.0,0.0,0.0,0.5099999848753216,0.0,0.0,0.0,45.5,1342.5,2198.5
1927972279,2016-03-14,87.6,186.0,131.55000305,46.854999545,874.0,0.6049999892711639,0.6049999892711639,0.0,0.0,0.0,0.5099999848753216,0.0,0.0,0.0,45.5,1342.5,2198.5
1927972279,2016-03-15,89.06,68.0,131.55000305,46.854999545,874.0,0.6049999892711639,0.6049999892711639,0.0,0.0,0.0,0.5099999848753216,0.0,0.0,0.0,45.5,1342.5,2198.5
1927972279,2016-03-16,90.05,696.0,131.55000305,46.854999545,874.0,0.6049999892711639,0.6049999892711639,0.0,0.0,0.0,0.5099999848753216,0.0,0.0,0.0,45.5,1342.5,2198.5
1927972279,2016-03-17,89.37,6.0,131.55000305,46.854999545,874.0,0.6049999892711639,0.6049999892711639,0.0,0.0,0.0,0.5099999848753216,0.0,0.0,0.0,45.5,1342.5,2198.5
1927972279,2016-03-18,84.53,591.0,131.55000305,46.854999545,874.0,0.6049999892711639,0.6049999892711639,0.0,0.0,0.0,0.5099999848753216,0.0,0.0,0.0,45.5,1342.5,2198.5
1927972279,2016-03-19,88.83,641.0,131.55000305,46.854999545,874.0,0.6049999892711639,0.6049999892711639,0.0,0.0,0.0,0.5099999848753216,0.0,0.0,0.0,45.5,1342.5,2198.5
1927972279,2016-03-20,84.87,609.0,131.55000305,46.854999545,874.0,0.6049999892711639,0.6049999892711639,0.0,0.0,0.0,0.5099999848753216,0.0,0.0,0.0,45.5,1342.5,2198.5
1927972279,2016-03-21,86.79,370.0,131.55000305,46.854999545,874.0,0.6049999892711639,0.6049999892711639,0.0,0.0,0.0,0.5099999848753216,0.0,0.0,0.0,45.5,1342.5,2198.5
1927972279,2016-03-22,84.47,413.0,131.55000305,46.854999545,874.0,0.6049999892711639,0.6049999892711639,0.0,0.0,0.0,0.5099999848753216,0.0,0.0,0.0,45.5,1342.5,2198.5
1927972279,2016-03-23,89.74,505.0,131.55000305,46.854999545,874.0,0.6049999892711639,0.6049999892711639,0.0,0.0,0.0,0.5099999848753216,0.0,0.0,0.0,45.5,1342.5,2198.5
1927972279,2016-03-24,89.03,447.0,131.55000305,46.854999545,874.0,0.6049999892711639,0.6049999892711639,0.0,0.0,0.0,0.5099999848753216,0.0,0.0,0.0,45.5,1342.5,2198.5
1927972279,2016-03-25,84.62,66.0,131.55000305,46.854999545,874.0,0.6049999892711639,0.6049999892711639,0.0,0.0,0.0,0.5099999848753216,0.0,0.0,0.0,45.5,1342.5,2198.5
1927972279,2016-03-26,86.0,425.0,131.55000305,46.854999545,874.0,0.6049999892711639,0.6049999892711639,0.0,0.0,0.0,0.5099999848753216,0.0,0.0,0.0,45.5,1342.5,2198.5
1927972279,2016-03-27,90.29,129.0,131.55000305,46.854999545,874.0,0.6049999892711639,0.6049999892711639,0.0,0.0,0.0,0.5099999848753216,0.0,0.0,0.0,45.5,1342.5,2198.5
1927972279,2016-03-28,89.87,241.0,131.55000305,46.854999545,874.0,0.6049999892711639,0.6049999892711639,0.0,0.0,0.0,0.5099999848753216,0.0,0.0,0.0,45.5,1342.5,2198.5
1927972279,2016-03-29,89.07,615.0,131.55000305,46.854999545,874.0,0.6049999892711639,0.6049999892711639,0.0,0.0,0.0,0.5099999848753216,0.0,0.0,0.0,45.5,1342.5,2198.5
1927972279,2016-03-30,85.34,407.0,131.55000305,46.854999545,874.0,0.6049999892711639,0.6049999892711639,0.0,0.0,0.0,0.5099999848753216,0.0,0.0,0.0,45.5,1342.5,2198.5
1927972279,2016-03-31,87.8,551.0,131.55000305,46.854999545,874.0,0.6049999892711639,0.6049999892711639,0.0,0.0,0.0,0.5099999848753216,0.0,0.0,0.0,45.5,1342.5,2198.5
1927972279,2016-04-01,88.33,397.0,131.55000305,46.854999545,4317.0,2.99000000953674,2.99000000953674,0.0,0.0,0.370000004768372,2.61999988555908,0.0,0.0,11.0,192.0,854.0,2590.0
1927972279,2016-04-02,87.02,357.0,131.55000305,46.854999545,5662.0,3.92000007629395,3.92000007629395,0.0,0.0,0.0,3.92000007629395,0.0,0.0,0.0,267.0,858.0,2783.0
1927972279,2016-04-03,88.28,116.0,131.55000305,46.854999545,3198.0,2.21000003814697,2.21000003814697,0.0,0.0,0.0,2.21000003814697,0.0,0.0,0.0,146.0,1183.0,2449.0
1927972279,2016-04-04,87.83,501.0,131.55000305,46.854999545,2352.0,1.62999999523163,1.62999999523163,0.0,0.0,0.0,1.62999999523163,0.0,0.0,0.0,128.0,829.0,2380.0
1927972279,2016-04-05,86.62,451.0,131.55000305,46.854999545,2234.0,1.54999995231628,1.54999995231628,0.0,0.0,0.0,1.54999995231628,0.0,0.0,0.0,108.0,912.0,2344.0
1927972279,2016-04-06,89.31,445.0,131.55000305,46.854999545,1259.0,0.870000004768372,0.870000004768372,0.0,0.0,0.0,0.870000004768372,0.0,0.0,0.0,73.0,938.0,2202.0
1927972279,2016-04-07,88.66,445.0,131.55000305,46.854999545,768.0,0.529999971389771,0.529999971389771,0.0,0.0,0.0,0.529999971389771,0.0,0.0,0.0,43.0,1397.0,2130.0
1927972279,2016-04-08,88.31,445.0,131.55000305,46.854999545,519.0,0.360000014305115,0.360000014305115,0.0,0.0,0.0,0.360000014305115,0.0,0.0,0.0,34.0,1406.0,2088.0
1927972279,2016-04-09,84.58,56.0,131.55000305,46.854999545,2523.0,1.75,1.75,0.0,0.0,0.370000004768372,1.37999999523163,0.0,0.0,9.0,134.0,1250.0,2443.0
1927972279,2016-04-10,85.57,516.0,131.55000305,46.854999545,2105.0,1.46000003814697,1.46000003814697,0.0,0.0,0.0,1.46000003814697,0.0,0.0,0.0,139.0,805.0,2442.0
1927972279,2016-04-10,87.97,407.0,129.6000061,46.16999817,2105.0,1.46000003814697,1.46000003814697,0.0,0.0,0.0,1.46000003814697,0.0,0.0,0.0,139.0,805.0,2442.0
1927972279,2016-04-11,90.0,683.0,131.55000305,46.854999545,1209.0,0.839999973773956,0.839999973773956,0.0,0.0,0.0,0.839999973773956,0.0,0.0,0.0,73.0,842.0,2255.0
1927972279,2016-04-12,85.18,1191.0,131.55000305,46.854999545,702.0,0.4899999983608722,0.4899999983608722,0.0,0.0,0.0,0.4899999983608722,0.0,0.0,0.0,58.0,895.0,3162.0
1927972279,2016-04-13,85.28,453.0,131.55000305,46.854999545,356.0,0.25,0.25,0.0,0.0,0.0,0.25,0.0,0.0,0.0,32.0,986.0,2151.0
1927972279,2016-04-13,87.97,407.0,133.5,47.54000092,356.0,0.25,0.25,0.0,0.0,0.0,0.25,0.0,0.0,0.0,32.0,986.0,2151.0
1927972279,2016-04-14,89.51,55.0,131.55000305,46.854999545,2163.0,1.5,1.5,0.0,0.0,0.400000005960464,1.10000002384186,0.0,0.0,9.0,88.0,1292.0,2383.0
1927972279,2016-04-15,88.41,468.0,131.55000305,46.854999545,980.0,0.680000007152557,0.680000007152557,0.0,0.0,0.0,0.680000007152557,0.0,0.0,0.0,51.0,941.0,2221.0
1927972279,2016-04-16,86.73,468.0,131.55000305,46.854999545,0.0,0.0,0.0,0.0,0.0,0.0,0.0,0.0,0.0,0.0,0.0,1440.0,2064.0
1927972279,2016-04-17,90.0,468.0,131.55000305,46.854999545,0.0,0.0,0.0,0.0,0.0,0.0,0.0,0.0,0.0,0.0,0.0,1440.0,2063.0
1927972279,2016-04-18,87.77,468.0,131.55000305,46.854999545,244.0,0.170000001788139,0.170000001788139,0.0,0.0,0.0,0.170000001788139,0.0,0.0,0.0,17.0,1423.0,2111.0
1927972279,2016-04-19,89.69,468.0,131.55000305,46.854999545,0.0,0.0,0.0,0.0,0.0,0.0,0.0,0.0,0.0,0.0,0.0,1440.0,2063.0
1927972279,2016-04-20,86.12,468.0,131.55000305,46.854999545,0.0,0.0,0.0,0.0,0.0,0.0,0.0,0.0,0.0,0.0,0.0,1440.0,2063.0
1927972279,2016-04-21,85.39,468.0,131.55000305,46.854999545,0.0,0.0,0.0,0.0,0.0,0.0,0.0,0.0,0.0,0.0,0.0,1440.0,2064.0
1927972279,2016-04-22,89.96,468.0,131.55000305,46.854999545,149.0,0.100000001490116,0.100000001490116,0.0,0.0,0.0,0.100000001490116,0.0,0.0,0.0,10.0,1430.0,2093.0
1927972279,2016-04-23,88.12,468.0,131.55000305,46.854999545,2945.0,2.03999996185303,2.03999996185303,0.0,0.0,0.0,2.03999996185303,0.0,0.0,0.0,145.0,1295.0,2499.0
1927972279,2016-04-24,87.34,468.0,131.55000305,46.854999545,2090.0,1.45000004768372,1.45000004768372,0.0,0.0700000002980232,0.239999994635582,1.13999998569489,0.0,1.0,6.0,75.0,1358.0,2324.0
1927972279,2016-04-25,89.51,135.0,131.55000305,46.854999545,152.0,0.109999999403954,0.109999999403954,0.0,0.0,0.0,0.109999999403954,0.0,0.0,0.0,12.0,1303.0,2100.0
1927972279,2016-04-26,87.11,199.0,131.55000305,46.854999545,3761.0,2.59999990463257,2.59999990463257,0.0,0.0,0.0,2.59999990463257,0.0,0.0,0.0,192.0,1058.0,2638.0
1927972279,2016-04-27,84.81,199.0,131.55000305,46.854999545,0.0,0.0,0.0,0.0,0.0,0.0,0.0,0.0,0.0,0.0,0.0,1440.0,2063.0
1927972279,2016-04-28,84.44,190.0,131.55000305,46.854999545,1675.0,1.1599999666214,1.1599999666214,0.0,0.0,0.0,1.1599999666214,0.0,0.0,0.0,95.0,1167.0,2351.0
1927972279,2016-04-29,89.22,190.0,131.55000305,46.854999545,0.0,0.0,0.0,0.0,0.0,0.0,0.0,0.0,0.0,0.0,0.0,1440.0,2063.0
1927972279,2016-04-30,90.22,190.0,131.55000305,46.854999545,0.0,0.0,0.0,0.0,0.0,0.0,0.0,0.0,0.0,0.0,0.0,1440.0,2064.0
1927972279,2016-05-01,88.17,190.0,131.55000305,46.854999545,2704.0,1.87000000476837,1.87000000476837,0.0,1.00999999046326,0.0299999993294477,0.829999983310699,0.0,14.0,1.0,70.0,1355.0,2411.0
1927972279,2016-05-02,89.82,190.0,131.55000305,46.854999545,3790.0,2.61999988555908,2.61999988555908,0.0,1.1599999666214,0.300000011920929,1.1599999666214,0.0,16.0,8.0,94.0,1322.0,2505.0
1927972279,2016-05-03,89.77,190.0,131.55000305,46.854999545,1326.0,0.920000016689301,0.920000016689301,0.0,0.730000019073486,0.0,0.180000007152557,0.0,10.0,0.0,17.0,1413.0,2195.0
1927972279,2016-05-04,87.46,190.0,131.55000305,46.854999545,1786.0,1.24000000953674,1.24000000953674,0.0,0.0,0.0,1.24000000953674,0.0,0.0,0.0,87.0,1353.0,2338.0
1927972279,2016-05-05,90.16,190.0,131.55000305,46.854999545,0.0,0.0,0.0,0.0,0.0,0.0,0.0,0.0,0.0,0.0,0.0,1440.0,2063.0
1927972279,2016-05-06,87.45,190.0,131.55000305,46.854999545,2091.0,1.45000004768372,1.45000004768372,0.0,0.0,0.0,1.45000004768372,0.0,0.0,0.0,108.0,1332.0,2383.0
1927972279,2016-05-07,88.11,190.0,131.55000305,46.854999545,1510.0,1.03999996185303,1.03999996185303,0.0,0.0,0.0,1.03999996185303,0.0,0.0,0.0,48.0,1392.0,2229.0
1927972279,2016-05-08,84.69,190.0,131.55000305,46.854999545,0.0,0.0,0.0,0.0,0.0,0.0,0.0,0.0,0.0,0.0,0.0,1440.0,2063.0
1927972279,2016-05-09,88.46,190.0,131.55000305,46.854999545,0.0,0.0,0.0,0.0,0.0,0.0,0.0,0.0,0.0,0.0,0.0,1440.0,2063.0
1927972279,2016-05-10,84.45,190.0,131.55000305,46.854999545,0.0,0.0,0.0,0.0,0.0,0.0,0.0,0.0,0.0,0.0,0.0,1440.0,2063.0
1927972279,2016-05-11,86.8,190.0,131.55000305,46.854999545,0.0,0.0,0.0,0.0,0.0,0.0,0.0,0.0,0.0,0.0,0.0,1440.0,2063.0
1927972279,2016-05-12,87.13,190.0,131.55000305,46.854999545,0.0,0.0,0.0,0.0,0.0,0.0,0.0,0.0,0.0,0.0,0.0,966.0,1383.0
2022484408,2016-03-11,79.39500000000001,153.0,75.59999847,25.76000023,11658.0,8.32000017166138,8.32000017166138,0.0,2.559999942779545,0.670000016689301,4.924999952316285,0.0,36.5,19.0,272.0,1108.0,2579.0
2022484408,2016-03-12,79.29,153.0,75.59999847,25.76000023,11658.0,8.32000017166138,8.32000017166138,0.0,2.559999942779545,0.670000016689301,4.924999952316285,0.0,36.5,19.0,272.0,1108.0,2579.0
2022484408,2016-03-13,80.64,153.0,75.59999847,25.76000023,11658.0,8.32000017166138,8.32000017166138,0.0,2.559999942779545,0.670000016689301,4.924999952316285,0.0,36.5,19.0,272.0,1108.0,2579.0
2022484408,2016-03-14,78.39,153.0,75.59999847,25.76000023,11658.0,8.32000017166138,8.32000017166138,0.0,2.559999942779545,0.670000016689301,4.924999952316285,0.0,36.5,19.0,272.0,1108.0,2579.0
2022484408,2016-03-15,78.3,153.0,75.59999847,25.76000023,11658.0,8.32000017166138,8.32000017166138,0.0,2.559999942779545,0.670000016689301,4.924999952316285,0.0,36.5,19.0,272.0,1108.0,2579.0
2022484408,2016-03-16,79.09,153.0,75.59999847,25.76000023,11658.0,8.32000017166138,8.32000017166138,0.0,2.559999942779545,0.670000016689301,4.924999952316285,0.0,36.5,19.0,272.0,1108.0,2579.0
2022484408,2016-03-17,79.62,153.0,75.59999847,25.76000023,11658.0,8.32000017166138,8.32000017166138,0.0,2.559999942779545,0.670000016689301,4.924999952316285,0.0,36.5,19.0,272.0,1108.0,2579.0
2022484408,2016-03-18,78.66,153.0,75.59999847,25.76000023,11658.0,8.32000017166138,8.32000017166138,0.0,2.559999942779545,0.670000016689301,4.924999952316285,0.0,36.5,19.0,272.0,1108.0,2579.0
2022484408,2016-03-19,79.34,153.0,75.59999847,25.76000023,11658.0,8.32000017166138,8.32000017166138,0.0,2.559999942779545,0.670000016689301,4.924999952316285,0.0,36.5,19.0,272.0,1108.0,2579.0
2022484408,2016-03-20,78.85,153.0,75.59999847,25.76000023,11658.0,8.32000017166138,8.32000017166138,0.0,2.559999942779545,0.670000016689301,4.924999952316285,0.0,36.5,19.0,272.0,1108.0,2579.0
2022484408,2016-03-21,78.76,153.0,75.59999847,25.76000023,11658.0,8.32000017166138,8.32000017166138,0.0,2.559999942779545,0.670000016689301,4.924999952316285,0.0,36.5,19.0,272.0,1108.0,2579.0
2022484408,2016-03-22,80.22,153.0,75.59999847,25.76000023,11658.0,8.32000017166138,8.32000017166138,0.0,2.559999942779545,0.670000016689301,4.924999952316285,0.0,36.5,19.0,272.0,1108.0,2579.0
2022484408,2016-03-23,78.75,153.0,75.59999847,25.76000023,11658.0,8.32000017166138,8.32000017166138,0.0,2.559999942779545,0.670000016689301,4.924999952316285,0.0,36.5,19.0,272.0,1108.0,2579.0
2022484408,2016-03-24,80.62,153.0,75.59999847,25.76000023,11658.0,8.32000017166138,8.32000017166138,0.0,2.559999942779545,0.670000016689301,4.924999952316285,0.0,36.5,19.0,272.0,1108.0,2579.0
2022484408,2016-03-25,81.2,153.0,75.59999847,25.76000023,11658.0,8.32000017166138,8.32000017166138,0.0,2.559999942779545,0.670000016689301,4.924999952316285,0.0,36.5,19.0,272.0,1108.0,2579.0
2022484408,2016-03-26,80.35,153.0,75.59999847,25.76000023,11658.0,8.32000017166138,8.32000017166138,0.0,2.559999942779545,0.670000016689301,4.924999952316285,0.0,36.5,19.0,272.0,1108.0,2579.0
2022484408,2016-03-27,80.01,153.0,75.59999847,25.76000023,11658.0,8.32000017166138,8.32000017166138,0.0,2.559999942779545,0.670000016689301,4.924999952316285,0.0,36.5,19.0,272.0,1108.0,2579.0
2022484408,2016-03-28,80.86,153.0,75.59999847,25.76000023,11658.0,8.32000017166138,8.32000017166138,0.0,2.559999942779545,0.670000016689301,4.924999952316285,0.0,36.5,19.0,272.0,1108.0,2579.0
2022484408,2016-03-29,81.04,153.0,75.59999847,25.76000023,11658.0,8.32000017166138,8.32000017166138,0.0,2.559999942779545,0.670000016689301,4.924999952316285,0.0,36.5,19.0,272.0,1108.0,2579.0
2022484408,2016-03-30,78.03,153.0,75.59999847,25.76000023,11658.0,8.32000017166138,8.32000017166138,0.0,2.559999942779545,0.670000016689301,4.924999952316285,0.0,36.5,19.0,272.0,1108.0,2579.0
2022484408,2016-03-31,81.06,153.0,75.59999847,25.76000023,11658.0,8.32000017166138,8.32000017166138,0.0,2.559999942779545,0.670000016689301,4.924999952316285,0.0,36.5,19.0,272.0,1108.0,2579.0
2022484408,2016-04-01,80.8,153.0,75.59999847,25.76000023,13603.0,9.60000038146973,9.60000038146973,0.0,5.46000003814697,0.629999995231628,3.50999999046326,0.0,72.0,16.0,213.0,1139.0,2645.0
2022484408,2016-04-02,77.4,153.0,75.59999847,25.76000023,5477.0,3.83999991416931,3.83999991416931,0.0,0.0,0.0,3.83999991416931,0.0,0.0,0.0,237.0,1203.0,2040.0
2022484408,2016-04-03,77.34,153.0,75.59999847,25.76000023,11144.0,7.82000017166138,7.82000017166138,0.0,1.78999996185303,0.889999985694885,5.1399998664856,0.0,25.0,22.0,279.0,1114.0,2395.0
2022484408,2016-04-04,78.53,153.0,75.59999847,25.76000023,15313.0,11.0,11.0,0.0,5.01999998092651,1.28999996185303,4.69000005722046,0.0,62.0,19.0,233.0,1126.0,2581.0
2022484408,2016-04-05,79.95,153.0,75.59999847,25.76000023,10805.0,7.59000015258789,7.59000015258789,0.0,0.720000028610229,0.980000019073486,5.8899998664856,0.0,36.0,37.0,298.0,1069.0,2735.0
2022484408,2016-04-06,79.89,153.0,75.59999847,25.76000023,15392.0,10.9300003051758,10.9300003051758,0.0,3.4300000667572,1.75,5.75,0.0,47.0,42.0,258.0,1093.0,2733.0
2022484408,2016-04-07,81.83,153.0,75.59999847,25.76000023,18247.0,13.8299999237061,13.8299999237061,0.0,7.1100001335144,2.21000003814697,4.51000022888184,0.0,72.0,62.0,252.0,1054.0,3021.0
2022484408,2016-04-08,79.67,153.0,75.59999847,25.76000023,13023.0,9.26000022888184,9.26000022888184,0.0,3.23000001907349,0.560000002384186,5.46999979019165,0.0,40.0,12.0,296.0,1092.0,2577.0
2022484408,2016-04-09,80.59,153.0,75.59999847,25.76000023,16267.0,12.5900001525879,12.5900001525879,0.0,5.75,0.469999998807907,6.36999988555908,0.0,44.0,16.0,302.0,1078.0,2811.0
2022484408,2016-04-10,79.17,153.0,75.59999847,25.76000023,10005.0,7.01999998092651,7.01999998092651,0.0,0.0799999982118607,1.04999995231628,5.90000009536743,0.0,1.0,23.0,339.0,1077.0,2458.0
2022484408,2016-04-11,79.45,153.0,75.59999847,25.76000023,10106.0,7.09000015258789,7.09000015258789,0.0,1.21000003814697,0.560000002384186,5.32999992370605,0.0,41.0,16.0,272.0,1111.0,2568.0
2022484408,2016-04-12,77.71,153.0,75.59999847,25.76000023,18592.0,13.05999994277954,13.05999994277954,0.0,6.53999996185303,0.989999979734421,5.5300002098083505,0.0,83.0,19.0,294.0,1708.0,3530.0
2022484408,2016-04-13,79.05,153.0,75.59999847,25.76000023,12024.0,8.5,8.5,0.0,2.99000000953674,0.100000001490116,5.40999984741211,0.0,43.0,5.0,292.0,1100.0,2601.0
2022484408,2016-04-14,76.69,153.0,75.59999847,25.76000023,10690.0,7.5,7.5,0.0,2.48000001907349,0.209999993443489,4.82000017166138,0.0,32.0,3.0,257.0,1148.0,2312.0
2022484408,2016-04-15,78.96,153.0,75.59999847,25.76000023,11034.0,8.02999973297119,8.02999973297119,0.0,1.94000005722046,0.310000002384186,5.78000020980835,0.0,27.0,9.0,282.0,1122.0,2525.0
2022484408,2016-04-16,77.92,153.0,75.59999847,25.76000023,10100.0,7.09000015258789,7.09000015258789,0.0,3.15000009536743,0.550000011920929,3.39000010490417,0.0,41.0,11.0,151.0,1237.0,2177.0
2022484408,2016-04-17,80.12,153.0,75.59999847,25.76000023,15112.0,11.3999996185303,11.3999996185303,0.0,3.86999988555908,0.660000026226044,6.88000011444092,0.0,28.0,29.0,331.0,1052.0,2782.0
2022484408,2016-04-18,79.88,153.0,75.59999847,25.76000023,14131.0,10.0699996948242,10.0699996948242,0.0,3.64000010490417,0.119999997317791,6.30000019073486,0.0,48.0,3.0,311.0,1078.0,2770.0
2022484408,2016-04-19,79.39,153.0,75.59999847,25.76000023,11548.0,8.52999973297119,8.52999973297119,0.0,3.28999996185303,0.239999994635582,5.0,0.0,31.0,7.0,250.0,1152.0,2489.0
2022484408,2016-04-20,80.39,153.0,75.59999847,25.76000023,15112.0,10.6700000762939,10.6700000762939,0.0,3.33999991416931,1.92999994754791,5.40000009536743,0.0,48.0,63.0,276.0,1053.0,2897.0
2022484408,2016-04-21,81.0,153.0,75.59999847,25.76000023,12453.0,8.73999977111816,8.73999977111816,0.0,3.32999992370605,1.11000001430511,4.30999994277954,0.0,104.0,53.0,255.0,1028.0,3158.0
2022484408,2016-04-22,79.13,153.0,75.59999847,25.76000023,12954.0,9.32999992370605,9.32999992370605,0.0,4.42999982833862,0.419999986886978,4.46999979019165,0.0,52.0,10.0,273.0,1105.0,2638.0
2022484408,2016-04-23,77.94,153.0,75.59999847,25.76000023,6001.0,4.21000003814697,4.21000003814697,0.0,0.0,0.0,4.21000003814697,0.0,0.0,0.0,249.0,1191.0,2069.0
2022484408,2016-04-24,79.66,153.0,75.59999847,25.76000023,13481.0,10.2799997329712,10.2799997329712,0.0,4.55000019073486,1.14999997615814,4.57999992370605,0.0,37.0,26.0,216.0,1161.0,2529.0
2022484408,2016-04-25,79.36,153.0,75.59999847,25.76000023,11369.0,8.01000022888184,8.01000022888184,0.0,3.32999992370605,0.219999998807907,4.46000003814697,0.0,44.0,8.0,217.0,1171.0,2470.0
2022484408,2016-04-26,80.07,153.0,75.59999847,25.76000023,10119.0,7.19000005722046,7.19000005722046,0.0,1.42999994754791,0.660000026226044,5.1100001335144,0.0,55.0,24.0,275.0,1086.0,2793.0
2022484408,2016-04-27,78.98,153.0,75.59999847,25.76000023,10159.0,7.13000011444092,7.13000011444092,0.0,1.03999996185303,0.970000028610229,5.11999988555908,0.0,19.0,20.0,282.0,1119.0,2463.0
2022484408,2016-04-28,76.17,153.0,75.59999847,25.76000023,10140.0,7.11999988555908,7.11999988555908,0.0,0.409999996423721,1.33000004291534,5.3899998664856,0.0,6.0,20.0,291.0,1123.0,2296.0
2022484408,2016-04-29,79.82,153.0,75.59999847,25.76000023,10245.0,7.19000005722046,7.19000005722046,0.0,0.479999989271164,1.21000003814697,5.5,0.0,21.0,40.0,281.0,1098.0,2611.0
2022484408,2016-04-30,78.31,153.0,75.59999847,25.76000023,18387.0,12.9099998474121,12.9099998474121,0.0,0.939999997615814,1.39999997615814,10.5699996948242,0.0,13.0,23.0,361.0,1043.0,2732.0
2022484408,2016-05-01,77.52,153.0,75.59999847,25.76000023,10538.0,7.40000009536743,7.40000009536743,0.0,1.94000005722046,0.959999978542328,4.5,0.0,25.0,28.0,245.0,1142.0,2380.0
2022484408,2016-05-02,78.31,153.0,75.59999847,25.76000023,10379.0,7.28999996185303,7.28999996185303,0.0,2.60999989509583,0.340000003576279,4.32999992370605,0.0,36.0,8.0,277.0,1119.0,2473.0
2022484408,2016-05-03,80.06,153.0,75.59999847,25.76000023,12183.0,8.73999977111816,8.73999977111816,0.0,3.99000000953674,0.46000000834465,4.28000020980835,0.0,72.0,14.0,250.0,1104.0,2752.0
2022484408,2016-05-04,79.73,153.0,75.59999847,25.76000023,11768.0,8.28999996185303,8.28999996185303,0.0,2.50999999046326,0.930000007152557,4.84999990463257,0.0,36.0,27.0,272.0,1105.0,2649.0
2022484408,2016-05-05,79.46,153.0,75.59999847,25.76000023,11895.0,8.35000038146973,8.35000038146973,0.0,2.78999996185303,0.860000014305115,4.69999980926514,0.0,55.0,20.0,253.0,1112.0,2609.0
2022484408,2016-05-06,79.4,153.0,75.59999847,25.76000023,10227.0,7.17999982833862,7.17999982833862,0.0,1.87000000476837,0.670000016689301,4.6399998664856,0.0,24.0,17.0,295.0,1104.0,2498.0
2022484408,2016-05-07,78.41,153.0,75.59999847,25.76000023,6708.0,4.71000003814697,4.71000003814697,0.0,1.61000001430511,0.0799999982118607,3.01999998092651,0.0,20.0,2.0,149.0,1269.0,1995.0
2022484408,2016-05-08,78.78,153.0,75.59999847,25.76000023,3292.0,2.30999994277954,2.30999994277954,0.0,0.0,0.0,2.30999994277954,0.0,0.0,0.0,135.0,1305.0,1848.0
2022484408,2016-05-09,78.99,153.0,75.59999847,25.76000023,13379.0,9.39000034332275,9.39000034332275,0.0,2.11999988555908,1.62999999523163,5.6399998664856,0.0,35.0,47.0,297.0,1061.0,2709.0
2022484408,2016-05-10,80.78,153.0,75.59999847,25.76000023,12798.0,8.97999954223633,8.97999954223633,0.0,2.22000002861023,1.21000003814697,5.55999994277954,0.0,57.0,28.0,271.0,1084.0,2797.0
2022484408,2016-05-11,80.13,153.0,75.59999847,25.76000023,13272.0,9.31999969482422,9.31999969482422,0.0,4.17999982833862,1.14999997615814,3.99000000953674,0.0,58.0,25.0,224.0,1133.0,2544.0
2022484408,2016-05-12,80.5,153.0,75.59999847,25.76000023,9117.0,6.40999984741211,6.40999984741211,0.0,1.27999997138977,0.670000016689301,4.44000005722046,0.0,16.0,16.0,236.0,728.0,1853.0
2026352035,2016-03-11,86.71,174.0,75.59999847,25.76000023,4861.0,3.0149999856948853,3.0149999856948853,0.0,0.0,0.0,2.880000054836274,0.0,0.0,0.0,231.5,690.5,1498.5
2026352035,2016-03-12,86.71,610.0,75.59999847,25.76000023,4861.0,3.0149999856948853,3.0149999856948853,0.0,0.0,0.0,2.880000054836274,0.0,0.0,0.0,231.5,690.5,1498.5
2026352035,2016-03-13,86.71,696.0,75.59999847,25.76000023,4861.0,3.0149999856948853,3.0149999856948853,0.0,0.0,0.0,2.880000054836274,0.0,0.0,0.0,231.5,690.5,1498.5
2026352035,2016-03-14,86.71,566.0,75.59999847,25.76000023,4861.0,3.0149999856948853,3.0149999856948853,0.0,0.0,0.0,2.880000054836274,0.0,0.0,0.0,231.5,690.5,1498.5
2026352035,2016-03-15,86.71,454.0,75.59999847,25.76000023,4861.0,3.0149999856948853,3.0149999856948853,0.0,0.0,0.0,2.880000054836274,0.0,0.0,0.0,231.5,690.5,1498.5
2026352035,2016-03-16,86.71,185.0,75.59999847,25.76000023,4861.0,3.0149999856948853,3.0149999856948853,0.0,0.0,0.0,2.880000054836274,0.0,0.0,0.0,231.5,690.5,1498.5
2026352035,2016-03-17,86.71,545.0,75.59999847,25.76000023,4861.0,3.0149999856948853,3.0149999856948853,0.0,0.0,0.0,2.880000054836274,0.0,0.0,0.0,231.5,690.5,1498.5
2026352035,2016-03-18,86.71,651.0,75.59999847,25.76000023,4861.0,3.0149999856948853,3.0149999856948853,0.0,0.0,0.0,2.880000054836274,0.0,0.0,0.0,231.5,690.5,1498.5
2026352035,2016-03-19,86.71,591.0,75.59999847,25.76000023,4861.0,3.0149999856948853,3.0149999856948853,0.0,0.0,0.0,2.880000054836274,0.0,0.0,0.0,231.5,690.5,1498.5
2026352035,2016-03-20,86.71,639.0,75.59999847,25.76000023,4861.0,3.0149999856948853,3.0149999856948853,0.0,0.0,0.0,2.880000054836274,0.0,0.0,0.0,231.5,690.5,1498.5
2026352035,2016-03-21,86.71,647.0,75.59999847,25.76000023,4861.0,3.0149999856948853,3.0149999856948853,0.0,0.0,0.0,2.880000054836274,0.0,0.0,0.0,231.5,690.5,1498.5
2026352035,2016-03-22,86.71,574.0,75.59999847,25.76000023,4861.0,3.0149999856948853,3.0149999856948853,0.0,0.0,0.0,2.880000054836274,0.0,0.0,0.0,231.5,690.5,1498.5
2026352035,2016-03-23,86.71,638.0,75.59999847,25.76000023,4861.0,3.0149999856948853,3.0149999856948853,0.0,0.0,0.0,2.880000054836274,0.0,0.0,0.0,231.5,690.5,1498.5
2026352035,2016-03-24,86.71,608.0,75.59999847,25.76000023,4861.0,3.0149999856948853,3.0149999856948853,0.0,0.0,0.0,2.880000054836274,0.0,0.0,0.0,231.5,690.5,1498.5
2026352035,2016-03-25,86.71,562.0,75.59999847,25.76000023,4861.0,3.0149999856948853,3.0149999856948853,0.0,0.0,0.0,2.880000054836274,0.0,0.0,0.0,231.5,690.5,1498.5
2026352035,2016-03-26,86.71,664.0,75.59999847,25.76000023,4861.0,3.0149999856948853,3.0149999856948853,0.0,0.0,0.0,2.880000054836274,0.0,0.0,0.0,231.5,690.5,1498.5
2026352035,2016-03-27,86.71,620.0,75.59999847,25.76000023,4861.0,3.0149999856948853,3.0149999856948853,0.0,0.0,0.0,2.880000054836274,0.0,0.0,0.0,231.5,690.5,1498.5
2026352035,2016-03-28,86.71,569.0,75.59999847,25.76000023,4861.0,3.0149999856948853,3.0149999856948853,0.0,0.0,0.0,2.880000054836274,0.0,0.0,0.0,231.5,690.5,1498.5
2026352035,2016-03-29,86.71,568.0,75.59999847,25.76000023,4861.0,3.0149999856948853,3.0149999856948853,0.0,0.0,0.0,2.880000054836274,0.0,0.0,0.0,231.5,690.5,1498.5
2026352035,2016-03-30,86.71,575.0,75.59999847,25.76000023,4861.0,3.0149999856948853,3.0149999856948853,0.0,0.0,0.0,2.880000054836274,0.0,0.0,0.0,231.5,690.5,1498.5
2026352035,2016-03-31,86.71,587.0,75.59999847,25.76000023,4861.0,3.0149999856948853,3.0149999856948853,0.0,0.0,0.0,2.880000054836274,0.0,0.0,0.0,231.5,690.5,1498.5
2026352035,2016-04-01,86.71,575.0,75.59999847,25.76000023,2605.0,1.62000000476837,1.62000000476837,0.0,0.0,0.0,1.62000000476837,0.0,0.0,0.0,166.0,729.0,1407.0
2026352035,2016-04-02,86.71,630.0,75.59999847,25.76000023,1229.0,0.759999990463257,0.759999990463257,0.0,0.0,0.0,0.759999990463257,0.0,0.0,0.0,69.0,795.0,1237.0
2026352035,2016-04-03,86.71,687.0,75.59999847,25.76000023,2308.0,1.42999994754791,1.42999994754791,0.0,0.0,0.0,1.42999994754791,0.0,0.0,0.0,115.0,720.0,1330.0
2026352035,2016-04-04,86.71,577.0,75.59999847,25.76000023,6679.0,4.1399998664856,4.1399998664856,0.0,0.0,0.0,4.1399998664856,0.0,0.0,0.0,263.0,644.0,1583.0
2026352035,2016-04-05,86.71,618.0,75.59999847,25.76000023,5645.0,3.5,3.5,0.0,0.0,0.0,3.5,0.0,0.0,0.0,248.0,621.0,1538.0
2026352035,2016-04-06,86.71,573.0,75.59999847,25.76000023,3180.0,1.97000002861023,1.97000002861023,0.0,0.0,0.0,1.97000002861023,0.0,0.0,0.0,185.0,738.0,1421.0
2026352035,2016-04-07,86.71,662.0,75.59999847,25.76000023,2767.0,1.72000002861023,1.72000002861023,0.0,0.0,0.0,1.72000002861023,0.0,0.0,0.0,170.0,673.0,1392.0
2026352035,2016-04-08,86.71,579.0,75.59999847,25.76000023,3762.0,2.32999992370605,2.32999992370605,0.0,0.0,0.0,2.32999992370605,0.0,0.0,0.0,173.0,719.0,1425.0
2026352035,2016-04-09,86.71,625.0,75.59999847,25.76000023,3098.0,1.91999995708466,1.91999995708466,0.0,0.0,0.0,1.91999995708466,0.0,0.0,0.0,185.0,700.0,1413.0
2026352035,2016-04-10,86.71,608.0,75.59999847,25.76000023,5142.0,3.19000005722046,3.19000005722046,0.0,0.0,0.0,3.19000005722046,0.0,0.0,0.0,230.0,654.0,1515.0
2026352035,2016-04-11,86.71,847.0,75.59999847,25.76000023,3279.0,2.02999997138977,2.02999997138977,0.0,0.0,0.0,2.02999997138977,0.0,0.0,0.0,164.0,694.0,1405.0
2026352035,2016-04-12,86.71,952.0,75.59999847,25.76000023,5433.0,3.370000004768368,3.370000004768368,0.0,0.189999997615814,0.349999994039536,2.830000042915348,0.0,3.0,8.0,245.0,929.0,2059.0
2026352035,2016-04-13,86.71,571.0,75.59999847,25.76000023,4993.0,3.09999990463257,3.09999990463257,0.0,0.0,0.0,3.09999990463257,0.0,0.0,0.0,238.0,663.0,1521.0
2026352035,2016-04-14,86.71,625.0,75.59999847,25.76000023,3335.0,2.0699999332428,2.0699999332428,0.0,0.0,0.0,2.04999995231628,0.0,0.0,0.0,197.0,653.0,1431.0
2026352035,2016-04-15,86.71,620.0,75.59999847,25.76000023,3821.0,2.36999988555908,2.36999988555908,0.0,0.0,0.0,2.36999988555908,0.0,0.0,0.0,188.0,687.0,1444.0
2026352035,2016-04-16,86.71,629.0,75.59999847,25.76000023,2547.0,1.58000004291534,1.58000004291534,0.0,0.0,0.0,1.58000004291534,0.0,0.0,0.0,150.0,728.0,1373.0
2026352035,2016-04-17,86.71,345.0,75.59999847,25.76000023,838.0,0.519999980926514,0.519999980926514,0.0,0.0,0.0,0.519999980926514,0.0,0.0,0.0,60.0,1053.0,1214.0
2026352035,2016-04-18,86.71,227.0,75.59999847,25.76000023,3325.0,2.05999994277954,2.05999994277954,0.0,0.0,0.0,2.05999994277954,0.0,0.0,0.0,182.0,1062.0,1419.0
2026352035,2016-04-19,86.71,563.0,75.59999847,25.76000023,2424.0,1.5,1.5,0.0,0.0,0.0,1.5,0.0,0.0,0.0,141.0,785.0,1356.0
2026352035,2016-04-20,86.71,537.0,75.59999847,25.76000023,7222.0,4.48000001907349,4.48000001907349,0.0,0.0,0.0,4.48000001907349,0.0,0.0,0.0,327.0,623.0,1667.0
2026352035,2016-04-21,86.71,566.0,75.59999847,25.76000023,2467.0,1.52999997138977,1.52999997138977,0.0,0.0,0.0,1.52999997138977,0.0,0.0,0.0,153.0,749.0,1370.0
2026352035,2016-04-22,86.71,604.0,75.59999847,25.76000023,2915.0,1.80999994277954,1.80999994277954,0.0,0.0,0.0,1.80999994277954,0.0,0.0,0.0,162.0,712.0,1399.0
2026352035,2016-04-23,86.71,591.0,75.59999847,25.76000023,12357.0,7.71000003814697,7.71000003814697,0.0,0.0,0.0,7.71000003814697,0.0,0.0,0.0,432.0,458.0,1916.0
2026352035,2016-04-24,86.71,600.0,75.59999847,25.76000023,3490.0,2.16000008583069,2.16000008583069,0.0,0.0,0.0,2.16000008583069,0.0,0.0,0.0,164.0,704.0,1401.0
2026352035,2016-04-25,86.71,366.0,75.59999847,25.76000023,6017.0,3.73000001907349,3.73000001907349,0.0,0.0,0.0,3.73000001907349,0.0,0.0,0.0,260.0,821.0,1576.0
2026352035,2016-04-26,86.71,155.0,75.59999847,25.76000023,5933.0,3.6800000667572,3.6800000667572,0.0,0.0,0.0,3.6800000667572,0.0,0.0,0.0,288.0,1018.0,1595.0
2026352035,2016-04-27,86.71,609.0,75.59999847,25.76000023,6088.0,3.76999998092651,3.76999998092651,0.0,0.0,0.0,3.76999998092651,0.0,0.0,0.0,286.0,586.0,1593.0
2026352035,2016-04-28,86.71,508.0,75.59999847,25.76000023,6375.0,3.95000004768372,3.95000004768372,0.0,0.0,0.0,3.95000004768372,0.0,0.0,0.0,331.0,626.0,1649.0
2026352035,2016-04-29,86.71,640.0,75.59999847,25.76000023,7604.0,4.71000003814697,4.71000003814697,0.0,0.0,0.0,4.71000003814697,0.0,0.0,0.0,352.0,492.0,1692.0
2026352035,2016-04-30,86.71,638.0,75.59999847,25.76000023,4729.0,2.9300000667572,2.9300000667572,0.0,0.0,0.0,2.9300000667572,0.0,0.0,0.0,233.0,594.0,1506.0
2026352035,2016-05-01,86.71,567.0,75.59999847,25.76000023,3609.0,2.27999997138977,2.27999997138977,0.0,0.0,0.0,2.27999997138977,0.0,0.0,0.0,191.0,716.0,1447.0
2026352035,2016-05-02,86.67,375.0,75.59999847,25.76000023,7018.0,4.34999990463257,4.34999990463257,0.0,0.0,0.0,4.34999990463257,0.0,0.0,0.0,355.0,716.0,1690.0
2026352035,2016-05-03,86.71,168.0,75.59999847,25.76000023,5992.0,3.72000002861023,3.72000002861023,0.0,0.0,0.0,3.72000002861023,0.0,0.0,0.0,304.0,981.0,1604.0
2026352035,2016-05-04,86.71,587.0,75.59999847,25.76000023,6564.0,4.07000017166138,4.07000017166138,0.0,0.0,0.0,4.07000017166138,0.0,0.0,0.0,345.0,530.0,1658.0
2026352035,2016-05-05,86.71,509.0,75.59999847,25.76000023,12167.0,7.53999996185303,7.53999996185303,0.0,0.0,0.0,7.53999996185303,0.0,0.0,0.0,475.0,479.0,1926.0
2026352035,2016-05-06,86.71,559.0,75.59999847,25.76000023,8198.0,5.07999992370605,5.07999992370605,0.0,0.0,0.0,5.07999992370605,0.0,0.0,0.0,383.0,511.0,1736.0
2026352035,2016-05-07,86.71,572.0,75.59999847,25.76000023,4193.0,2.59999990463257,2.59999990463257,0.0,0.0,0.0,2.59999990463257,0.0,0.0,0.0,229.0,665.0,1491.0
2026352035,2016-05-08,86.71,600.0,75.59999847,25.76000023,5528.0,3.45000004768372,3.45000004768372,0.0,0.0,0.0,3.45000004768372,0.0,0.0,0.0,258.0,610.0,1555.0
2026352035,2016-05-09,86.75,518.0,75.59999847,25.76000023,10685.0,6.61999988555908,6.61999988555908,0.0,0.0,0.0,6.59999990463257,0.0,0.0,0.0,401.0,543.0,1869.0
2026352035,2016-05-10,86.71,455.0,75.59999847,25.76000023,254.0,0.159999996423721,0.159999996423721,0.0,0.0,0.0,0.159999996423721,0.0,0.0,0.0,17.0,1002.0,1141.0
2026352035,2016-05-11,86.71,574.0,75.59999847,25.76000023,8580.0,5.32000017166138,5.32000017166138,0.0,0.0,0.0,5.32000017166138,0.0,0.0,0.0,330.0,569.0,1698.0
2026352035,2016-05-12,85.83,339.0,75.59999847,25.76000023,8891.0,5.51000022888184,5.51000022888184,0.0,0.0,0.0,5.51000022888184,0.0,0.0,0.0,343.0,330.0,1364.0
2320127002,2016-03-11,75.14500000000001,81.0,75.59999847,25.76000023,4717.0,3.17999994754791,3.17999994754791,0.0,0.0,0.0,2.93499994277954,0.0,0.0,0.0,199.5,1240.5,1724.5
2320127002,2016-03-12,73.54,81.0,75.59999847,25.76000023,4717.0,3.17999994754791,3.17999994754791,0.0,0.0,0.0,2.93499994277954,0.0,0.0,0.0,199.5,1240.5,1724.5
2320127002,2016-03-13,78.05,81.0,75.59999847,25.76000023,4717.0,3.17999994754791,3.17999994754791,0.0,0.0,0.0,2.93499994277954,0.0,0.0,0.0,199.5,1240.5,1724.5
2320127002,2016-03-14,77.72,81.0,75.59999847,25.76000023,4717.0,3.17999994754791,3.17999994754791,0.0,0.0,0.0,2.93499994277954,0.0,0.0,0.0,199.5,1240.5,1724.5
2320127002,2016-03-15,73.2,81.0,75.59999847,25.76000023,4717.0,3.17999994754791,3.17999994754791,0.0,0.0,0.0,2.93499994277954,0.0,0.0,0.0,199.5,1240.5,1724.5
2320127002,2016-03-16,75.86,81.0,75.59999847,25.76000023,4717.0,3.17999994754791,3.17999994754791,0.0,0.0,0.0,2.93499994277954,0.0,0.0,0.0,199.5,1240.5,1724.5
2320127002,2016-03-17,78.62,81.0,75.59999847,25.76000023,4717.0,3.17999994754791,3.17999994754791,0.0,0.0,0.0,2.93499994277954,0.0,0.0,0.0,199.5,1240.5,1724.5
2320127002,2016-03-18,72.98,81.0,75.59999847,25.76000023,4717.0,3.17999994754791,3.17999994754791,0.0,0.0,0.0,2.93499994277954,0.0,0.0,0.0,199.5,1240.5,1724.5
2320127002,2016-03-19,75.91,81.0,75.59999847,25.76000023,4717.0,3.17999994754791,3.17999994754791,0.0,0.0,0.0,2.93499994277954,0.0,0.0,0.0,199.5,1240.5,1724.5
2320127002,2016-03-20,73.02,81.0,75.59999847,25.76000023,4717.0,3.17999994754791,3.17999994754791,0.0,0.0,0.0,2.93499994277954,0.0,0.0,0.0,199.5,1240.5,1724.5
2320127002,2016-03-21,73.61,81.0,75.59999847,25.76000023,4717.0,3.17999994754791,3.17999994754791,0.0,0.0,0.0,2.93499994277954,0.0,0.0,0.0,199.5,1240.5,1724.5
2320127002,2016-03-22,77.38,81.0,75.59999847,25.76000023,4717.0,3.17999994754791,3.17999994754791,0.0,0.0,0.0,2.93499994277954,0.0,0.0,0.0,199.5,1240.5,1724.5
2320127002,2016-03-23,74.16,81.0,75.59999847,25.76000023,4717.0,3.17999994754791,3.17999994754791,0.0,0.0,0.0,2.93499994277954,0.0,0.0,0.0,199.5,1240.5,1724.5
2320127002,2016-03-24,73.6,81.0,75.59999847,25.76000023,4717.0,3.17999994754791,3.17999994754791,0.0,0.0,0.0,2.93499994277954,0.0,0.0,0.0,199.5,1240.5,1724.5
2320127002,2016-03-25,74.38,81.0,75.59999847,25.76000023,4717.0,3.17999994754791,3.17999994754791,0.0,0.0,0.0,2.93499994277954,0.0,0.0,0.0,199.5,1240.5,1724.5
2320127002,2016-03-26,75.42,81.0,75.59999847,25.76000023,4717.0,3.17999994754791,3.17999994754791,0.0,0.0,0.0,2.93499994277954,0.0,0.0,0.0,199.5,1240.5,1724.5
2320127002,2016-03-27,72.83,81.0,75.59999847,25.76000023,4717.0,3.17999994754791,3.17999994754791,0.0,0.0,0.0,2.93499994277954,0.0,0.0,0.0,199.5,1240.5,1724.5
2320127002,2016-03-28,74.26,81.0,75.59999847,25.76000023,4717.0,3.17999994754791,3.17999994754791,0.0,0.0,0.0,2.93499994277954,0.0,0.0,0.0,199.5,1240.5,1724.5
2320127002,2016-03-29,76.74,81.0,75.59999847,25.76000023,4717.0,3.17999994754791,3.17999994754791,0.0,0.0,0.0,2.93499994277954,0.0,0.0,0.0,199.5,1240.5,1724.5
2320127002,2016-03-30,76.83,81.0,75.59999847,25.76000023,4717.0,3.17999994754791,3.17999994754791,0.0,0.0,0.0,2.93499994277954,0.0,0.0,0.0,199.5,1240.5,1724.5
2320127002,2016-03-31,78.15,81.0,75.59999847,25.76000023,4717.0,3.17999994754791,3.17999994754791,0.0,0.0,0.0,2.93499994277954,0.0,0.0,0.0,199.5,1240.5,1724.5
2320127002,2016-04-01,75.14,81.0,75.59999847,25.76000023,0.0,0.0,0.0,0.0,0.0,0.0,0.0,0.0,0.0,0.0,0.0,1440.0,1324.0
2320127002,2016-04-02,73.51,81.0,75.59999847,25.76000023,0.0,0.0,0.0,0.0,0.0,0.0,0.0,0.0,0.0,0.0,0.0,1440.0,1324.0
2320127002,2016-04-03,77.57,81.0,75.59999847,25.76000023,0.0,0.0,0.0,0.0,0.0,0.0,0.0,0.0,0.0,0.0,0.0,1440.0,1324.0
2320127002,2016-04-04,73.31,81.0,75.59999847,25.76000023,0.0,0.0,0.0,0.0,0.0,0.0,0.0,0.0,0.0,0.0,0.0,1440.0,1324.0
2320127002,2016-04-05,77.44,81.0,75.59999847,25.76000023,4931.0,3.3199999332428,3.3199999332428,0.0,0.0,0.0,3.3199999332428,0.0,0.0,0.0,175.0,1265.0,1708.0
2320127002,2016-04-06,76.0,81.0,75.59999847,25.76000023,6999.0,4.71999979019165,4.71999979019165,0.0,0.0,0.0,4.71999979019165,0.0,0.0,0.0,320.0,1120.0,1950.0
2320127002,2016-04-07,75.15,81.0,75.59999847,25.76000023,1846.0,1.24000000953674,1.24000000953674,0.0,0.0,0.0,1.24000000953674,0.0,0.0,0.0,93.0,1347.0,1508.0
2320127002,2016-04-08,74.55,81.0,75.59999847,25.76000023,3417.0,2.29999995231628,2.29999995231628,0.0,0.0,0.0,2.29999995231628,0.0,0.0,0.0,153.0,1287.0,1625.0
2320127002,2016-04-09,73.46,81.0,75.59999847,25.76000023,4863.0,3.27999997138977,3.27999997138977,0.0,0.0599999986588955,0.419999986886978,2.79999995231628,0.0,1.0,11.0,208.0,1220.0,1772.0
2320127002,2016-04-10,73.97,81.0,75.59999847,25.76000023,2277.0,1.52999997138977,1.52999997138977,0.0,0.0,0.0,1.52999997138977,0.0,0.0,0.0,103.0,1337.0,1530.0
2320127002,2016-04-11,74.93,81.0,75.59999847,25.76000023,11230.0,7.67000007629395,7.67000007629395,0.0,0.889999985694885,0.119999997317791,6.65999984741211,0.0,10.0,2.0,390.0,1038.0,2206.0
2320127002,2016-04-12,73.22,81.0,75.59999847,25.76000023,12823.0,8.89999973773956,8.89999973773956,0.0,1.16999995708466,0.310000002384186,7.42000019550324,0.0,13.0,9.0,375.0,1729.0,2914.0
2320127002,2016-04-13,73.07,81.0,75.59999847,25.76000023,7275.0,4.90000009536743,4.90000009536743,0.0,0.0,0.0,4.90000009536743,0.0,0.0,0.0,335.0,1105.0,2003.0
2320127002,2016-04-14,75.49,81.0,75.59999847,25.76000023,3973.0,2.6800000667572,2.6800000667572,0.0,0.0,0.0,2.6800000667572,0.0,0.0,0.0,191.0,1249.0,1696.0
2320127002,2016-04-15,77.11,81.0,75.59999847,25.76000023,5205.0,3.50999999046326,3.50999999046326,0.0,0.0,0.0,3.50999999046326,0.0,0.0,0.0,245.0,1195.0,1801.0
2320127002,2016-04-16,74.74,81.0,75.59999847,25.76000023,5057.0,3.41000008583069,3.41000008583069,0.0,0.0,0.0,3.40000009536743,0.0,0.0,0.0,195.0,1245.0,1724.0
2320127002,2016-04-17,74.58,81.0,75.59999847,25.76000023,6198.0,4.17999982833862,4.17999982833862,0.0,0.0,0.0,4.17999982833862,0.0,0.0,0.0,249.0,1191.0,1852.0
2320127002,2016-04-18,78.12,81.0,75.59999847,25.76000023,6559.0,4.42000007629395,4.42000007629395,0.0,0.0,0.259999990463257,4.1399998664856,0.0,0.0,7.0,260.0,1173.0,1905.0
2320127002,2016-04-19,75.28,81.0,75.59999847,25.76000023,5997.0,4.03999996185303,4.03999996185303,0.0,0.0,0.379999995231628,3.66000008583069,0.0,0.0,11.0,228.0,1201.0,1811.0
2320127002,2016-04-20,74.96,81.0,75.59999847,25.76000023,7192.0,4.84999990463257,4.84999990463257,0.0,0.0,0.490000009536743,4.34000015258789,0.0,0.0,11.0,283.0,1146.0,1922.0
2320127002,2016-04-21,78.65,81.0,75.59999847,25.76000023,3404.0,2.28999996185303,2.28999996185303,0.0,0.0599999986588955,0.419999986886978,1.80999994277954,0.0,1.0,10.0,127.0,1302.0,1610.0
2320127002,2016-04-22,73.41,81.0,75.59999847,25.76000023,5583.0,3.75999999046326,3.75999999046326,0.0,0.0,0.0,3.75999999046326,0.0,0.0,0.0,266.0,1174.0,1851.0
2320127002,2016-04-23,78.05,81.0,75.59999847,25.76000023,5079.0,3.42000007629395,3.42000007629395,0.0,0.0,0.0,3.42000007629395,0.0,0.0,0.0,242.0,1129.0,1804.0
2320127002,2016-04-24,73.36,81.0,75.59999847,25.76000023,4165.0,2.80999994277954,2.80999994277954,0.0,0.0,0.0,2.79999995231628,0.0,0.0,0.0,204.0,1236.0,1725.0
2320127002,2016-04-25,73.53,81.0,75.59999847,25.76000023,3588.0,2.42000007629395,2.42000007629395,0.0,0.230000004172325,0.200000002980232,1.99000000953674,0.0,3.0,5.0,152.0,1280.0,1654.0
2320127002,2016-04-26,73.23,81.0,75.59999847,25.76000023,3409.0,2.29999995231628,2.29999995231628,0.0,0.0,0.0,2.29999995231628,0.0,0.0,0.0,147.0,1293.0,1632.0
2320127002,2016-04-27,73.31,81.0,75.59999847,25.76000023,1715.0,1.1599999666214,1.1599999666214,0.0,0.0,0.0,1.1599999666214,0.0,0.0,0.0,82.0,1358.0,1481.0
2320127002,2016-04-28,75.31,81.0,75.59999847,25.76000023,1532.0,1.02999997138977,1.02999997138977,0.0,0.0,0.0,1.02999997138977,0.0,0.0,0.0,76.0,1364.0,1473.0
2320127002,2016-04-29,76.92,81.0,75.59999847,25.76000023,924.0,0.620000004768372,0.620000004768372,0.0,0.0,0.0,0.620000004768372,0.0,0.0,0.0,45.0,1395.0,1410.0
2320127002,2016-04-30,76.78,81.0,75.59999847,25.76000023,4571.0,3.07999992370605,3.07999992370605,0.0,0.0,0.0,3.0699999332428,0.0,0.0,0.0,234.0,1206.0,1779.0
2320127002,2016-05-01,78.54,81.0,75.59999847,25.76000023,772.0,0.519999980926514,0.519999980926514,0.0,0.0,0.0,0.519999980926514,0.0,0.0,0.0,40.0,1400.0,1403.0
2320127002,2016-05-02,76.15,81.0,75.59999847,25.76000023,3634.0,2.45000004768372,2.45000004768372,0.0,0.360000014305115,0.209999993443489,1.87999999523163,0.0,5.0,6.0,123.0,1306.0,1613.0
2320127002,2016-05-03,74.77,81.0,75.59999847,25.76000023,7443.0,5.01999998092651,5.01999998092651,0.0,1.49000000953674,0.370000004768372,3.16000008583069,0.0,20.0,10.0,206.0,1204.0,1878.0
2320127002,2016-05-04,76.3,81.0,75.59999847,25.76000023,1201.0,0.810000002384186,0.810000002384186,0.0,0.0,0.0,0.810000002384186,0.0,0.0,0.0,52.0,1388.0,1426.0
2320127002,2016-05-05,73.6,81.0,75.59999847,25.76000023,5202.0,3.50999999046326,3.50999999046326,0.0,0.0,0.389999985694885,3.10999989509583,0.0,0.0,11.0,223.0,1206.0,1780.0
2320127002,2016-05-06,75.68,81.0,75.59999847,25.76000023,4878.0,3.28999996185303,3.28999996185303,0.0,0.0,0.0,3.28999996185303,0.0,0.0,0.0,204.0,1236.0,1742.0
2320127002,2016-05-07,73.96,81.0,75.59999847,25.76000023,7379.0,4.96999979019165,4.96999979019165,0.0,0.0,0.0,4.96999979019165,0.0,0.0,0.0,319.0,1121.0,1972.0
2320127002,2016-05-08,77.87,81.0,75.59999847,25.76000023,5161.0,3.48000001907349,3.48000001907349,0.0,0.0,0.0,3.47000002861023,0.0,0.0,0.0,247.0,1193.0,1821.0
2320127002,2016-05-09,76.05,81.0,75.59999847,25.76000023,3090.0,2.07999992370605,2.07999992370605,0.0,0.0,0.0,2.07999992370605,0.0,0.0,0.0,145.0,1295.0,1630.0
2320127002,2016-05-10,76.15,81.0,75.59999847,25.76000023,6227.0,4.19999980926514,4.19999980926514,0.0,0.0,0.0,4.19999980926514,0.0,0.0,0.0,290.0,1150.0,1899.0
2320127002,2016-05-11,74.68,81.0,75.59999847,25.76000023,6424.0,4.32999992370605,4.32999992370605,0.0,0.0,0.0,4.32999992370605,0.0,0.0,0.0,300.0,1140.0,1903.0
2320127002,2016-05-12,76.14,81.0,75.59999847,25.76000023,2661.0,1.78999996185303,1.78999996185303,0.0,0.0,0.0,1.78999996185303,0.0,0.0,0.0,128.0,830.0,1125.0
2347167796,2016-03-11,74.93,22.0,63.40000153,24.77000046,10113.0,6.75,6.75,0.0,0.680000007152557,0.860000014305115,4.44000005722046,0.0,11.0,16.0,268.0,696.0,2095.0
2347167796,2016-03-12,74.93,532.0,63.40000153,24.77000046,10113.0,6.75,6.75,0.0,0.680000007152557,0.860000014305115,4.44000005722046,0.0,11.0,16.0,268.0,696.0,2095.0
2347167796,2016-03-13,74.93,669.0,63.40000153,24.77000046,10113.0,6.75,6.75,0.0,0.680000007152557,0.860000014305115,4.44000005722046,0.0,11.0,16.0,268.0,696.0,2095.0
2347167796,2016-03-14,74.93,510.0,63.40000153,24.77000046,10113.0,6.75,6.75,0.0,0.680000007152557,0.860000014305115,4.44000005722046,0.0,11.0,16.0,268.0,696.0,2095.0
2347167796,2016-03-15,74.93,636.0,63.40000153,24.77000046,10113.0,6.75,6.75,0.0,0.680000007152557,0.860000014305115,4.44000005722046,0.0,11.0,16.0,268.0,696.0,2095.0
2347167796,2016-03-16,74.93,511.0,63.40000153,24.77000046,10113.0,6.75,6.75,0.0,0.680000007152557,0.860000014305115,4.44000005722046,0.0,11.0,16.0,268.0,696.0,2095.0
2347167796,2016-03-17,74.93,446.0,63.40000153,24.77000046,10113.0,6.75,6.75,0.0,0.680000007152557,0.860000014305115,4.44000005722046,0.0,11.0,16.0,268.0,696.0,2095.0
2347167796,2016-03-18,74.93,682.0,63.40000153,24.77000046,10113.0,6.75,6.75,0.0,0.680000007152557,0.860000014305115,4.44000005722046,0.0,11.0,16.0,268.0,696.0,2095.0
2347167796,2016-03-19,74.93,275.0,63.40000153,24.77000046,10113.0,6.75,6.75,0.0,0.680000007152557,0.860000014305115,4.44000005722046,0.0,11.0,16.0,268.0,696.0,2095.0
2347167796,2016-03-20,74.93,651.0,63.40000153,24.77000046,10113.0,6.75,6.75,0.0,0.680000007152557,0.860000014305115,4.44000005722046,0.0,11.0,16.0,268.0,696.0,2095.0
2347167796,2016-03-21,74.93,522.0,63.40000153,24.77000046,10113.0,6.75,6.75,0.0,0.680000007152557,0.860000014305115,4.44000005722046,0.0,11.0,16.0,268.0,696.0,2095.0
2347167796,2016-03-22,74.93,565.0,63.40000153,24.77000046,10113.0,6.75,6.75,0.0,0.680000007152557,0.860000014305115,4.44000005722046,0.0,11.0,16.0,268.0,696.0,2095.0
2347167796,2016-03-23,74.93,545.0,63.40000153,24.77000046,10113.0,6.75,6.75,0.0,0.680000007152557,0.860000014305115,4.44000005722046,0.0,11.0,16.0,268.0,696.0,2095.0
2347167796,2016-03-24,74.93,554.0,63.40000153,24.77000046,10113.0,6.75,6.75,0.0,0.680000007152557,0.860000014305115,4.44000005722046,0.0,11.0,16.0,268.0,696.0,2095.0
2347167796,2016-03-25,74.93,387.0,63.40000153,24.77000046,10113.0,6.75,6.75,0.0,0.680000007152557,0.860000014305115,4.44000005722046,0.0,11.0,16.0,268.0,696.0,2095.0
2347167796,2016-03-26,74.93,387.0,63.40000153,24.77000046,10113.0,6.75,6.75,0.0,0.680000007152557,0.860000014305115,4.44000005722046,0.0,11.0,16.0,268.0,696.0,2095.0
2347167796,2016-03-27,74.93,183.0,63.40000153,24.77000046,10113.0,6.75,6.75,0.0,0.680000007152557,0.860000014305115,4.44000005722046,0.0,11.0,16.0,268.0,696.0,2095.0
2347167796,2016-03-28,74.93,609.0,63.40000153,24.77000046,10113.0,6.75,6.75,0.0,0.680000007152557,0.860000014305115,4.44000005722046,0.0,11.0,16.0,268.0,696.0,2095.0
2347167796,2016-03-29,72.85,527.0,63.40000153,24.77000046,10272.0,6.78999996185303,6.78999996185303,0.0,0.159999996423721,3.11999988555908,3.5,0.0,2.0,58.0,208.0,700.0,2041.0
2347167796,2016-03-30,73.51,563.0,63.40000153,24.77000046,10533.0,7.09999990463257,7.09999990463257,0.0,1.76999998092651,2.05999994277954,3.26999998092651,0.0,21.0,35.0,255.0,615.0,2187.0
2347167796,2016-03-31,72.62,643.0,63.40000153,24.77000046,6760.0,4.46999979019165,4.46999979019165,0.0,0.0,0.0,4.46999979019165,0.0,0.0,0.0,250.0,613.0,1929.0
2347167796,2016-04-01,71.9,410.0,63.40000153,24.77000046,8328.0,5.51000022888184,5.51000022888184,0.0,0.0,2.0,3.5,0.0,0.0,33.0,212.0,804.0,1935.0
2347167796,2016-04-02,78.08,519.0,63.40000153,24.77000046,15459.0,10.2200002670288,10.2200002670288,0.0,3.58999991416931,0.810000002384186,5.82000017166138,0.0,51.0,16.0,327.0,583.0,2438.0
2347167796,2016-04-03,74.72,686.0,63.40000153,24.77000046,7485.0,4.94999980926514,4.94999980926514,0.0,0.0,0.0,4.94999980926514,0.0,0.0,0.0,324.0,491.0,2035.0
2347167796,2016-04-03,74.93,473.0,63.40000153,24.77000046,7485.0,4.94999980926514,4.94999980926514,0.0,0.0,0.0,4.94999980926514,0.0,0.0,0.0,324.0,491.0,2035.0
2347167796,2016-04-04,74.84,584.0,63.40000153,24.77000046,10254.0,6.80000019073486,6.80000019073486,0.0,1.41999995708466,1.23000001907349,4.15999984741211,0.0,21.0,25.0,231.0,638.0,2099.0
2347167796,2016-04-05,74.87,510.0,63.40000153,24.77000046,10114.0,6.82000017166138,6.82000017166138,0.0,1.63999998569489,0.479999989271164,4.67999982833862,0.0,18.0,9.0,269.0,696.0,2096.0
2347167796,2016-04-06,74.28,483.0,63.40000153,24.77000046,11107.0,7.34000015258789,7.34000015258789,0.0,0.899999976158142,2.75999999046326,3.6800000667572,0.0,14.0,46.0,196.0,759.0,2058.0
2347167796,2016-04-07,77.94,86.0,63.40000153,24.77000046,10320.0,6.84999990463257,6.84999990463257,0.0,0.680000007152557,1.23000001907349,4.94000005722046,0.0,15.0,32.0,315.0,1002.0,2338.0
2347167796,2016-04-08,74.98,430.0,63.40000153,24.77000046,10209.0,6.75,6.75,0.0,0.159999996423721,0.349999994039536,6.23000001907349,0.0,2.0,6.0,316.0,711.0,2104.0
2347167796,2016-04-09,78.18,25.0,63.40000153,24.77000046,16081.0,10.6300001144409,10.6300001144409,0.0,1.25,1.82000005245209,7.55999994277954,0.0,16.0,32.0,401.0,970.0,2488.0
2347167796,2016-04-10,77.32,727.0,63.40000153,24.77000046,10078.0,6.82999992370605,6.82999992370605,0.0,1.01999998092651,0.119999997317791,5.69000005722046,0.0,12.0,3.0,303.0,463.0,2164.0
2347167796,2016-04-11,73.6,448.0,63.40000153,24.77000046,10001.0,6.6100001335144,6.6100001335144,0.0,0.330000013113022,2.9300000667572,3.35999989509583,0.0,5.0,52.0,196.0,788.0,2009.0
2347167796,2016-04-12,77.62,125.0,63.40000153,24.77000046,10113.0,6.82999992370605,6.82999992370605,0.0,2.0,0.620000004768372,4.19999980926514,0.0,28.0,13.0,320.0,1389.0,2743.0
2347167796,2016-04-13,74.04,597.0,63.40000153,24.77000046,10352.0,7.01000022888184,7.01000022888184,0.0,1.6599999666214,1.94000005722046,3.41000008583069,0.0,19.0,32.0,195.0,676.0,2038.0
2347167796,2016-04-14,73.34,513.0,63.40000153,24.77000046,10129.0,6.69999980926514,6.69999980926514,0.0,0.0199999995529652,2.74000000953674,3.94000005722046,0.0,1.0,48.0,206.0,705.0,2010.0
2347167796,2016-04-15,74.1,459.0,63.40000153,24.77000046,10465.0,6.92000007629395,6.92000007629395,0.0,0.0700000002980232,1.41999995708466,5.42999982833862,0.0,1.0,24.0,284.0,720.0,2133.0
2347167796,2016-04-16,77.71,70.0,63.40000153,24.77000046,22244.0,15.0799999237061,15.0799999237061,0.0,5.44999980926514,4.09999990463257,5.53000020980835,0.0,66.0,72.0,268.0,968.0,2670.0
2347167796,2016-04-17,74.94,728.0,63.40000153,24.77000046,5472.0,3.61999988555908,3.61999988555908,0.0,0.0799999982118607,0.280000001192093,3.25999999046326,0.0,1.0,7.0,249.0,508.0,1882.0
2347167796,2016-04-18,72.72,604.0,63.40000153,24.77000046,8247.0,5.44999980926514,5.44999980926514,0.0,0.790000021457672,0.860000014305115,3.78999996185303,0.0,11.0,16.0,206.0,678.0,1944.0
2347167796,2016-04-19,77.18,437.0,63.40000153,24.77000046,6711.0,4.44000005722046,4.44000005722046,0.0,0.0,0.0,4.44000005722046,0.0,0.0,7.0,382.0,648.0,2346.0
2347167796,2016-04-20,74.53,114.0,63.40000153,24.77000046,10999.0,7.26999998092651,7.26999998092651,0.0,0.680000007152557,1.80999994277954,4.78000020980835,0.0,11.0,43.0,269.0,1011.0,2198.0
2347167796,2016-04-21,73.77,448.0,63.40000153,24.77000046,10080.0,6.75,6.75,0.0,1.85000002384186,1.52999997138977,3.38000011444092,0.0,23.0,26.0,208.0,761.0,2048.0
2347167796,2016-04-22,73.15,470.0,63.40000153,24.77000046,7804.0,5.15999984741211,5.15999984741211,0.0,0.560000002384186,1.67999994754791,2.92000007629395,0.0,9.0,27.0,206.0,781.0,1946.0
2347167796,2016-04-23,80.2,437.0,63.40000153,24.77000046,16901.0,11.3699998855591,11.3699998855591,0.0,2.77999997138977,1.45000004768372,7.15000009536743,0.0,32.0,35.0,360.0,591.0,2629.0
2347167796,2016-04-24,75.81,510.0,63.40000153,24.77000046,9471.0,6.26000022888184,6.26000022888184,0.0,0.0,0.0,6.26000022888184,0.0,0.0,0.0,360.0,584.0,2187.0
2347167796,2016-04-25,73.98,538.0,63.40000153,24.77000046,9482.0,6.38000011444092,6.38000011444092,0.0,1.26999998092651,0.519999980926514,4.59999990463257,0.0,15.0,11.0,277.0,653.0,2095.0
2347167796,2016-04-26,73.09,532.0,63.40000153,24.77000046,5980.0,3.95000004768372,3.95000004768372,0.0,0.0,0.0,3.95000004768372,0.0,0.0,0.0,227.0,732.0,1861.0
2347167796,2016-04-27,74.53,548.0,63.40000153,24.77000046,11423.0,7.57999992370605,7.57999992370605,0.0,1.86000001430511,0.400000005960464,5.32000017166138,0.0,26.0,9.0,295.0,623.0,2194.0
2347167796,2016-04-28,73.96,481.0,63.40000153,24.77000046,5439.0,3.59999990463257,3.59999990463257,0.0,0.0,0.0,3.59999990463257,0.0,0.0,0.0,229.0,764.0,1854.0
2347167796,2016-04-29,74.61,473.0,63.40000153,24.77000046,42.0,0.0299999993294477,0.0299999993294477,0.0,0.0,0.0,0.0299999993294477,0.0,0.0,0.0,4.0,2.0,403.0
2347167796,2016-04-30,74.93,473.0,63.40000153,24.77000046,10113.0,6.75,6.75,0.0,0.680000007152557,0.860000014305115,4.44000005722046,0.0,11.0,16.0,268.0,696.0,2095.0
2347167796,2016-05-01,74.93,473.0,63.40000153,24.77000046,10113.0,6.75,6.75,0.0,0.680000007152557,0.860000014305115,4.44000005722046,0.0,11.0,16.0,268.0,696.0,2095.0
2347167796,2016-05-02,74.93,473.0,63.40000153,24.77000046,10113.0,6.75,6.75,0.0,0.680000007152557,0.860000014305115,4.44000005722046,0.0,11.0,16.0,268.0,696.0,2095.0
2347167796,2016-05-03,74.93,473.0,63.40000153,24.77000046,10113.0,6.75,6.75,0.0,0.680000007152557,0.860000014305115,4.44000005722046,0.0,11.0,16.0,268.0,696.0,2095.0
2347167796,2016-05-04,74.93,473.0,63.40000153,24.77000046,10113.0,6.75,6.75,0.0,0.680000007152557,0.860000014305115,4.44000005722046,0.0,11.0,16.0,268.0,696.0,2095.0
2347167796,2016-05-05,74.93,473.0,63.40000153,24.77000046,10113.0,6.75,6.75,0.0,0.680000007152557,0.860000014305115,4.44000005722046,0.0,11.0,16.0,268.0,696.0,2095.0
2347167796,2016-05-06,74.93,473.0,63.40000153,24.77000046,10113.0,6.75,6.75,0.0,0.680000007152557,0.860000014305115,4.44000005722046,0.0,11.0,16.0,268.0,696.0,2095.0
2347167796,2016-05-07,74.93,473.0,63.40000153,24.77000046,10113.0,6.75,6.75,0.0,0.680000007152557,0.860000014305115,4.44000005722046,0.0,11.0,16.0,268.0,696.0,2095.0
2347167796,2016-05-08,74.93,473.0,63.40000153,24.77000046,10113.0,6.75,6.75,0.0,0.680000007152557,0.860000014305115,4.44000005722046,0.0,11.0,16.0,268.0,696.0,2095.0
2347167796,2016-05-09,74.93,473.0,63.40000153,24.77000046,10113.0,6.75,6.75,0.0,0.680000007152557,0.860000014305115,4.44000005722046,0.0,11.0,16.0,268.0,696.0,2095.0
2347167796,2016-05-10,74.93,473.0,63.40000153,24.77000046,10113.0,6.75,6.75,0.0,0.680000007152557,0.860000014305115,4.44000005722046,0.0,11.0,16.0,268.0,696.0,2095.0
2347167796,2016-05-11,74.93,473.0,63.40000153,24.77000046,10113.0,6.75,6.75,0.0,0.680000007152557,0.860000014305115,4.44000005722046,0.0,11.0,16.0,268.0,696.0,2095.0
2347167796,2016-05-12,73.0,473.0,63.40000153,24.77000046,10113.0,6.75,6.75,0.0,0.680000007152557,0.860000014305115,4.44000005722046,0.0,11.0,16.0,268.0,696.0,2095.0
2873212765,2016-03-12,80.62,,56.95000076,21.55000019,7683.0,5.16000008583069,5.16000008583069,0.0,0.0499999988824129,0.119999997317791,4.8550000190734846,0.0,1.0,5.0,332.5,1079.0,1910.0
2873212765,2016-03-13,79.33,,56.95000076,21.55000019,7683.0,5.16000008583069,5.16000008583069,0.0,0.0499999988824129,0.119999997317791,4.8550000190734846,0.0,1.0,5.0,332.5,1079.0,1910.0
2873212765,2016-03-14,80.41,,56.95000076,21.55000019,7683.0,5.16000008583069,5.16000008583069,0.0,0.0499999988824129,0.119999997317791,4.8550000190734846,0.0,1.0,5.0,332.5,1079.0,1910.0
2873212765,2016-03-15,75.8,,56.95000076,21.55000019,7683.0,5.16000008583069,5.16000008583069,0.0,0.0499999988824129,0.119999997317791,4.8550000190734846,0.0,1.0,5.0,332.5,1079.0,1910.0
2873212765,2016-03-16,75.68,,56.95000076,21.55000019,7683.0,5.16000008583069,5.16000008583069,0.0,0.0499999988824129,0.119999997317791,4.8550000190734846,0.0,1.0,5.0,332.5,1079.0,1910.0
2873212765,2016-03-17,79.46,,56.95000076,21.55000019,7683.0,5.16000008583069,5.16000008583069,0.0,0.0499999988824129,0.119999997317791,4.8550000190734846,0.0,1.0,5.0,332.5,1079.0,1910.0
2873212765,2016-03-18,75.64,,56.95000076,21.55000019,7683.0,5.16000008583069,5.16000008583069,0.0,0.0499999988824129,0.119999997317791,4.8550000190734846,0.0,1.0,5.0,332.5,1079.0,1910.0
2873212765,2016-03-19,78.81,,56.95000076,21.55000019,7683.0,5.16000008583069,5.16000008583069,0.0,0.0499999988824129,0.119999997317791,4.8550000190734846,0.0,1.0,5.0,332.5,1079.0,1910.0
2873212765,2016-03-20,76.23,,56.95000076,21.55000019,7683.0,5.16000008583069,5.16000008583069,0.0,0.0499999988824129,0.119999997317791,4.8550000190734846,0.0,1.0,5.0,332.5,1079.0,1910.0
2873212765,2016-03-21,77.52,,56.95000076,21.55000019,7683.0,5.16000008583069,5.16000008583069,0.0,0.0499999988824129,0.119999997317791,4.8550000190734846,0.0,1.0,5.0,332.5,1079.0,1910.0
2873212765,2016-03-22,79.64,,56.95000076,21.55000019,7683.0,5.16000008583069,5.16000008583069,0.0,0.0499999988824129,0.119999997317791,4.8550000190734846,0.0,1.0,5.0,332.5,1079.0,1910.0
2873212765,2016-03-23,80.6,,56.95000076,21.55000019,7683.0,5.16000008583069,5.16000008583069,0.0,0.0499999988824129,0.119999997317791,4.8550000190734846,0.0,1.0,5.0,332.5,1079.0,1910.0
2873212765,2016-03-24,75.05,,56.95000076,21.55000019,7683.0,5.16000008583069,5.16000008583069,0.0,0.0499999988824129,0.119999997317791,4.8550000190734846,0.0,1.0,5.0,332.5,1079.0,1910.0
2873212765,2016-03-25,75.2,,56.95000076,21.55000019,7683.0,5.16000008583069,5.16000008583069,0.0,0.0499999988824129,0.119999997317791,4.8550000190734846,0.0,1.0,5.0,332.5,1079.0,1910.0
2873212765,2016-03-26,79.49,,56.95000076,21.55000019,7683.0,5.16000008583069,5.16000008583069,0.0,0.0499999988824129,0.119999997317791,4.8550000190734846,0.0,1.0,5.0,332.5,1079.0,1910.0
2873212765,2016-03-27,75.6,,56.95000076,21.55000019,7683.0,5.16000008583069,5.16000008583069,0.0,0.0499999988824129,0.119999997317791,4.8550000190734846,0.0,1.0,5.0,332.5,1079.0,1910.0
2873212765,2016-03-28,78.08,,56.95000076,21.55000019,7683.0,5.16000008583069,5.16000008583069,0.0,0.0499999988824129,0.119999997317791,4.8550000190734846,0.0,1.0,5.0,332.5,1079.0,1910.0
2873212765,2016-03-29,75.41,,56.95000076,21.55000019,7683.0,5.16000008583069,5.16000008583069,0.0,0.0499999988824129,0.119999997317791,4.8550000190734846,0.0,1.0,5.0,332.5,1079.0,1910.0
2873212765,2016-03-30,79.48,,56.95000076,21.55000019,7683.0,5.16000008583069,5.16000008583069,0.0,0.0499999988824129,0.119999997317791,4.8550000190734846,0.0,1.0,5.0,332.5,1079.0,1910.0
2873212765,2016-03-31,78.01,,56.95000076,21.55000019,7683.0,5.16000008583069,5.16000008583069,0.0,0.0499999988824129,0.119999997317791,4.8550000190734846,0.0,1.0,5.0,332.5,1079.0,1910.0
2873212765,2016-04-01,78.42,,56.95000076,21.55000019,890.0,0.600000023841858,0.600000023841858,0.0,0.0,0.0,0.600000023841858,0.0,0.0,0.0,41.0,1399.0,1335.0
2873212765,2016-04-02,76.95,,56.95000076,21.55000019,2214.0,1.49000000953674,1.49000000953674,0.0,0.0,0.0,1.49000000953674,0.0,0.0,0.0,197.0,1243.0,1559.0
2873212765,2016-04-03,78.55,,56.95000076,21.55000019,7640.0,5.13000011444092,5.13000011444092,0.0,0.189999997615814,0.800000011920929,4.15000009536743,0.0,3.0,15.0,315.0,1107.0,1845.0
2873212765,2016-04-04,80.17,,56.95000076,21.55000019,9713.0,6.53000020980835,6.53000020980835,0.0,0.340000003576279,0.889999985694885,5.28999996185303,0.0,6.0,24.0,355.0,1055.0,2046.0
2873212765,2016-04-05,79.6,,56.95000076,21.55000019,8432.0,5.67000007629395,5.67000007629395,0.0,0.0,0.0,5.65000009536743,0.0099999997764825,0.0,0.0,374.0,1066.0,1953.0
2873212765,2016-04-06,77.39,,56.95000076,21.55000019,7350.0,4.94000005722046,4.94000005722046,0.0,0.0,0.0,4.94000005722046,0.0,0.0,0.0,382.0,1058.0,1910.0
2873212765,2016-04-06,78.36500000000001,,56.70000076,21.45000076,7350.0,4.94000005722046,4.94000005722046,0.0,0.0,0.0,4.94000005722046,0.0,0.0,0.0,382.0,1058.0,1910.0
2873212765,2016-04-07,75.42,,56.95000076,21.55000019,9353.0,6.30999994277954,6.30999994277954,0.0,0.370000004768372,0.689999997615814,5.23999977111816,0.0,5.0,17.0,363.0,1055.0,2035.0
2873212765,2016-04-07,78.36500000000001,,57.20000076,21.64999962,9353.0,6.30999994277954,6.30999994277954,0.0,0.370000004768372,0.689999997615814,5.23999977111816,0.0,5.0,17.0,363.0,1055.0,2035.0
2873212765,2016-04-08,77.94,,56.95000076,21.55000019,7157.0,4.80999994277954,4.80999994277954,0.0,0.0,0.0,4.80999994277954,0.0,0.0,0.0,380.0,1060.0,1944.0
2873212765,2016-04-09,79.29,,56.95000076,21.55000019,14103.0,9.5600004196167,9.5600004196167,0.0,3.01999998092651,0.409999996423721,6.1399998664856,0.0099999997764825,46.0,8.0,288.0,1098.0,2257.0
2873212765,2016-04-10,75.25,,56.95000076,21.55000019,5290.0,3.54999995231628,3.54999995231628,0.0,0.0399999991059303,0.340000003576279,3.17000007629395,0.0,1.0,8.0,251.0,1180.0,1724.0
2873212765,2016-04-11,79.01,,56.95000076,21.55000019,7497.0,5.03999996185303,5.03999996185303,0.0,0.0,0.0,5.03999996185303,0.0,0.0,0.0,357.0,882.0,1741.0
2873212765,2016-04-12,75.64,,56.95000076,21.55000019,8796.0,5.90999984741211,5.90999984741211,0.0,0.109999999403954,0.930000007152557,4.88000011444092,0.0,2.0,21.0,356.0,2501.0,1982.0
2873212765,2016-04-13,79.31,,56.95000076,21.55000019,7618.0,5.11999988555908,5.11999988555908,0.0,0.0,0.219999998807907,4.88000011444092,0.0199999995529652,0.0,8.0,404.0,1028.0,2004.0
2873212765,2016-04-14,74.91,,56.95000076,21.55000019,7910.0,5.32000017166138,5.32000017166138,0.0,0.0,0.0,5.32000017166138,0.0,0.0,0.0,331.0,1109.0,1893.0
2873212765,2016-04-15,78.82,,56.95000076,21.55000019,8482.0,5.69999980926514,5.69999980926514,0.0,0.0,0.0,5.69000005722046,0.0099999997764825,0.0,0.0,448.0,992.0,2063.0
2873212765,2016-04-16,77.37,,56.95000076,21.55000019,9685.0,6.65000009536743,6.65000009536743,0.0,3.10999989509583,0.0199999995529652,3.50999999046326,0.0099999997764825,47.0,1.0,305.0,1087.0,2148.0
2873212765,2016-04-17,76.64,,56.95000076,21.55000019,2524.0,1.70000004768372,1.70000004768372,0.0,0.0,0.349999994039536,1.3400000333786,0.0,0.0,8.0,160.0,1272.0,1529.0
2873212765,2016-04-18,77.1,,56.95000076,21.55000019,7762.0,5.23999977111816,5.23999977111816,0.0,0.0700000002980232,0.280000001192093,4.8899998664856,0.0,1.0,6.0,311.0,1122.0,1890.0
2873212765,2016-04-19,76.69,,56.95000076,21.55000019,7948.0,5.36999988555908,5.36999988555908,0.0,0.0,0.0,5.3600001335144,0.0,0.0,0.0,389.0,1051.0,1956.0
2873212765,2016-04-20,75.99,,56.95000076,21.55000019,9202.0,6.30000019073486,6.30000019073486,0.0,1.50999999046326,0.119999997317791,4.65999984741211,0.0099999997764825,22.0,5.0,378.0,1035.0,2094.0
2873212765,2016-04-21,79.55,,56.95000076,21.55000019,8859.0,5.98000001907349,5.98000001907349,0.0,0.129999995231628,0.370000004768372,5.46999979019165,0.0099999997764825,2.0,10.0,371.0,1057.0,1970.0
2873212765,2016-04-21,78.36500000000001,,56.70000076,21.45000076,8859.0,5.98000001907349,5.98000001907349,0.0,0.129999995231628,0.370000004768372,5.46999979019165,0.0099999997764825,2.0,10.0,371.0,1057.0,1970.0
2873212765,2016-04-22,79.2,,56.95000076,21.55000019,7286.0,4.90000009536743,4.90000009536743,0.0,0.46000000834465,0.0,4.42000007629395,0.0199999995529652,46.0,0.0,366.0,1028.0,2241.0
2873212765,2016-04-23,78.45,,56.95000076,21.55000019,9317.0,6.34999990463257,6.34999990463257,0.0,2.08999991416931,0.230000004172325,4.01999998092651,0.0099999997764825,28.0,5.0,330.0,1077.0,2021.0
2873212765,2016-04-24,77.19,,56.95000076,21.55000019,6873.0,4.67999982833862,4.67999982833862,0.0,3.0,0.0599999986588955,1.62000000476837,0.0,46.0,1.0,190.0,1203.0,1898.0
2873212765,2016-04-25,77.27,,56.95000076,21.55000019,7373.0,4.94999980926514,4.94999980926514,0.0,0.0,0.0,4.94999980926514,0.0,0.0,0.0,359.0,1081.0,1907.0
2873212765,2016-04-26,80.57,,56.95000076,21.55000019,8242.0,5.53999996185303,5.53999996185303,0.0,0.119999997317791,0.180000007152557,5.23999977111816,0.0,2.0,5.0,309.0,1124.0,1882.0
2873212765,2016-04-27,80.18,,56.95000076,21.55000019,3516.0,2.35999989509583,2.35999989509583,0.0,0.0,0.0,2.35999989509583,0.0,46.0,0.0,197.0,1197.0,1966.0
2873212765,2016-04-28,75.26,,56.95000076,21.55000019,7913.0,5.40999984741211,5.40999984741211,0.0,2.16000008583069,0.340000003576279,2.91000008583069,0.0,28.0,7.0,213.0,1192.0,1835.0
2873212765,2016-04-29,80.36,,56.95000076,21.55000019,7365.0,4.94999980926514,4.94999980926514,0.0,1.36000001430511,1.4099999666214,2.1800000667572,0.0,20.0,23.0,206.0,1191.0,1780.0
2873212765,2016-04-30,78.59,,56.95000076,21.55000019,8452.0,5.67999982833862,5.67999982833862,0.0,0.330000013113022,1.08000004291534,4.26000022888184,0.0099999997764825,5.0,20.0,248.0,1167.0,1830.0
2873212765,2016-05-01,80.79,,56.95000076,21.55000019,7399.0,4.96999979019165,4.96999979019165,0.0,0.490000009536743,1.03999996185303,3.44000005722046,0.0,7.0,18.0,196.0,1219.0,1739.0
2873212765,2016-05-02,79.32,,56.95000076,21.55000019,7525.0,5.05999994277954,5.05999994277954,0.0,0.0,0.209999993443489,4.82999992370605,0.0199999995529652,0.0,7.0,334.0,1099.0,1878.0
2873212765,2016-05-03,78.31,,56.95000076,21.55000019,7412.0,4.98000001907349,4.98000001907349,0.0,0.0599999986588955,0.25,4.65999984741211,0.0099999997764825,1.0,6.0,363.0,1070.0,1906.0
2873212765,2016-05-04,75.41,,56.95000076,21.55000019,8278.0,5.55999994277954,5.55999994277954,0.0,0.0,0.0,5.55999994277954,0.0,0.0,0.0,420.0,1020.0,2015.0
2873212765,2016-05-05,80.53,,56.95000076,21.55000019,8314.0,5.6100001335144,5.6100001335144,0.0,0.779999971389771,0.800000011920929,4.03000020980835,0.0,13.0,23.0,311.0,1093.0,1971.0
2873212765,2016-05-06,79.56,,56.95000076,21.55000019,7063.0,4.75,4.75,0.0,0.0,0.119999997317791,4.6100001335144,0.0099999997764825,0.0,5.0,370.0,1065.0,1910.0
2873212765,2016-05-07,80.72,,56.95000076,21.55000019,4940.0,3.38000011444092,3.38000011444092,0.0,2.27999997138977,0.550000011920929,0.550000011920929,0.0,75.0,11.0,52.0,1302.0,1897.0
2873212765,2016-05-08,76.2,,56.95000076,21.55000019,8168.0,5.53999996185303,5.53999996185303,0.0,2.90000009536743,0.0,2.64000010490417,0.0,46.0,0.0,326.0,1068.0,2096.0
2873212765,2016-05-09,79.43,,56.95000076,21.55000019,7726.0,5.19000005722046,5.19000005722046,0.0,0.0,0.0,5.19000005722046,0.0,0.0,0.0,345.0,1095.0,1906.0
2873212765,2016-05-10,80.37,,56.95000076,21.55000019,8275.0,5.55999994277954,5.55999994277954,0.0,0.0,0.0,5.55000019073486,0.0099999997764825,0.0,0.0,373.0,1067.0,1962.0
2873212765,2016-05-11,76.83,,56.95000076,21.55000019,6440.0,4.32999992370605,4.32999992370605,0.0,0.0,0.0,4.32000017166138,0.0099999997764825,0.0,0.0,319.0,1121.0,1826.0
2873212765,2016-05-12,75.57,,56.95000076,21.55000019,7566.0,5.1100001335144,5.1100001335144,0.0,0.0,0.0,5.1100001335144,0.0,0.0,0.0,268.0,720.0,1431.0
2873212765,2016-05-12,78.36500000000001,,57.29999924,21.69000053,7566.0,5.1100001335144,5.1100001335144,0.0,0.0,0.0,5.1100001335144,0.0,0.0,0.0,268.0,720.0,1431.0
2891001357,2016-03-12,85.28,,88.40000153,25.03000069,0.0,0.0,0.0,0.0,0.0,0.0,0.0,0.0,0.0,0.0,0.0,1440.0,1920.0
2891001357,2016-03-13,88.83,,88.40000153,25.03000069,0.0,0.0,0.0,0.0,0.0,0.0,0.0,0.0,0.0,0.0,0.0,1440.0,1920.0
2891001357,2016-03-14,86.51,,88.40000153,25.03000069,0.0,0.0,0.0,0.0,0.0,0.0,0.0,0.0,0.0,0.0,0.0,1440.0,1920.0
2891001357,2016-03-15,87.43,,88.40000153,25.03000069,0.0,0.0,0.0,0.0,0.0,0.0,0.0,0.0,0.0,0.0,0.0,1440.0,1920.0
2891001357,2016-03-16,88.9,,88.40000153,25.03000069,0.0,0.0,0.0,0.0,0.0,0.0,0.0,0.0,0.0,0.0,0.0,1440.0,1920.0
2891001357,2016-03-17,87.31,,88.40000153,25.03000069,0.0,0.0,0.0,0.0,0.0,0.0,0.0,0.0,0.0,0.0,0.0,1440.0,1920.0
2891001357,2016-03-18,88.83,,88.40000153,25.03000069,0.0,0.0,0.0,0.0,0.0,0.0,0.0,0.0,0.0,0.0,0.0,1440.0,1920.0
2891001357,2016-03-19,86.12,,88.40000153,25.03000069,0.0,0.0,0.0,0.0,0.0,0.0,0.0,0.0,0.0,0.0,0.0,1440.0,1920.0
2891001357,2016-03-20,85.15,,88.40000153,25.03000069,0.0,0.0,0.0,0.0,0.0,0.0,0.0,0.0,0.0,0.0,0.0,1440.0,1920.0
2891001357,2016-03-21,86.29,,88.40000153,25.03000069,0.0,0.0,0.0,0.0,0.0,0.0,0.0,0.0,0.0,0.0,0.0,1440.0,1920.0
2891001357,2016-03-22,83.32,,88.40000153,25.03000069,0.0,0.0,0.0,0.0,0.0,0.0,0.0,0.0,0.0,0.0,0.0,1440.0,1920.0
2891001357,2016-03-23,88.89,,88.40000153,25.03000069,0.0,0.0,0.0,0.0,0.0,0.0,0.0,0.0,0.0,0.0,0.0,1440.0,1920.0
2891001357,2016-03-24,87.17,,88.40000153,25.03000069,0.0,0.0,0.0,0.0,0.0,0.0,0.0,0.0,0.0,0.0,0.0,1440.0,1920.0
2891001357,2016-03-25,83.52,,88.40000153,25.03000069,0.0,0.0,0.0,0.0,0.0,0.0,0.0,0.0,0.0,0.0,0.0,1440.0,1920.0
2891001357,2016-03-26,84.64,,88.40000153,25.03000069,0.0,0.0,0.0,0.0,0.0,0.0,0.0,0.0,0.0,0.0,0.0,1440.0,1920.0
2891001357,2016-03-27,88.85,,88.40000153,25.03000069,0.0,0.0,0.0,0.0,0.0,0.0,0.0,0.0,0.0,0.0,0.0,1440.0,1920.0
2891001357,2016-03-28,87.23,,88.40000153,25.03000069,0.0,0.0,0.0,0.0,0.0,0.0,0.0,0.0,0.0,0.0,0.0,1440.0,1920.0
2891001357,2016-03-29,84.26,,88.40000153,25.03000069,0.0,0.0,0.0,0.0,0.0,0.0,0.0,0.0,0.0,0.0,0.0,1440.0,1920.0
2891001357,2016-03-30,83.59,,88.40000153,25.03000069,0.0,0.0,0.0,0.0,0.0,0.0,0.0,0.0,0.0,0.0,0.0,1440.0,1920.0
2891001357,2016-03-31,87.72,,88.40000153,25.03000069,0.0,0.0,0.0,0.0,0.0,0.0,0.0,0.0,0.0,0.0,0.0,1440.0,1920.0
2891001357,2016-04-01,87.76,,88.40000153,25.03000069,0.0,0.0,0.0,4.82803201675415,0.0,0.0,0.0,0.0,0.0,660.0,0.0,780.0,4562.0
2891001357,2016-04-02,83.29,,88.40000153,25.03000069,4126.0,3.22000002861023,0.0,3.21868801116943,0.0,0.0,3.22000002861023,0.0,0.0,0.0,720.0,720.0,2881.0
2891001357,2016-04-03,89.09,,88.40000153,25.03000069,0.0,0.0,0.0,0.0,0.0,0.0,0.0,0.0,0.0,0.0,0.0,1440.0,1920.0
2891001357,2016-04-04,88.23,,88.40000153,25.03000069,0.0,0.0,0.0,0.0,0.0,0.0,0.0,0.0,0.0,0.0,0.0,1440.0,1920.0
2891001357,2016-04-05,85.76,,88.40000153,25.03000069,2063.0,1.61000001430511,0.0,1.60934400558472,0.0,0.0,1.61000001430511,0.0,0.0,0.0,630.0,99.0,1144.0
2891001357,2016-04-05,86.685,,88.40000153,25.03000069,2063.0,1.61000001430511,0.0,1.60934400558472,0.0,0.0,1.61000001430511,0.0,0.0,0.0,630.0,99.0,1144.0
2891001357,2016-04-06,87.67,,88.40000153,25.03000069,0.0,0.0,0.0,0.0,0.0,0.0,0.0,0.0,0.0,0.0,0.0,1440.0,1920.0
2891001357,2016-04-07,84.77,,88.40000153,25.03000069,0.0,0.0,0.0,0.0,0.0,0.0,0.0,0.0,0.0,0.0,0.0,1440.0,1920.0
2891001357,2016-04-08,86.76,,88.40000153,25.03000069,0.0,0.0,0.0,0.0,0.0,0.0,0.0,0.0,0.0,0.0,0.0,1440.0,1920.0
2891001357,2016-04-09,86.33,,88.40000153,25.03000069,0.0,0.0,0.0,0.0,0.0,0.0,0.0,0.0,0.0,0.0,0.0,1440.0,1920.0
2891001357,2016-04-10,86.94,,88.40000153,25.03000069,0.0,0.0,0.0,0.0,0.0,0.0,0.0,0.0,0.0,0.0,0.0,1440.0,1920.0
2891001357,2016-04-11,86.69,,88.40000153,25.03000069,0.0,0.0,0.0,0.0,0.0,0.0,0.0,0.0,0.0,0.0,0.0,1440.0,1920.0
2891001357,2016-04-12,84.34,,88.40000153,25.03000069,0.0,0.0,0.0,0.0,0.0,0.0,0.0,0.0,0.0,0.0,0.0,1440.0,1920.0
2891001357,2016-04-13,86.12,,88.40000153,25.03000069,0.0,0.0,0.0,0.0,0.0,0.0,0.0,0.0,0.0,0.0,0.0,1440.0,1920.0
2891001357,2016-04-14,87.84,,88.40000153,25.03000069,0.0,0.0,0.0,0.0,0.0,0.0,0.0,0.0,0.0,0.0,0.0,1440.0,1920.0
2891001357,2016-04-15,87.5,,88.40000153,25.03000069,0.0,0.0,0.0,0.0,0.0,0.0,0.0,0.0,0.0,0.0,0.0,1440.0,1920.0
2891001357,2016-04-16,84.53,,88.40000153,25.03000069,0.0,0.0,0.0,0.0,0.0,0.0,0.0,0.0,0.0,0.0,0.0,1440.0,1920.0
2891001357,2016-04-17,87.03,,88.40000153,25.03000069,0.0,0.0,0.0,0.0,0.0,0.0,0.0,0.0,0.0,0.0,0.0,1440.0,1920.0
2891001357,2016-04-18,84.53,,88.40000153,25.03000069,0.0,0.0,0.0,0.0,0.0,0.0,0.0,0.0,0.0,0.0,0.0,1440.0,1920.0
2891001357,2016-04-19,87.11,,88.40000153,25.03000069,0.0,0.0,0.0,0.0,0.0,0.0,0.0,0.0,0.0,0.0,0.0,1440.0,1920.0
2891001357,2016-04-20,85.68,,88.40000153,25.03000069,0.0,0.0,0.0,0.0,0.0,0.0,0.0,0.0,0.0,0.0,0.0,1440.0,1920.0
2891001357,2016-04-21,86.82,,88.40000153,25.03000069,0.0,0.0,0.0,0.0,0.0,0.0,0.0,0.0,0.0,0.0,0.0,1440.0,1920.0
2891001357,2016-04-22,88.25,,88.40000153,25.03000069,0.0,0.0,0.0,0.0,0.0,0.0,0.0,0.0,0.0,0.0,0.0,1440.0,1920.0
2891001357,2016-04-23,85.67,,88.40000153,25.03000069,0.0,0.0,0.0,0.0,0.0,0.0,0.0,0.0,0.0,0.0,0.0,1440.0,1920.0
2891001357,2016-04-24,87.09,,88.40000153,25.03000069,0.0,0.0,0.0,0.0,0.0,0.0,0.0,0.0,0.0,0.0,0.0,1440.0,1920.0
2891001357,2016-04-25,87.25,,88.40000153,25.03000069,0.0,0.0,0.0,0.0,0.0,0.0,0.0,0.0,0.0,0.0,0.0,1440.0,1920.0
2891001357,2016-04-26,88.1,,88.40000153,25.03000069,0.0,0.0,0.0,0.0,0.0,0.0,0.0,0.0,0.0,0.0,0.0,1440.0,1920.0
2891001357,2016-04-27,86.27,,88.40000153,25.03000069,0.0,0.0,0.0,0.0,0.0,0.0,0.0,0.0,0.0,0.0,0.0,1440.0,1920.0
2891001357,2016-04-28,86.16,,88.40000153,25.03000069,0.0,0.0,0.0,0.0,0.0,0.0,0.0,0.0,0.0,0.0,0.0,1440.0,1920.0
2891001357,2016-04-29,83.92,,88.40000153,25.03000069,0.0,0.0,0.0,0.0,0.0,0.0,0.0,0.0,0.0,0.0,0.0,1440.0,1920.0
2891001357,2016-04-30,86.94,,88.40000153,25.03000069,0.0,0.0,0.0,0.0,0.0,0.0,0.0,0.0,0.0,0.0,0.0,1440.0,1920.0
2891001357,2016-05-01,87.8,,88.40000153,25.03000069,0.0,0.0,0.0,0.0,0.0,0.0,0.0,0.0,0.0,0.0,0.0,1440.0,1920.0
2891001357,2016-05-02,84.56,,88.40000153,25.03000069,0.0,0.0,0.0,0.0,0.0,0.0,0.0,0.0,0.0,0.0,0.0,1440.0,1920.0
2891001357,2016-05-03,84.75,,88.40000153,25.03000069,0.0,0.0,0.0,0.0,0.0,0.0,0.0,0.0,0.0,0.0,0.0,1440.0,1920.0
2891001357,2016-05-04,85.41,,88.40000153,25.03000069,0.0,0.0,0.0,0.0,0.0,0.0,0.0,0.0,0.0,0.0,0.0,1440.0,1920.0
2891001357,2016-05-05,83.47,,88.40000153,25.03000069,0.0,0.0,0.0,0.0,0.0,0.0,0.0,0.0,0.0,0.0,0.0,1440.0,1920.0
2891001357,2016-05-06,88.46,,88.40000153,25.03000069,0.0,0.0,0.0,0.0,0.0,0.0,0.0,0.0,0.0,0.0,0.0,1440.0,1920.0
2891001357,2016-05-07,86.28,,88.40000153,25.03000069,0.0,0.0,0.0,0.0,0.0,0.0,0.0,0.0,0.0,0.0,0.0,1440.0,1920.0
2891001357,2016-05-08,87.25,,88.40000153,25.03000069,0.0,0.0,0.0,0.0,0.0,0.0,0.0,0.0,0.0,0.0,0.0,1440.0,1920.0
2891001357,2016-05-09,83.3,,88.40000153,25.03000069,0.0,0.0,0.0,0.0,0.0,0.0,0.0,0.0,0.0,0.0,0.0,1440.0,1920.0
2891001357,2016-05-10,88.42,,88.40000153,25.03000069,0.0,0.0,0.0,0.0,0.0,0.0,0.0,0.0,0.0,0.0,0.0,1440.0,1920.0
2891001357,2016-05-11,86.68,,88.40000153,25.03000069,0.0,0.0,0.0,0.0,0.0,0.0,0.0,0.0,0.0,0.0,0.0,1440.0,1920.0
2891001357,2016-05-12,83.97,,88.40000153,25.03000069,0.0,0.0,0.0,0.0,0.0,0.0,0.0,0.0,0.0,0.0,0.0,1440.0,1920.0
3372868164,2016-03-12,79.82,,75.59999847,25.76000023,6764.5,4.615000009536745,4.615000009536745,0.0,0.8099999725818634,0.0649999994784594,3.669999957084655,0.0099999997764825,12.5,2.0,328.5,1084.5,1968.0
3372868164,2016-03-13,80.0,,75.59999847,25.76000023,6764.5,4.615000009536745,4.615000009536745,0.0,0.8099999725818634,0.0649999994784594,3.669999957084655,0.0099999997764825,12.5,2.0,328.5,1084.5,1968.0
3372868164,2016-03-14,75.79,,75.59999847,25.76000023,6764.5,4.615000009536745,4.615000009536745,0.0,0.8099999725818634,0.0649999994784594,3.669999957084655,0.0099999997764825,12.5,2.0,328.5,1084.5,1968.0
3372868164,2016-03-15,76.6,,75.59999847,25.76000023,6764.5,4.615000009536745,4.615000009536745,0.0,0.8099999725818634,0.0649999994784594,3.669999957084655,0.0099999997764825,12.5,2.0,328.5,1084.5,1968.0
3372868164,2016-03-16,79.5,,75.59999847,25.76000023,6764.5,4.615000009536745,4.615000009536745,0.0,0.8099999725818634,0.0649999994784594,3.669999957084655,0.0099999997764825,12.5,2.0,328.5,1084.5,1968.0
3372868164,2016-03-17,77.67,,75.59999847,25.76000023,6764.5,4.615000009536745,4.615000009536745,0.0,0.8099999725818634,0.0649999994784594,3.669999957084655,0.0099999997764825,12.5,2.0,328.5,1084.5,1968.0
3372868164,2016-03-18,79.56,,75.59999847,25.76000023,6764.5,4.615000009536745,4.615000009536745,0.0,0.8099999725818634,0.0649999994784594,3.669999957084655,0.0099999997764825,12.5,2.0,328.5,1084.5,1968.0
3372868164,2016-03-19,77.2,,75.59999847,25.76000023,6764.5,4.615000009536745,4.615000009536745,0.0,0.8099999725818634,0.0649999994784594,3.669999957084655,0.0099999997764825,12.5,2.0,328.5,1084.5,1968.0
3372868164,2016-03-20,80.22,,75.59999847,25.76000023,6764.5,4.615000009536745,4.615000009536745,0.0,0.8099999725818634,0.0649999994784594,3.669999957084655,0.0099999997764825,12.5,2.0,328.5,1084.5,1968.0
3372868164,2016-03-21,78.38,,75.59999847,25.76000023,6764.5,4.615000009536745,4.615000009536745,0.0,0.8099999725818634,0.0649999994784594,3.669999957084655,0.0099999997764825,12.5,2.0,328.5,1084.5,1968.0
3372868164,2016-03-22,79.39,,75.59999847,25.76000023,6764.5,4.615000009536745,4.615000009536745,0.0,0.8099999725818634,0.0649999994784594,3.669999957084655,0.0099999997764825,12.5,2.0,328.5,1084.5,1968.0
3372868164,2016-03-23,80.12,,75.59999847,25.76000023,6764.5,4.615000009536745,4.615000009536745,0.0,0.8099999725818634,0.0649999994784594,3.669999957084655,0.0099999997764825,12.5,2.0,328.5,1084.5,1968.0
3372868164,2016-03-24,74.91,,75.59999847,25.76000023,6764.5,4.615000009536745,4.615000009536745,0.0,0.8099999725818634,0.0649999994784594,3.669999957084655,0.0099999997764825,12.5,2.0,328.5,1084.5,1968.0
3372868164,2016-03-25,80.02,,75.59999847,25.76000023,6764.5,4.615000009536745,4.615000009536745,0.0,0.8099999725818634,0.0649999994784594,3.669999957084655,0.0099999997764825,12.5,2.0,328.5,1084.5,1968.0
3372868164,2016-03-26,75.19,,75.59999847,25.76000023,6764.5,4.615000009536745,4.615000009536745,0.0,0.8099999725818634,0.0649999994784594,3.669999957084655,0.0099999997764825,12.5,2.0,328.5,1084.5,1968.0
3372868164,2016-03-27,74.65,,75.59999847,25.76000023,6764.5,4.615000009536745,4.615000009536745,0.0,0.8099999725818634,0.0649999994784594,3.669999957084655,0.0099999997764825,12.5,2.0,328.5,1084.5,1968.0
3372868164,2016-03-28,74.83,,75.59999847,25.76000023,6764.5,4.615000009536745,4.615000009536745,0.0,0.8099999725818634,0.0649999994784594,3.669999957084655,0.0099999997764825,12.5,2.0,328.5,1084.5,1968.0
3372868164,2016-03-29,79.67,,75.59999847,25.76000023,6764.5,4.615000009536745,4.615000009536745,0.0,0.8099999725818634,0.0649999994784594,3.669999957084655,0.0099999997764825,12.5,2.0,328.5,1084.5,1968.0
3372868164,2016-03-30,76.75,,75.59999847,25.76000023,6764.5,4.615000009536745,4.615000009536745,0.0,0.8099999725818634,0.0649999994784594,3.669999957084655,0.0099999997764825,12.5,2.0,328.5,1084.5,1968.0
3372868164,2016-03-31,77.41,,75.59999847,25.76000023,6764.5,4.615000009536745,4.615000009536745,0.0,0.8099999725818634,0.0649999994784594,3.669999957084655,0.0099999997764825,12.5,2.0,328.5,1084.5,1968.0
3372868164,2016-04-01,76.14,,75.59999847,25.76000023,5785.0,3.95000004768372,3.95000004768372,0.0,0.0,0.0,3.91000008583069,0.0399999991059303,0.0,0.0,311.0,1129.0,1852.0
3372868164,2016-04-02,76.44,,75.59999847,25.76000023,7625.0,5.23000001907349,5.23000001907349,0.0,1.67999994754791,0.0399999991059303,3.5,0.0099999997764825,24.0,1.0,341.0,1074.0,2069.0
3372868164,2016-04-03,77.18,,75.59999847,25.76000023,4706.0,3.21000003814697,3.21000003814697,0.0,0.0,0.0,3.21000003814697,0.0,0.0,0.0,299.0,1141.0,1816.0
3372868164,2016-04-04,77.38,,75.59999847,25.76000023,5861.0,4.01999998092651,4.01999998092651,0.0,1.29999995231628,0.219999998807907,2.49000000953674,0.0099999997764825,20.0,7.0,233.0,1180.0,1878.0
3372868164,2016-04-05,75.76,,75.59999847,25.76000023,4460.0,3.03999996185303,3.03999996185303,0.0,0.0,0.0,3.01999998092651,0.0299999993294477,0.0,0.0,248.0,1192.0,1787.0
3372868164,2016-04-06,76.44,,75.59999847,25.76000023,6406.0,4.3899998664856,4.3899998664856,0.0,0.779999971389771,0.0900000035762787,3.51999998092651,0.0099999997764825,17.0,4.0,325.0,1094.0,2010.0
3372868164,2016-04-07,78.71,,75.59999847,25.76000023,7392.0,5.09999990463257,5.09999990463257,0.0,0.870000004768372,0.159999996423721,4.05000019073486,0.0199999995529652,14.0,9.0,332.0,1085.0,2038.0
3372868164,2016-04-08,76.68,,75.59999847,25.76000023,5551.0,3.78999996185303,3.78999996185303,0.0,0.0,0.0,3.76999998092651,0.0099999997764825,0.0,0.0,282.0,1158.0,1815.0
3372868164,2016-04-09,75.01,,75.59999847,25.76000023,8827.0,6.25,6.25,0.0,1.76999998092651,0.479999989271164,4.0,0.0099999997764825,21.0,10.0,346.0,1063.0,2062.0
3372868164,2016-04-10,75.7,,75.59999847,25.76000023,4662.0,3.1800000667572,3.1800000667572,0.0,1.03999996185303,0.150000005960464,1.99000000953674,0.0,22.0,4.0,152.0,735.0,1276.0
3372868164,2016-04-11,75.91,,75.59999847,25.76000023,6764.5,4.615000009536745,4.615000009536745,0.0,0.8099999725818634,0.0649999994784594,3.669999957084655,0.0099999997764825,12.5,2.0,328.5,1084.5,1968.0
3372868164,2016-04-12,79.65,,75.59999847,25.76000023,4747.0,3.24000000953674,3.24000000953674,0.0,0.0,0.0,3.23000001907349,0.0099999997764825,0.0,0.0,280.0,1160.0,1788.0
3372868164,2016-04-13,78.55,,75.59999847,25.76000023,9715.0,6.63000011444092,6.63000011444092,0.0,0.990000009536743,0.340000003576279,5.26999998092651,0.0199999995529652,16.0,8.0,371.0,1045.0,2093.0
3372868164,2016-04-14,78.41,,75.59999847,25.76000023,8844.0,6.03000020980835,6.03000020980835,0.0,0.340000003576279,1.02999997138977,4.65000009536743,0.0099999997764825,6.0,25.0,370.0,1039.0,2065.0
3372868164,2016-04-15,79.24,,75.59999847,25.76000023,7451.0,5.07999992370605,5.07999992370605,0.0,0.0,0.0,5.05999994277954,0.0199999995529652,0.0,0.0,335.0,1105.0,1908.0
3372868164,2016-04-16,74.91,,75.59999847,25.76000023,6905.0,4.73000001907349,4.73000001907349,0.0,0.0,0.0,4.69999980926514,0.0299999993294477,0.0,0.0,356.0,1084.0,1908.0
3372868164,2016-04-17,77.13,,75.59999847,25.76000023,8199.0,5.88000011444092,5.88000011444092,0.0,1.4099999666214,0.100000001490116,4.3600001335144,0.0099999997764825,11.0,2.0,322.0,1105.0,1964.0
3372868164,2016-04-18,79.83,,75.59999847,25.76000023,6798.0,4.6399998664856,4.6399998664856,0.0,1.08000004291534,0.200000002980232,3.34999990463257,0.0,20.0,7.0,343.0,1070.0,2014.0
3372868164,2016-04-19,79.25,,75.59999847,25.76000023,7711.0,5.26000022888184,5.26000022888184,0.0,0.0,0.0,5.23999977111816,0.0199999995529652,0.0,0.0,376.0,1064.0,1985.0
3372868164,2016-04-20,77.22,,75.59999847,25.76000023,4880.0,3.32999992370605,3.32999992370605,0.0,0.839999973773956,0.0900000035762787,2.38000011444092,0.0199999995529652,15.0,3.0,274.0,1148.0,1867.0
3372868164,2016-04-21,77.68,,75.59999847,25.76000023,8857.0,6.07000017166138,6.07000017166138,0.0,1.14999997615814,0.259999990463257,4.6399998664856,0.0099999997764825,18.0,9.0,376.0,1037.0,2124.0
3372868164,2016-04-22,76.05,,75.59999847,25.76000023,3843.0,2.61999988555908,2.61999988555908,0.0,0.0,0.0,2.60999989509583,0.0099999997764825,0.0,0.0,206.0,1234.0,1669.0
3372868164,2016-04-23,75.38,,75.59999847,25.76000023,7396.0,5.07000017166138,5.07000017166138,0.0,1.39999997615814,0.0799999982118607,3.57999992370605,0.0,20.0,2.0,303.0,1115.0,1995.0
3372868164,2016-04-24,79.01,,75.59999847,25.76000023,6731.0,4.59000015258789,4.59000015258789,0.0,0.889999985694885,0.189999997615814,3.49000000953674,0.0199999995529652,14.0,7.0,292.0,1127.0,1921.0
3372868164,2016-04-25,77.81,,75.59999847,25.76000023,5995.0,4.09000015258789,4.09000015258789,0.0,0.0,0.0,4.09000015258789,0.0,0.0,0.0,416.0,1024.0,2010.0
3372868164,2016-04-26,76.57,,75.59999847,25.76000023,8283.0,5.78999996185303,5.78999996185303,0.0,1.85000002384186,0.0500000007450581,3.86999988555908,0.0099999997764825,22.0,2.0,333.0,1083.0,2057.0
3372868164,2016-04-27,79.32,,75.59999847,25.76000023,7904.0,5.42000007629395,5.42000007629395,0.0,1.58000004291534,0.629999995231628,3.19000005722046,0.0099999997764825,24.0,13.0,346.0,1057.0,2095.0
3372868164,2016-04-28,76.38,,75.59999847,25.76000023,5512.0,3.75999999046326,3.75999999046326,0.0,0.0,0.0,3.75999999046326,0.0,0.0,0.0,385.0,1055.0,1972.0
3372868164,2016-04-29,79.41,,75.59999847,25.76000023,9135.0,6.23000001907349,6.23000001907349,0.0,0.0,0.0,6.21999979019165,0.0099999997764825,0.0,0.0,402.0,1038.0,2044.0
3372868164,2016-04-30,75.07,,75.59999847,25.76000023,5250.0,3.57999992370605,3.57999992370605,0.0,1.05999994277954,0.0900000035762787,2.42000007629395,0.0099999997764825,17.0,4.0,300.0,1119.0,1946.0
3372868164,2016-05-01,77.04,,75.59999847,25.76000023,3077.0,2.09999990463257,2.09999990463257,0.0,0.0,0.0,2.08999991416931,0.0,0.0,0.0,172.0,842.0,1237.0
3372868164,2016-05-02,80.55,,75.59999847,25.76000023,6764.5,4.615000009536745,4.615000009536745,0.0,0.8099999725818634,0.0649999994784594,3.669999957084655,0.0099999997764825,12.5,2.0,328.5,1084.5,1968.0
3372868164,2016-05-03,80.21,,75.59999847,25.76000023,6764.5,4.615000009536745,4.615000009536745,0.0,0.8099999725818634,0.0649999994784594,3.669999957084655,0.0099999997764825,12.5,2.0,328.5,1084.5,1968.0
3372868164,2016-05-04,75.46,,75.59999847,25.76000023,6764.5,4.615000009536745,4.615000009536745,0.0,0.8099999725818634,0.0649999994784594,3.669999957084655,0.0099999997764825,12.5,2.0,328.5,1084.5,1968.0
3372868164,2016-05-05,78.91,,75.59999847,25.76000023,6764.5,4.615000009536745,4.615000009536745,0.0,0.8099999725818634,0.0649999994784594,3.669999957084655,0.0099999997764825,12.5,2.0,328.5,1084.5,1968.0
3372868164,2016-05-06,80.57,,75.59999847,25.76000023,6764.5,4.615000009536745,4.615000009536745,0.0,0.8099999725818634,0.0649999994784594,3.669999957084655,0.0099999997764825,12.5,2.0,328.5,1084.5,1968.0
3372868164,2016-05-07,76.7,,75.59999847,25.76000023,6764.5,4.615000009536745,4.615000009536745,0.0,0.8099999725818634,0.0649999994784594,3.669999957084655,0.0099999997764825,12.5,2.0,328.5,1084.5,1968.0
3372868164,2016-05-08,76.52,,75.59999847,25.76000023,6764.5,4.615000009536745,4.615000009536745,0.0,0.8099999725818634,0.0649999994784594,3.669999957084655,0.0099999997764825,12.5,2.0,328.5,1084.5,1968.0
3372868164,2016-05-09,77.28,,75.59999847,25.76000023,6764.5,4.615000009536745,4.615000009536745,0.0,0.8099999725818634,0.0649999994784594,3.669999957084655,0.0099999997764825,12.5,2.0,328.5,1084.5,1968.0
3372868164,2016-05-10,77.52,,75.59999847,25.76000023,6764.5,4.615000009536745,4.615000009536745,0.0,0.8099999725818634,0.0649999994784594,3.669999957084655,0.0099999997764825,12.5,2.0,328.5,1084.5,1968.0
3372868164,2016-05-11,79.98,,75.59999847,25.76000023,6764.5,4.615000009536745,4.615000009536745,0.0,0.8099999725818634,0.0649999994784594,3.669999957084655,0.0099999997764825,12.5,2.0,328.5,1084.5,1968.0
3372868164,2016-05-12,80.41,,75.59999847,25.76000023,6764.5,4.615000009536745,4.615000009536745,0.0,0.8099999725818634,0.0649999994784594,3.669999957084655,0.0099999997764825,12.5,2.0,328.5,1084.5,1968.0
3977333714,2016-03-11,73.535,651.0,75.59999847,25.76000023,11508.0,7.75,7.75,0.0,1.04999995231628,2.00999999046326,3.22000002861023,0.0,15.0,45.0,176.0,713.0,1574.0
3977333714,2016-03-12,74.46,651.0,75.59999847,25.76000023,11508.0,7.75,7.75,0.0,1.04999995231628,2.00999999046326,3.22000002861023,0.0,15.0,45.0,176.0,713.0,1574.0
3977333714,2016-03-13,73.42,651.0,75.59999847,25.76000023,11508.0,7.75,7.75,0.0,1.04999995231628,2.00999999046326,3.22000002861023,0.0,15.0,45.0,176.0,713.0,1574.0
3977333714,2016-03-14,72.07,540.0,75.59999847,25.76000023,11508.0,7.75,7.75,0.0,1.04999995231628,2.00999999046326,3.22000002861023,0.0,15.0,45.0,176.0,713.0,1574.0
3977333714,2016-03-15,73.56,517.0,75.59999847,25.76000023,11508.0,7.75,7.75,0.0,1.04999995231628,2.00999999046326,3.22000002861023,0.0,15.0,45.0,176.0,713.0,1574.0
3977333714,2016-03-16,75.2,435.0,75.59999847,25.76000023,11508.0,7.75,7.75,0.0,1.04999995231628,2.00999999046326,3.22000002861023,0.0,15.0,45.0,176.0,713.0,1574.0
3977333714,2016-03-17,72.08,610.0,75.59999847,25.76000023,11508.0,7.75,7.75,0.0,1.04999995231628,2.00999999046326,3.22000002861023,0.0,15.0,45.0,176.0,713.0,1574.0
3977333714,2016-03-18,70.79,610.0,75.59999847,25.76000023,11508.0,7.75,7.75,0.0,1.04999995231628,2.00999999046326,3.22000002861023,0.0,15.0,45.0,176.0,713.0,1574.0
3977333714,2016-03-19,74.59,610.0,75.59999847,25.76000023,11508.0,7.75,7.75,0.0,1.04999995231628,2.00999999046326,3.22000002861023,0.0,15.0,45.0,176.0,713.0,1574.0
3977333714,2016-03-20,73.94,610.0,75.59999847,25.76000023,11508.0,7.75,7.75,0.0,1.04999995231628,2.00999999046326,3.22000002861023,0.0,15.0,45.0,176.0,713.0,1574.0
3977333714,2016-03-21,76.4,610.0,75.59999847,25.76000023,11508.0,7.75,7.75,0.0,1.04999995231628,2.00999999046326,3.22000002861023,0.0,15.0,45.0,176.0,713.0,1574.0
3977333714,2016-03-22,72.19,610.0,75.59999847,25.76000023,11508.0,7.75,7.75,0.0,1.04999995231628,2.00999999046326,3.22000002861023,0.0,15.0,45.0,176.0,713.0,1574.0
3977333714,2016-03-23,71.34,610.0,75.59999847,25.76000023,11508.0,7.75,7.75,0.0,1.04999995231628,2.00999999046326,3.22000002861023,0.0,15.0,45.0,176.0,713.0,1574.0
3977333714,2016-03-24,76.62,610.0,75.59999847,25.76000023,11508.0,7.75,7.75,0.0,1.04999995231628,2.00999999046326,3.22000002861023,0.0,15.0,45.0,176.0,713.0,1574.0
3977333714,2016-03-25,74.45,610.0,75.59999847,25.76000023,11508.0,7.75,7.75,0.0,1.04999995231628,2.00999999046326,3.22000002861023,0.0,15.0,45.0,176.0,713.0,1574.0
3977333714,2016-03-26,73.94,610.0,75.59999847,25.76000023,11508.0,7.75,7.75,0.0,1.04999995231628,2.00999999046326,3.22000002861023,0.0,15.0,45.0,176.0,713.0,1574.0
3977333714,2016-03-27,74.26,610.0,75.59999847,25.76000023,11508.0,7.75,7.75,0.0,1.04999995231628,2.00999999046326,3.22000002861023,0.0,15.0,45.0,176.0,713.0,1574.0
3977333714,2016-03-28,73.81,610.0,75.59999847,25.76000023,11508.0,7.75,7.75,0.0,1.04999995231628,2.00999999046326,3.22000002861023,0.0,15.0,45.0,176.0,713.0,1574.0
3977333714,2016-03-29,72.77,610.0,75.59999847,25.76000023,11508.0,7.75,7.75,0.0,1.04999995231628,2.00999999046326,3.22000002861023,0.0,15.0,45.0,176.0,713.0,1574.0
3977333714,2016-03-30,71.73,610.0,75.59999847,25.76000023,11508.0,7.75,7.75,0.0,1.04999995231628,2.00999999046326,3.22000002861023,0.0,15.0,45.0,176.0,713.0,1574.0
3977333714,2016-03-31,75.29,610.0,75.59999847,25.76000023,11508.0,7.75,7.75,0.0,1.04999995231628,2.00999999046326,3.22000002861023,0.0,15.0,45.0,176.0,713.0,1574.0
3977333714,2016-04-01,74.11,565.0,75.59999847,25.76000023,4499.0,3.00999999046326,3.00999999046326,0.0,0.0,0.0,3.00999999046326,0.0,0.0,0.0,168.0,842.0,1288.0
3977333714,2016-04-02,73.63,383.0,75.59999847,25.76000023,7618.0,5.09999990463257,5.09999990463257,0.0,0.0,0.180000007152557,4.90999984741211,0.0,0.0,6.0,302.0,842.0,1490.0
3977333714,2016-04-03,75.39,504.0,75.59999847,25.76000023,11508.0,7.69999980926514,7.69999980926514,0.0,2.17000007629395,0.839999973773956,4.69000005722046,0.0,29.0,22.0,282.0,748.0,1630.0
3977333714,2016-04-04,76.67,544.0,75.59999847,25.76000023,11943.0,7.98999977111816,7.98999977111816,0.0,1.02999997138977,2.00999999046326,4.94999980926514,0.0,16.0,43.0,297.0,710.0,1648.0
3977333714,2016-04-05,74.27,596.0,75.59999847,25.76000023,12303.0,8.22999954223633,8.22999954223633,0.0,1.71000003814697,1.35000002384186,5.17000007629395,0.0,26.0,32.0,291.0,605.0,1649.0
3977333714,2016-04-06,71.99,556.0,75.59999847,25.76000023,15425.0,10.3199996948242,10.3199996948242,0.0,1.62000000476837,1.82000005245209,6.86999988555908,0.0,24.0,45.0,331.0,614.0,1783.0
3977333714,2016-04-07,74.59,598.0,75.59999847,25.76000023,8422.0,5.63000011444092,5.63000011444092,0.0,0.0,3.59999990463257,2.03999996185303,0.0,0.0,81.0,139.0,815.0,1431.0
3977333714,2016-04-08,71.65,657.0,75.59999847,25.76000023,10226.0,6.84000015258789,6.84000015258789,0.0,0.0,4.44000005722046,2.40000009536743,0.0,0.0,101.0,174.0,685.0,1524.0
3977333714,2016-04-09,75.02,567.0,75.59999847,25.76000023,14583.0,9.76000022888184,9.76000022888184,0.0,2.48000001907349,1.74000000953674,5.53000020980835,0.0,35.0,36.0,254.0,697.0,1697.0
3977333714,2016-04-10,73.49,611.0,75.59999847,25.76000023,3573.0,2.39000010490417,2.39000010490417,0.0,0.939999997615814,0.409999996423721,0.970000028610229,0.0,15.0,8.0,99.0,866.0,1232.0
3977333714,2016-04-11,75.27,555.0,75.59999847,25.76000023,3108.0,2.14000010490417,2.14000010490417,0.0,0.0700000002980232,0.0399999991059303,1.96000003814697,0.0,1.0,1.0,129.0,894.0,1223.0
3977333714,2016-04-12,76.35,677.0,75.59999847,25.76000023,9615.0,6.5500000119209325,6.5500000119209325,0.0,3.05999994277954,0.910000026226044,2.579999983310703,0.0,44.0,19.0,148.0,964.0,1632.0
3977333714,2016-04-13,73.33,623.0,75.59999847,25.76000023,10035.0,6.71000003814697,6.71000003814697,0.0,2.02999997138977,2.13000011444092,2.54999995231628,0.0,31.0,46.0,153.0,754.0,1495.0
3977333714,2016-04-14,71.47,508.0,75.59999847,25.76000023,7641.0,5.1100001335144,5.1100001335144,0.0,0.319999992847443,0.970000028610229,3.8199999332428,0.0,5.0,23.0,214.0,801.0,1433.0
3977333714,2016-04-15,75.1,690.0,75.59999847,25.76000023,9010.0,6.05999994277954,6.05999994277954,0.0,1.04999995231628,1.75,3.25999999046326,0.0,15.0,42.0,183.0,644.0,1468.0
3977333714,2016-04-16,72.6,737.0,75.59999847,25.76000023,13459.0,9.0,9.0,0.0,2.02999997138977,4.0,2.97000002861023,0.0,31.0,83.0,153.0,663.0,1625.0
3977333714,2016-04-17,76.47,755.0,75.59999847,25.76000023,10415.0,6.96999979019165,6.96999979019165,0.0,0.699999988079071,2.34999990463257,3.92000007629395,0.0,11.0,58.0,205.0,600.0,1529.0
3977333714,2016-04-18,72.28,635.0,75.59999847,25.76000023,11663.0,7.80000019073486,7.80000019073486,0.0,0.25,3.73000001907349,3.8199999332428,0.0,4.0,95.0,214.0,605.0,1584.0
3977333714,2016-04-19,75.71,575.0,75.59999847,25.76000023,12414.0,8.77999973297119,8.77999973297119,0.0,2.24000000953674,2.45000004768372,3.96000003814697,0.0,19.0,67.0,221.0,738.0,1638.0
3977333714,2016-04-20,74.21,517.0,75.59999847,25.76000023,11658.0,7.82999992370605,7.82999992370605,0.0,0.200000002980232,4.34999990463257,3.27999997138977,0.0,2.0,98.0,164.0,845.0,1554.0
3977333714,2016-04-21,76.26,644.0,75.59999847,25.76000023,6093.0,4.07999992370605,4.07999992370605,0.0,0.0,0.0,4.05999994277954,0.0,0.0,0.0,242.0,712.0,1397.0
3977333714,2016-04-22,71.14,598.0,75.59999847,25.76000023,8911.0,5.96000003814697,5.96000003814697,0.0,2.32999992370605,0.579999983310699,3.05999994277954,0.0,33.0,12.0,188.0,731.0,1481.0
3977333714,2016-04-23,76.61,510.0,75.59999847,25.76000023,12058.0,8.06999969482422,8.06999969482422,0.0,0.0,4.21999979019165,3.84999990463257,0.0,0.0,92.0,252.0,724.0,1638.0
3977333714,2016-04-24,72.31,744.0,75.59999847,25.76000023,14112.0,10.0,10.0,0.0,3.26999998092651,4.55999994277954,2.17000007629395,0.0,30.0,95.0,129.0,660.0,1655.0
3977333714,2016-04-25,70.97,676.0,75.59999847,25.76000023,11177.0,8.47999954223633,8.47999954223633,0.0,5.61999988555908,0.430000007152557,2.41000008583069,0.0,50.0,9.0,133.0,781.0,1570.0
3977333714,2016-04-26,71.4,494.0,75.59999847,25.76000023,11388.0,7.61999988555908,7.61999988555908,0.0,0.449999988079071,4.21999979019165,2.95000004768372,0.0,7.0,95.0,170.0,797.0,1551.0
3977333714,2016-04-27,73.03,736.0,75.59999847,25.76000023,7193.0,5.03999996185303,5.03999996185303,0.0,0.0,0.419999986886978,4.61999988555908,0.0,0.0,10.0,176.0,714.0,1377.0
3977333714,2016-04-28,73.36,592.0,75.59999847,25.76000023,7114.0,4.88000011444092,4.88000011444092,0.0,1.37000000476837,0.28999999165535,3.22000002861023,0.0,15.0,8.0,190.0,804.0,1407.0
3977333714,2016-04-29,73.51,623.0,75.59999847,25.76000023,10645.0,7.75,7.75,0.0,3.74000000953674,1.29999995231628,2.71000003814697,0.0,36.0,32.0,150.0,744.0,1545.0
3977333714,2016-04-30,71.75,648.0,75.59999847,25.76000023,13238.0,9.19999980926514,9.19999980926514,0.0,3.69000005722046,2.09999990463257,3.41000008583069,0.0,43.0,52.0,194.0,687.0,1650.0
3977333714,2016-05-01,72.18,758.0,75.59999847,25.76000023,10414.0,7.07000017166138,7.07000017166138,0.0,2.67000007629395,1.98000001907349,2.41000008583069,0.0,41.0,40.0,124.0,691.0,1501.0
3977333714,2016-05-02,76.33,546.0,75.59999847,25.76000023,16520.0,11.0500001907349,11.0500001907349,0.0,1.53999996185303,6.48000001907349,3.01999998092651,0.0,24.0,143.0,176.0,713.0,1760.0
3977333714,2016-05-03,73.21,716.0,75.59999847,25.76000023,14335.0,9.59000015258789,9.59000015258789,0.0,3.3199999332428,1.74000000953674,4.53000020980835,0.0,47.0,41.0,258.0,594.0,1710.0
3977333714,2016-05-04,71.37,462.0,75.59999847,25.76000023,13559.0,9.4399995803833,9.4399995803833,0.0,1.80999994277954,4.57999992370605,2.89000010490417,0.0,14.0,96.0,142.0,852.0,1628.0
3977333714,2016-05-05,73.41,644.0,75.59999847,25.76000023,12312.0,8.57999992370605,8.57999992370605,0.0,1.75999999046326,4.1100001335144,2.71000003814697,0.0,14.0,88.0,178.0,680.0,1618.0
3977333714,2016-05-06,74.81,707.0,75.59999847,25.76000023,11677.0,8.27999973297119,8.27999973297119,0.0,3.10999989509583,2.50999999046326,2.67000007629395,0.0,29.0,55.0,168.0,676.0,1590.0
3977333714,2016-05-07,70.9,650.0,75.59999847,25.76000023,11550.0,7.73000001907349,7.73000001907349,0.0,0.0,4.13000011444092,3.58999991416931,0.0,0.0,86.0,208.0,703.0,1574.0
3977333714,2016-05-08,73.27,653.0,75.59999847,25.76000023,13585.0,9.09000015258789,9.09000015258789,0.0,0.680000007152557,5.23999977111816,3.17000007629395,0.0,9.0,116.0,171.0,688.0,1633.0
3977333714,2016-05-09,76.31,653.0,75.59999847,25.76000023,14687.0,10.0799999237061,10.0799999237061,0.0,0.769999980926514,5.59999990463257,3.54999995231628,0.0,8.0,122.0,151.0,1159.0,1667.0
3977333714,2016-05-10,72.57,597.0,75.59999847,25.76000023,13072.0,8.77999973297119,8.77999973297119,0.0,0.0700000002980232,5.40000009536743,3.30999994277954,0.0,1.0,115.0,196.0,676.0,1630.0
3977333714,2016-05-11,73.2,597.0,75.59999847,25.76000023,746.0,0.5,0.5,0.0,0.370000004768372,0.0,0.129999995231628,0.0,4.0,0.0,9.0,13.0,52.0
3977333714,2016-05-12,76.11,597.0,75.59999847,25.76000023,11508.0,7.75,7.75,0.0,1.04999995231628,2.00999999046326,3.22000002861023,0.0,15.0,45.0,176.0,713.0,1574.0
4020332650,2016-03-11,81.33,484.0,75.59999847,25.76000023,4369.5,3.13000011444092,3.13000011444092,0.0,0.0,0.0,0.5999999940395355,0.0,0.0,0.0,65.0,1272.5,2938.5
4020332650,2016-03-12,81.33,484.0,75.59999847,25.76000023,5543.0,3.97000002861023,3.97000002861023,0.0,0.0,0.0,3.96000003814697,0.0099999997764825,0.0,0.0,254.0,757.0,2990.0
4020332650,2016-03-13,81.33,569.0,75.59999847,25.76000023,3226.0,2.30999994277954,2.30999994277954,0.0,0.0,0.0,2.27999997138977,0.0,0.0,0.0,136.0,771.0,2480.0
4020332650,2016-03-14,81.33,316.0,75.59999847,25.76000023,3023.0,2.17000007629395,2.17000007629395,0.0,0.0,0.0,2.14000010490417,0.0,0.0,0.0,145.0,1005.0,2570.0
4020332650,2016-03-15,81.33,356.0,75.59999847,25.76000023,5906.0,4.23000001907349,4.23000001907349,0.0,0.0,0.159999996423721,4.03999996185303,0.0,0.0,10.0,215.0,874.0,3016.0
4020332650,2016-03-16,81.33,532.0,75.59999847,25.76000023,12483.0,8.98999977111816,8.98999977111816,0.0,1.45000004768372,0.569999992847443,6.90000009536743,0.0,25.0,14.0,309.0,599.0,3830.0
4020332650,2016-03-17,81.33,442.0,75.59999847,25.76000023,8940.0,6.40999984741211,6.40999984741211,0.0,0.0,0.0,0.610000014305115,0.0399999991059303,0.0,0.0,47.0,986.0,3706.0
4020332650,2016-03-18,81.33,442.0,75.59999847,25.76000023,368.0,0.259999990463257,0.259999990463257,0.0,0.0,0.0,0.0,0.0,0.0,0.0,0.0,1440.0,2024.0
4020332650,2016-03-19,81.33,442.0,75.59999847,25.76000023,5702.0,4.09000015258789,4.09000015258789,0.0,0.0,0.0,0.0,0.0,0.0,0.0,0.0,1440.0,2980.0
4020332650,2016-03-20,81.33,442.0,75.59999847,25.76000023,10330.0,7.40999984741211,7.40999984741211,0.0,0.0,0.0,0.0,0.0,0.0,0.0,0.0,1440.0,3728.0
4020332650,2016-03-21,81.33,442.0,75.59999847,25.76000023,8778.0,6.28999996185303,6.28999996185303,0.0,0.0,0.0,0.0,0.0,0.0,0.0,0.0,1440.0,3348.0
4020332650,2016-03-22,81.33,442.0,75.59999847,25.76000023,6662.0,4.78000020980835,4.78000020980835,0.0,0.0,0.0,0.0,0.0,0.0,0.0,0.0,1440.0,3162.0
4020332650,2016-03-23,81.33,442.0,75.59999847,25.76000023,6309.0,4.51999998092651,4.51999998092651,0.0,0.0,0.0,0.0,0.0,0.0,0.0,0.0,1440.0,3140.0
4020332650,2016-03-24,81.33,442.0,75.59999847,25.76000023,1951.0,1.4099999666214,1.4099999666214,0.0,0.0,0.0,0.0,0.0,0.0,0.0,0.0,1440.0,1980.0
4020332650,2016-03-25,81.33,442.0,75.59999847,25.76000023,5563.0,3.99000000953674,3.99000000953674,0.0,0.0,0.0,0.0,0.0,0.0,0.0,0.0,1440.0,3681.0
4020332650,2016-03-26,81.33,442.0,75.59999847,25.76000023,4370.0,3.13000011444092,3.13000011444092,0.0,0.0,0.0,0.0,0.0,0.0,0.0,0.0,1440.0,3444.0
4020332650,2016-03-27,81.33,442.0,75.59999847,25.76000023,7144.0,5.11999988555908,5.11999988555908,0.0,0.0,0.0,0.0,0.0,0.0,0.0,0.0,1440.0,3510.0
4020332650,2016-03-28,81.33,442.0,75.59999847,25.76000023,2106.0,1.50999999046326,1.50999999046326,0.0,0.0199999995529652,0.0500000007450581,0.209999993443489,0.0,31.0,45.0,75.0,1289.0,4010.0
4020332650,2016-03-29,81.33,442.0,75.59999847,25.76000023,4152.0,2.98000001907349,2.98000001907349,0.0,0.0,0.0,2.96000003814697,0.0,0.0,0.0,187.0,1253.0,2976.0
4020332650,2016-03-30,81.33,410.0,75.59999847,25.76000023,5400.0,3.86999988555908,3.86999988555908,0.0,0.0,0.0,3.84999990463257,0.0,0.0,0.0,258.0,795.0,3418.0
4020332650,2016-03-31,81.33,281.0,75.59999847,25.76000023,7428.0,5.32999992370605,5.32999992370605,0.0,0.870000004768372,0.920000016689301,3.50999999046326,0.0,18.0,33.0,261.0,860.0,3439.0
4020332650,2016-04-01,80.25,474.0,75.59999847,25.76000023,5351.0,3.83999991416931,3.83999991416931,0.0,0.620000004768372,0.180000007152557,3.00999999046326,0.0,15.0,17.0,210.0,748.0,3338.0
4020332650,2016-04-02,79.54,518.0,75.59999847,25.76000023,4299.0,3.09999990463257,3.09999990463257,0.0,0.0900000035762787,0.209999993443489,2.74000000953674,0.0399999991059303,3.0,15.0,162.0,752.0,2892.0
4020332650,2016-04-03,80.8,418.0,75.59999847,25.76000023,6107.0,4.38000011444092,4.38000011444092,0.0,0.0,0.0,4.3600001335144,0.0,0.0,0.0,265.0,776.0,3313.0
4020332650,2016-04-04,81.17,496.0,75.59999847,25.76000023,6429.0,4.59999990463257,4.59999990463257,0.0,0.0,0.949999988079071,3.65000009536743,0.0,0.0,28.0,193.0,741.0,3118.0
4020332650,2016-04-05,81.23,496.0,75.59999847,25.76000023,6880.0,4.92999982833862,4.92999982833862,0.0,0.5,0.759999990463257,3.65000009536743,0.0,7.0,19.0,165.0,1249.0,2966.0
4020332650,2016-04-06,81.8,276.0,75.59999847,25.76000023,7476.0,5.3600001335144,5.3600001335144,0.0,0.0,0.0,5.30999994277954,0.0,0.0,0.0,263.0,920.0,3253.0
4020332650,2016-04-07,80.96,276.0,75.59999847,25.76000023,6581.0,4.71999979019165,4.71999979019165,0.0,0.0,0.28999999165535,4.3899998664856,0.0,0.0,8.0,241.0,1191.0,3032.0
4020332650,2016-04-08,83.86,276.0,75.59999847,25.76000023,10480.0,7.51000022888184,7.51000022888184,0.0,0.409999996423721,1.47000002861023,5.01000022888184,0.0399999991059303,6.0,37.0,272.0,1125.0,4034.0
4020332650,2016-04-09,82.26,276.0,75.59999847,25.76000023,7734.0,5.55000019073486,5.55000019073486,0.0,1.1599999666214,0.490000009536743,3.8199999332428,0.0599999986588955,20.0,12.0,223.0,1185.0,3264.0
4020332650,2016-04-10,81.89,74.0,75.59999847,25.76000023,5129.0,3.6800000667572,3.6800000667572,0.0,0.180000007152557,0.239999994635582,3.21000003814697,0.0099999997764825,5.0,7.0,176.0,1178.0,2817.0
4020332650,2016-04-11,80.17,642.0,75.59999847,25.76000023,2993.0,2.15000009536743,2.15000009536743,0.0,0.0,0.0,2.08999991416931,0.0,0.0,0.0,114.0,888.0,2507.0
4020332650,2016-04-12,82.15,401.0,75.59999847,25.76000023,8547.0,6.129999885335563,6.129999885335563,0.0,0.150000005960464,0.239999994635582,5.689999828115103,0.0,4.0,15.0,332.0,1033.0,4100.0
4020332650,2016-04-13,81.33,401.0,75.59999847,25.76000023,0.0,0.0,0.0,0.0,0.0,0.0,0.0,0.0,0.0,0.0,0.0,1440.0,1981.0
4020332650,2016-04-14,81.34,401.0,75.59999847,25.76000023,108.0,0.0799999982118607,0.0799999982118607,0.0,0.0,0.0,0.0299999993294477,0.0,0.0,0.0,3.0,1437.0,2011.0
4020332650,2016-04-15,81.92,401.0,75.59999847,25.76000023,1882.0,1.35000002384186,1.35000002384186,0.0,0.209999993443489,0.360000014305115,0.769999980926514,0.0,36.0,18.0,87.0,1299.0,2951.0
4020332650,2016-04-16,83.82,77.0,75.59999847,25.76000023,1982.0,1.41999995708466,1.41999995708466,0.0,0.449999988079071,0.370000004768372,0.589999973773956,0.0,65.0,21.0,55.0,1222.0,3051.0
4020332650,2016-04-17,81.33,77.0,75.59999847,25.76000023,16.0,0.0099999997764825,0.0099999997764825,0.0,0.0,0.0,0.0099999997764825,0.0,0.0,0.0,2.0,1438.0,1990.0
4020332650,2016-04-18,81.33,77.0,75.59999847,25.76000023,62.0,0.0399999991059303,0.0399999991059303,0.0,0.0,0.0,0.0399999991059303,0.0,0.0,0.0,2.0,1438.0,1995.0
4020332650,2016-04-19,81.33,77.0,75.59999847,25.76000023,0.0,0.0,0.0,0.0,0.0,0.0,0.0,0.0,0.0,0.0,0.0,1440.0,1980.0
4020332650,2016-04-20,81.33,77.0,75.59999847,25.76000023,0.0,0.0,0.0,0.0,0.0,0.0,0.0,0.0,0.0,0.0,0.0,1440.0,1980.0
4020332650,2016-04-21,81.33,77.0,75.59999847,25.76000023,0.0,0.0,0.0,0.0,0.0,0.0,0.0,0.0,0.0,0.0,0.0,1440.0,1980.0
4020332650,2016-04-22,81.33,77.0,75.59999847,25.76000023,0.0,0.0,0.0,0.0,0.0,0.0,0.0,0.0,0.0,0.0,0.0,1440.0,1980.0
4020332650,2016-04-23,81.33,77.0,75.59999847,25.76000023,0.0,0.0,0.0,0.0,0.0,0.0,0.0,0.0,0.0,0.0,0.0,1440.0,1980.0
4020332650,2016-04-24,81.33,77.0,75.59999847,25.76000023,0.0,0.0,0.0,0.0,0.0,0.0,0.0,0.0,0.0,0.0,0.0,1440.0,1980.0
4020332650,2016-04-25,81.33,77.0,75.59999847,25.76000023,0.0,0.0,0.0,0.0,0.0,0.0,0.0,0.0,0.0,0.0,0.0,1440.0,1980.0
4020332650,2016-04-26,81.33,77.0,75.59999847,25.76000023,0.0,0.0,0.0,0.0,0.0,0.0,0.0,0.0,0.0,0.0,0.0,1440.0,1980.0
4020332650,2016-04-27,81.33,77.0,75.59999847,25.76000023,0.0,0.0,0.0,0.0,0.0,0.0,0.0,0.0,0.0,0.0,0.0,1440.0,1980.0
4020332650,2016-04-28,81.33,77.0,75.59999847,25.76000023,0.0,0.0,0.0,0.0,0.0,0.0,0.0,0.0,0.0,0.0,0.0,1440.0,1980.0
4020332650,2016-04-29,81.33,77.0,75.59999847,25.76000023,0.0,0.0,0.0,0.0,0.0,0.0,0.0,0.0,0.0,0.0,0.0,1440.0,1980.0
4020332650,2016-04-30,81.33,77.0,75.59999847,25.76000023,0.0,0.0,0.0,0.0,0.0,0.0,0.0,0.0,0.0,0.0,0.0,1440.0,1980.0
4020332650,2016-05-01,81.33,77.0,75.59999847,25.76000023,0.0,0.0,0.0,0.0,0.0,0.0,0.0,0.0,0.0,0.0,0.0,1440.0,1980.0
4020332650,2016-05-02,81.49,59.0,75.59999847,25.76000023,475.0,0.340000003576279,0.340000003576279,0.0,0.0,0.0399999991059303,0.28999999165535,0.0,0.0,11.0,31.0,1350.0,2207.0
4020332650,2016-05-03,80.31,322.0,75.59999847,25.76000023,4496.0,3.22000002861023,3.22000002861023,0.0,0.0,0.0,3.15000009536743,0.0500000007450581,0.0,0.0,174.0,950.0,2828.0
4020332650,2016-05-04,82.19,591.0,75.59999847,25.76000023,10252.0,7.34999990463257,7.34999990463257,0.0,0.670000016689301,1.03999996185303,5.57999992370605,0.0,13.0,46.0,346.0,531.0,3879.0
4020332650,2016-05-05,82.05,274.0,75.59999847,25.76000023,11728.0,8.43000030517578,8.43000030517578,0.0,2.61999988555908,1.67999994754791,4.03999996185303,0.0700000002980232,38.0,42.0,196.0,916.0,3429.0
4020332650,2016-05-06,80.77,437.0,75.59999847,25.76000023,4369.0,3.13000011444092,3.13000011444092,0.0,0.0,0.0,3.09999990463257,0.0099999997764825,0.0,0.0,177.0,855.0,2704.0
4020332650,2016-05-07,81.5,437.0,75.59999847,25.76000023,6132.0,4.40000009536743,4.40000009536743,0.0,0.0,0.0,3.57999992370605,0.0,0.0,0.0,184.0,1256.0,2975.0
4020332650,2016-05-08,80.1,458.0,75.59999847,25.76000023,5862.0,4.19999980926514,4.19999980926514,0.0,0.0,0.0,4.15000009536743,0.0,0.0,0.0,263.0,775.0,3089.0
4020332650,2016-05-09,80.76,43.0,75.59999847,25.76000023,4556.0,3.26999998092651,3.26999998092651,0.0,0.200000002980232,0.119999997317791,2.94000005722046,0.0,3.0,5.0,173.0,1225.0,2785.0
4020332650,2016-05-10,79.32,521.0,75.59999847,25.76000023,5546.0,3.98000001907349,3.98000001907349,0.0,0.0,0.0,3.86999988555908,0.0399999991059303,0.0,0.0,206.0,774.0,2926.0
4020332650,2016-05-11,81.49,521.0,75.59999847,25.76000023,3689.0,2.65000009536743,2.65000009536743,0.0,0.109999999403954,0.170000001788139,2.32999992370605,0.0,2.0,8.0,134.0,1296.0,2645.0
4020332650,2016-05-12,77.39,521.0,75.59999847,25.76000023,590.0,0.419999986886978,0.419999986886978,0.0,0.0,0.0,0.409999996423721,0.0,0.0,0.0,21.0,721.0,1120.0
4057192912,2016-03-12,84.12,,75.59999847,25.76000023,0.0,0.0,0.0,0.0,0.0,0.0,0.0,0.0,0.0,0.0,0.0,1440.0,1777.0
4057192912,2016-03-13,87.08,,75.59999847,25.76000023,0.0,0.0,0.0,0.0,0.0,0.0,0.0,0.0,0.0,0.0,0.0,1440.0,1777.0
4057192912,2016-03-14,84.48,,75.59999847,25.76000023,8433.0,6.23000001907349,6.23000001907349,0.0,2.45000004768372,0.330000013113022,3.44000005722046,0.0,30.0,7.0,135.0,1268.0,2453.0
4057192912,2016-03-15,86.07,,75.59999847,25.76000023,0.0,0.0,0.0,0.0,0.0,0.0,0.0,0.0,0.0,0.0,0.0,1440.0,1776.0
4057192912,2016-03-16,85.73,,75.59999847,25.76000023,2139.0,1.55999994277954,1.55999994277954,0.0,0.0,1.29999995231628,0.259999990463257,0.0,0.0,28.0,15.0,1397.0,1935.0
4057192912,2016-03-17,87.85,,75.59999847,25.76000023,0.0,0.0,0.0,0.0,0.0,0.0,0.0,0.0,0.0,0.0,0.0,1440.0,1776.0
4057192912,2016-03-18,87.11,,75.59999847,25.76000023,949.0,0.689999997615814,0.689999997615814,0.0,0.0,0.0,0.689999997615814,0.0,0.0,0.0,34.0,1406.0,1870.0
4057192912,2016-03-19,88.02,,75.59999847,25.76000023,0.0,0.0,0.0,0.0,0.0,0.0,0.0,0.0,0.0,0.0,0.0,1440.0,1777.0
4057192912,2016-03-20,82.66,,75.59999847,25.76000023,44.0,0.0299999993294477,0.0299999993294477,0.0,0.0,0.0,0.0299999993294477,0.0,0.0,0.0,2.0,1438.0,1782.0
4057192912,2016-03-21,83.07,,75.59999847,25.76000023,2660.0,1.94000005722046,1.94000005722046,0.0,0.0,0.0,1.94000005722046,0.0,0.0,0.0,46.0,1394.0,1978.0
4057192912,2016-03-22,88.0,,75.59999847,25.76000023,5561.0,4.19000005722046,4.19000005722046,0.0,0.0,0.0,4.07000017166138,0.0,0.0,0.0,169.0,1271.0,2296.0
4057192912,2016-03-23,82.73,,75.59999847,25.76000023,7239.0,5.34000015258789,5.34000015258789,0.0,0.550000011920929,0.360000014305115,4.38000011444092,0.0,7.0,7.0,190.0,1236.0,2484.0
4057192912,2016-03-24,85.37,,75.59999847,25.76000023,7.0,0.0099999997764825,0.0099999997764825,0.0,0.0,0.0,0.0099999997764825,0.0,0.0,0.0,1.0,1439.0,1787.0
4057192912,2016-03-25,85.33,,75.59999847,25.76000023,0.0,0.0,0.0,0.0,0.0,0.0,0.0,0.0,0.0,0.0,0.0,1440.0,1776.0
4057192912,2016-03-26,83.36,,75.59999847,25.76000023,0.0,0.0,0.0,0.0,0.0,0.0,0.0,0.0,0.0,0.0,0.0,1440.0,1776.0
4057192912,2016-03-27,85.51,,75.59999847,25.76000023,2275.0,1.67999994754791,1.67999994754791,0.0,0.0,0.0,1.6599999666214,0.0,0.0,0.0,86.0,1354.0,2005.0
4057192912,2016-03-28,87.62,,75.59999847,25.76000023,8.0,0.0099999997764825,0.0099999997764825,0.0,0.0,0.0,0.0099999997764825,0.0,0.0,0.0,1.0,1439.0,1778.0
4057192912,2016-03-29,83.2,,75.59999847,25.76000023,5137.0,3.75999999046326,3.75999999046326,0.0,0.0,0.0,3.75999999046326,0.0,0.0,0.0,160.0,1280.0,2293.0
4057192912,2016-03-30,88.12,,75.59999847,25.76000023,5419.0,4.0,4.57000017166138,0.055842999368906,0.0,0.0,3.91000008583069,0.0599999986588955,0.0,0.0,145.0,1295.0,2259.0
4057192912,2016-03-31,87.54,,75.59999847,25.76000023,0.0,0.0,0.0,0.0,0.0,0.0,0.0,0.0,0.0,0.0,0.0,1440.0,1776.0
4057192912,2016-04-01,82.9,,75.59999847,25.76000023,0.0,0.0,0.0,0.0,0.0,0.0,0.0,0.0,0.0,0.0,0.0,1440.0,1776.0
4057192912,2016-04-02,86.62,,75.59999847,25.76000023,0.0,0.0,0.0,0.0,0.0,0.0,0.0,0.0,0.0,0.0,0.0,1440.0,1776.0
4057192912,2016-04-03,85.38,,75.59999847,25.76000023,0.0,0.0,0.0,0.0,0.0,0.0,0.0,0.0,0.0,0.0,0.0,1440.0,1776.0
4057192912,2016-04-04,86.91,,75.59999847,25.76000023,0.0,0.0,0.0,0.0,0.0,0.0,0.0,0.0,0.0,0.0,0.0,1440.0,1776.0
4057192912,2016-04-05,88.05,,75.59999847,25.76000023,0.0,0.0,0.0,0.0,0.0,0.0,0.0,0.0,0.0,0.0,0.0,1440.0,1776.0
4057192912,2016-04-06,82.64,,75.59999847,25.76000023,18.0,0.0099999997764825,0.0099999997764825,0.0,0.0,0.0,0.0099999997764825,0.0,0.0,0.0,2.0,1438.0,1780.0
4057192912,2016-04-07,83.74,,75.59999847,25.76000023,4.0,0.0,0.0,0.0,0.0,0.0,0.0,0.0,0.0,0.0,1.0,1439.0,1778.0
4057192912,2016-04-08,85.83,,75.59999847,25.76000023,8426.0,6.15999984741211,6.15999984741211,0.0,0.129999995231628,5.48999977111816,0.540000021457672,0.0,2.0,120.0,25.0,1293.0,2360.0
4057192912,2016-04-09,87.83,,75.59999847,25.76000023,1650.0,1.21000003814697,1.21000003814697,0.0,0.0,0.0,1.21000003814697,0.0,0.0,0.0,60.0,1380.0,1952.0
4057192912,2016-04-10,84.41,,75.59999847,25.76000023,3434.0,2.50999999046326,2.50999999046326,0.0,0.0700000002980232,0.300000011920929,2.14000010490417,0.0,1.0,7.0,108.0,1324.0,2101.0
4057192912,2016-04-11,84.21,,75.59999847,25.76000023,6801.0,4.98000001907349,4.98000001907349,0.0,0.0,0.0,4.96999979019165,0.0,0.0,0.0,193.0,1247.0,2393.0
4057192912,2016-04-12,84.25,,75.59999847,25.76000023,5581.0,4.170000210404396,4.170000210404396,0.0,0.0,0.0,4.080000057816505,0.0,0.0,0.0,175.0,1676.0,2824.0
4057192912,2016-04-13,88.15,,75.59999847,25.76000023,5974.0,4.46999979019165,4.46999979019165,0.0,0.0,0.0,4.36999988555908,0.0,0.0,0.0,160.0,1280.0,2306.0
4057192912,2016-04-14,87.86,,75.59999847,25.76000023,0.0,0.0,0.0,0.0,0.0,0.0,0.0,0.0,0.0,0.0,0.0,1440.0,1776.0
4057192912,2016-04-15,87.19,,75.59999847,25.76000023,3984.0,2.95000004768372,2.95000004768372,0.0,0.209999993443489,0.259999990463257,2.44000005722046,0.0,3.0,6.0,88.0,873.0,1527.0
4057192912,2016-04-16,85.19,,75.59999847,25.76000023,18.0,0.0099999997764825,0.0099999997764825,0.0,0.0,0.0,0.0099999997764825,0.0,0.0,0.0,2.0,1439.0,1780.0
4057192912,2016-04-17,87.12,,75.59999847,25.76000023,18.0,0.0099999997764825,0.0099999997764825,0.0,0.0,0.0,0.0099999997764825,0.0,0.0,0.0,2.0,1439.0,1780.0
4057192912,2016-04-18,87.09,,75.59999847,25.76000023,18.0,0.0099999997764825,0.0099999997764825,0.0,0.0,0.0,0.0099999997764825,0.0,0.0,0.0,2.0,1439.0,1780.0
4057192912,2016-04-19,84.93,,75.59999847,25.76000023,18.0,0.0099999997764825,0.0099999997764825,0.0,0.0,0.0,0.0099999997764825,0.0,0.0,0.0,2.0,1439.0,1780.0
4057192912,2016-04-20,85.16,,75.59999847,25.76000023,18.0,0.0099999997764825,0.0099999997764825,0.0,0.0,0.0,0.0099999997764825,0.0,0.0,0.0,2.0,1439.0,1780.0
4057192912,2016-04-21,86.12,,75.59999847,25.76000023,18.0,0.0099999997764825,0.0099999997764825,0.0,0.0,0.0,0.0099999997764825,0.0,0.0,0.0,2.0,1439.0,1780.0
4057192912,2016-04-22,84.81,,75.59999847,25.76000023,18.0,0.0099999997764825,0.0099999997764825,0.0,0.0,0.0,0.0099999997764825,0.0,0.0,0.0,2.0,1439.0,1780.0
4057192912,2016-04-23,87.67,,75.59999847,25.76000023,18.0,0.0099999997764825,0.0099999997764825,0.0,0.0,0.0,0.0099999997764825,0.0,0.0,0.0,2.0,1439.0,1780.0
4057192912,2016-04-24,87.16,,75.59999847,25.76000023,18.0,0.0099999997764825,0.0099999997764825,0.0,0.0,0.0,0.0099999997764825,0.0,0.0,0.0,2.0,1439.0,1780.0
4057192912,2016-04-25,84.36,,75.59999847,25.76000023,18.0,0.0099999997764825,0.0099999997764825,0.0,0.0,0.0,0.0099999997764825,0.0,0.0,0.0,2.0,1439.0,1780.0
4057192912,2016-04-26,84.42,,75.59999847,25.76000023,18.0,0.0099999997764825,0.0099999997764825,0.0,0.0,0.0,0.0099999997764825,0.0,0.0,0.0,2.0,1439.0,1780.0
4057192912,2016-04-27,86.83,,75.59999847,25.76000023,18.0,0.0099999997764825,0.0099999997764825,0.0,0.0,0.0,0.0099999997764825,0.0,0.0,0.0,2.0,1439.0,1780.0
4057192912,2016-04-28,87.35,,75.59999847,25.76000023,18.0,0.0099999997764825,0.0099999997764825,0.0,0.0,0.0,0.0099999997764825,0.0,0.0,0.0,2.0,1439.0,1780.0
4057192912,2016-04-29,83.24,,75.59999847,25.76000023,18.0,0.0099999997764825,0.0099999997764825,0.0,0.0,0.0,0.0099999997764825,0.0,0.0,0.0,2.0,1439.0,1780.0
4057192912,2016-04-30,85.18,,75.59999847,25.76000023,18.0,0.0099999997764825,0.0099999997764825,0.0,0.0,0.0,0.0099999997764825,0.0,0.0,0.0,2.0,1439.0,1780.0
4057192912,2016-05-01,84.0,,75.59999847,25.76000023,18.0,0.0099999997764825,0.0099999997764825,0.0,0.0,0.0,0.0099999997764825,0.0,0.0,0.0,2.0,1439.0,1780.0
4057192912,2016-05-02,87.28,,75.59999847,25.76000023,18.0,0.0099999997764825,0.0099999997764825,0.0,0.0,0.0,0.0099999997764825,0.0,0.0,0.0,2.0,1439.0,1780.0
4057192912,2016-05-03,82.96,,75.59999847,25.76000023,18.0,0.0099999997764825,0.0099999997764825,0.0,0.0,0.0,0.0099999997764825,0.0,0.0,0.0,2.0,1439.0,1780.0
4057192912,2016-05-04,85.16,,75.59999847,25.76000023,18.0,0.0099999997764825,0.0099999997764825,0.0,0.0,0.0,0.0099999997764825,0.0,0.0,0.0,2.0,1439.0,1780.0
4057192912,2016-05-05,85.64,,75.59999847,25.76000023,18.0,0.0099999997764825,0.0099999997764825,0.0,0.0,0.0,0.0099999997764825,0.0,0.0,0.0,2.0,1439.0,1780.0
4057192912,2016-05-06,85.32,,75.59999847,25.76000023,18.0,0.0099999997764825,0.0099999997764825,0.0,0.0,0.0,0.0099999997764825,0.0,0.0,0.0,2.0,1439.0,1780.0
4057192912,2016-05-07,82.24,,75.59999847,25.76000023,18.0,0.0099999997764825,0.0099999997764825,0.0,0.0,0.0,0.0099999997764825,0.0,0.0,0.0,2.0,1439.0,1780.0
4057192912,2016-05-08,86.25,,75.59999847,25.76000023,18.0,0.0099999997764825,0.0099999997764825,0.0,0.0,0.0,0.0099999997764825,0.0,0.0,0.0,2.0,1439.0,1780.0
4057192912,2016-05-09,86.04,,75.59999847,25.76000023,18.0,0.0099999997764825,0.0099999997764825,0.0,0.0,0.0,0.0099999997764825,0.0,0.0,0.0,2.0,1439.0,1780.0
4057192912,2016-05-10,87.96,,75.59999847,25.76000023,18.0,0.0099999997764825,0.0099999997764825,0.0,0.0,0.0,0.0099999997764825,0.0,0.0,0.0,2.0,1439.0,1780.0
4057192912,2016-05-11,83.46,,75.59999847,25.76000023,18.0,0.0099999997764825,0.0099999997764825,0.0,0.0,0.0,0.0099999997764825,0.0,0.0,0.0,2.0,1439.0,1780.0
4057192912,2016-05-12,85.33,,75.59999847,25.76000023,18.0,0.0099999997764825,0.0099999997764825,0.0,0.0,0.0,0.0099999997764825,0.0,0.0,0.0,2.0,1439.0,1780.0
4319703577,2016-03-11,73.03999999999999,109.0,72.35000228999999,27.414999960000003,8359.0,5.63000011444092,5.63000011444092,0.0,0.209999993443489,0.439999997615814,4.46000003814697,0.0,3.0,11.0,276.0,671.0,2175.0
4319703577,2016-03-12,73.31,534.0,72.35000228999999,27.414999960000003,8359.0,5.63000011444092,5.63000011444092,0.0,0.209999993443489,0.439999997615814,4.46000003814697,0.0,3.0,11.0,276.0,671.0,2175.0
4319703577,2016-03-13,70.21,388.0,72.35000228999999,27.414999960000003,8359.0,5.63000011444092,5.63000011444092,0.0,0.209999993443489,0.439999997615814,4.46000003814697,0.0,3.0,11.0,276.0,671.0,2175.0
4319703577,2016-03-14,71.79,108.0,72.35000228999999,27.414999960000003,8359.0,5.63000011444092,5.63000011444092,0.0,0.209999993443489,0.439999997615814,4.46000003814697,0.0,3.0,11.0,276.0,671.0,2175.0
4319703577,2016-03-15,72.34,523.0,72.35000228999999,27.414999960000003,8359.0,5.63000011444092,5.63000011444092,0.0,0.209999993443489,0.439999997615814,4.46000003814697,0.0,3.0,11.0,276.0,671.0,2175.0
4319703577,2016-03-16,70.14,568.0,72.35000228999999,27.414999960000003,8359.0,5.63000011444092,5.63000011444092,0.0,0.209999993443489,0.439999997615814,4.46000003814697,0.0,3.0,11.0,276.0,671.0,2175.0
4319703577,2016-03-17,72.11,563.0,72.35000228999999,27.414999960000003,8359.0,5.63000011444092,5.63000011444092,0.0,0.209999993443489,0.439999997615814,4.46000003814697,0.0,3.0,11.0,276.0,671.0,2175.0
4319703577,2016-03-18,74.79,526.0,72.35000228999999,27.414999960000003,8359.0,5.63000011444092,5.63000011444092,0.0,0.209999993443489,0.439999997615814,4.46000003814697,0.0,3.0,11.0,276.0,671.0,2175.0
4319703577,2016-03-19,73.66,544.0,72.35000228999999,27.414999960000003,8359.0,5.63000011444092,5.63000011444092,0.0,0.209999993443489,0.439999997615814,4.46000003814697,0.0,3.0,11.0,276.0,671.0,2175.0
4319703577,2016-03-20,73.4,535.0,72.35000228999999,27.414999960000003,8359.0,5.63000011444092,5.63000011444092,0.0,0.209999993443489,0.439999997615814,4.46000003814697,0.0,3.0,11.0,276.0,671.0,2175.0
4319703577,2016-03-21,71.01,508.0,72.35000228999999,27.414999960000003,8359.0,5.63000011444092,5.63000011444092,0.0,0.209999993443489,0.439999997615814,4.46000003814697,0.0,3.0,11.0,276.0,671.0,2175.0
4319703577,2016-03-22,71.45,65.0,72.35000228999999,27.414999960000003,8359.0,5.63000011444092,5.63000011444092,0.0,0.209999993443489,0.439999997615814,4.46000003814697,0.0,3.0,11.0,276.0,671.0,2175.0
4319703577,2016-03-23,74.42,531.0,72.35000228999999,27.414999960000003,8359.0,5.63000011444092,5.63000011444092,0.0,0.209999993443489,0.439999997615814,4.46000003814697,0.0,3.0,11.0,276.0,671.0,2175.0
4319703577,2016-03-24,75.12,447.0,72.35000228999999,27.414999960000003,8359.0,5.63000011444092,5.63000011444092,0.0,0.209999993443489,0.439999997615814,4.46000003814697,0.0,3.0,11.0,276.0,671.0,2175.0
4319703577,2016-03-25,75.49,601.0,72.35000228999999,27.414999960000003,8359.0,5.63000011444092,5.63000011444092,0.0,0.209999993443489,0.439999997615814,4.46000003814697,0.0,3.0,11.0,276.0,671.0,2175.0
4319703577,2016-03-26,75.0,546.0,72.35000228999999,27.414999960000003,8359.0,5.63000011444092,5.63000011444092,0.0,0.209999993443489,0.439999997615814,4.46000003814697,0.0,3.0,11.0,276.0,671.0,2175.0
4319703577,2016-03-27,71.09,651.0,72.35000228999999,27.414999960000003,8359.0,5.63000011444092,5.63000011444092,0.0,0.209999993443489,0.439999997615814,4.46000003814697,0.0,3.0,11.0,276.0,671.0,2175.0
4319703577,2016-03-28,73.49,555.0,72.35000228999999,27.414999960000003,8359.0,5.63000011444092,5.63000011444092,0.0,0.209999993443489,0.439999997615814,4.46000003814697,0.0,3.0,11.0,276.0,671.0,2175.0
4319703577,2016-03-29,73.21,590.0,72.35000228999999,27.414999960000003,5643.0,3.78999996185303,3.78999996185303,0.0,0.230000004172325,0.330000013113022,3.23000001907349,0.0,3.0,8.0,199.0,683.0,1958.0
4319703577,2016-03-30,75.02,504.0,72.35000228999999,27.414999960000003,9043.0,6.07000017166138,6.07000017166138,0.0,0.25,0.430000007152557,5.36999988555908,0.0,4.0,12.0,244.0,702.0,2141.0
4319703577,2016-03-31,70.88,57.0,72.35000228999999,27.414999960000003,8144.0,5.46000003814697,5.46000003814697,0.0,0.25,0.610000014305115,4.6100001335144,0.0,4.0,17.0,247.0,1125.0,2129.0
4319703577,2016-04-01,72.81,502.0,72.35000228999999,27.414999960000003,9343.0,6.26999998092651,6.26999998092651,0.0,0.959999978542328,0.850000023841858,4.46000003814697,0.0,14.0,20.0,268.0,654.0,2216.0
4319703577,2016-04-02,72.6,557.0,72.35000228999999,27.414999960000003,8405.0,5.65999984741211,5.65999984741211,0.0,1.12999999523163,0.189999997615814,4.34000015258789,0.0,15.0,4.0,257.0,621.0,2154.0
4319703577,2016-04-03,75.59,598.0,72.35000228999999,27.414999960000003,8223.0,5.51999998092651,5.51999998092651,0.0,0.800000011920929,1.50999999046326,3.21000003814697,0.0,12.0,37.0,257.0,551.0,2178.0
4319703577,2016-04-04,72.49,544.0,72.35000228999999,27.414999960000003,10067.0,6.76000022888184,6.76000022888184,0.0,0.360000014305115,1.41999995708466,4.96999979019165,0.0,5.0,39.0,313.0,578.0,2308.0
4319703577,2016-04-05,71.62,589.0,72.35000228999999,27.414999960000003,8359.0,5.63000011444092,5.63000011444092,0.0,0.230000004172325,0.529999971389771,4.86999988555908,0.0,3.0,14.0,311.0,638.0,2201.0
4319703577,2016-04-06,75.72,1030.0,72.35000228999999,27.414999960000003,10946.0,7.34999990463257,7.34999990463257,0.0,0.540000021457672,2.08999991416931,4.71999979019165,0.0,8.0,51.0,308.0,569.0,2341.0
4319703577,2016-04-07,74.48,467.0,72.35000228999999,27.414999960000003,9130.0,6.15000009536743,6.15000009536743,0.0,0.5,0.379999995231628,5.26999998092651,0.0,7.0,11.0,304.0,668.0,2236.0
4319703577,2016-04-08,75.26,467.0,72.35000228999999,27.414999960000003,6544.0,4.40999984741211,4.40999984741211,0.0,0.28999999165535,0.259999990463257,3.85999989509583,0.0,4.0,6.0,276.0,1132.0,2069.0
4319703577,2016-04-09,73.1,467.0,72.35000228999999,27.414999960000003,0.0,0.0,0.0,0.0,0.0,0.0,0.0,0.0,0.0,0.0,0.0,1440.0,0.0
4319703577,2016-04-10,73.8,467.0,72.35000228999999,27.414999960000003,8359.0,5.63000011444092,5.63000011444092,0.0,0.209999993443489,0.439999997615814,4.46000003814697,0.0,3.0,11.0,276.0,671.0,2175.0
4319703577,2016-04-11,75.44,467.0,72.35000228999999,27.414999960000003,8359.0,5.63000011444092,5.63000011444092,0.0,0.209999993443489,0.439999997615814,4.46000003814697,0.0,3.0,11.0,276.0,671.0,2175.0
4319703577,2016-04-12,72.25,467.0,72.35000228999999,27.414999960000003,7753.0,5.19999980926514,5.19999980926514,0.0,0.0,0.0,0.0,0.0,0.0,0.0,0.0,1440.0,2115.0
4319703577,2016-04-13,73.86,96.0,72.35000228999999,27.414999960000003,8204.0,5.5,5.5,0.0,0.529999971389771,0.589999973773956,1.30999994277954,0.0,8.0,15.0,96.0,1234.0,2135.0
4319703577,2016-04-14,75.18,519.0,72.35000228999999,27.414999960000003,10210.0,6.88000011444092,6.88000011444092,0.0,0.109999999403954,0.330000013113022,6.44000005722046,0.0,1.0,9.0,339.0,589.0,2302.0
4319703577,2016-04-15,70.1,484.0,72.35000228999999,27.414999960000003,5664.0,3.79999995231628,3.79999995231628,0.0,0.0,0.0,3.79999995231628,0.0,0.0,0.0,228.0,752.0,1985.0
4319703577,2016-04-16,70.37,539.0,72.35000228999999,27.414999960000003,4744.0,3.1800000667572,3.1800000667572,0.0,0.0,0.0,3.1800000667572,0.0,0.0,0.0,194.0,724.0,1884.0
4319703577,2016-04-17,71.64,100.0,72.35000228999999,27.414999960000003,29.0,0.0199999995529652,0.0199999995529652,0.0,0.0,0.0,0.0199999995529652,0.0,0.0,0.0,3.0,1363.0,1464.0
4319703577,2016-04-17,73.03999999999999,531.0,72.40000153,27.45000076,29.0,0.0199999995529652,0.0199999995529652,0.0,0.0,0.0,0.0199999995529652,0.0,0.0,0.0,3.0,1363.0,1464.0
4319703577,2016-04-18,71.76,590.0,72.35000228999999,27.414999960000003,2276.0,1.54999995231628,1.54999995231628,0.0,0.0700000002980232,0.330000013113022,1.12000000476837,0.0,1.0,9.0,58.0,824.0,1632.0
4319703577,2016-04-19,71.91,569.0,72.35000228999999,27.414999960000003,8925.0,5.98999977111816,5.98999977111816,0.0,0.0,0.0,5.98999977111816,0.0,0.0,0.0,311.0,604.0,2200.0
4319703577,2016-04-20,72.98,453.0,72.35000228999999,27.414999960000003,8954.0,6.01000022888184,6.01000022888184,0.0,0.0,0.680000007152557,5.30999994277954,0.0,0.0,18.0,306.0,671.0,2220.0
4319703577,2016-04-21,70.57,156.0,72.35000228999999,27.414999960000003,3702.0,2.48000001907349,2.48000001907349,0.0,0.0,0.0,0.349999994039536,0.0,0.0,0.0,34.0,1265.0,1792.0
4319703577,2016-04-22,71.22,555.0,72.35000228999999,27.414999960000003,4500.0,3.01999998092651,3.01999998092651,0.0,0.0599999986588955,0.810000002384186,2.15000009536743,0.0,1.0,19.0,176.0,709.0,1886.0
4319703577,2016-04-23,74.84,686.0,72.35000228999999,27.414999960000003,4935.0,3.30999994277954,3.30999994277954,0.0,0.0,0.0,3.30999994277954,0.0,0.0,0.0,233.0,546.0,1945.0
4319703577,2016-04-24,74.89,591.0,72.35000228999999,27.414999960000003,4081.0,2.74000000953674,2.74000000953674,0.0,0.0599999986588955,0.200000002980232,2.47000002861023,0.0,1.0,5.0,191.0,692.0,1880.0
4319703577,2016-04-25,73.92,520.0,72.35000228999999,27.414999960000003,9259.0,6.21000003814697,6.21000003814697,0.0,0.0,0.280000001192093,5.92999982833862,0.0,0.0,8.0,390.0,544.0,2314.0
4319703577,2016-04-26,70.51,482.0,72.35000228999999,27.414999960000003,9899.0,6.6399998664856,6.6399998664856,0.0,0.569999992847443,0.920000016689301,5.15000009536743,0.0,8.0,21.0,288.0,649.0,2236.0
4319703577,2016-04-27,73.3,433.0,72.35000228999999,27.414999960000003,10780.0,7.23000001907349,7.23000001907349,0.0,0.409999996423721,1.91999995708466,4.90999984741211,0.0,6.0,47.0,300.0,680.0,2324.0
4319703577,2016-04-28,71.75,540.0,72.35000228999999,27.414999960000003,10817.0,7.28000020980835,7.28000020980835,0.0,1.00999999046326,0.330000013113022,5.94000005722046,0.0,13.0,8.0,359.0,552.0,2367.0
4319703577,2016-04-29,71.53,534.0,72.35000228999999,27.414999960000003,7990.0,5.3600001335144,5.3600001335144,0.0,0.449999988079071,0.790000021457672,4.11999988555908,0.0,6.0,18.0,289.0,624.0,2175.0
4319703577,2016-04-30,75.86,537.0,72.35000228999999,27.414999960000003,8221.0,5.51999998092651,5.51999998092651,0.0,0.400000005960464,1.61000001430511,3.50999999046326,0.0,6.0,38.0,196.0,695.0,2092.0
4319703577,2016-05-01,70.96,549.0,72.35000228999999,27.414999960000003,1251.0,0.839999973773956,0.839999973773956,0.0,0.0,0.0,0.839999973773956,0.0,0.0,0.0,67.0,836.0,1593.0
4319703577,2016-05-02,75.36,535.0,72.35000228999999,27.414999960000003,9261.0,6.23999977111816,6.23999977111816,0.0,0.0,0.439999997615814,5.71000003814697,0.0,0.0,11.0,344.0,585.0,2270.0
4319703577,2016-05-03,72.32,481.0,72.35000228999999,27.414999960000003,9648.0,6.46999979019165,6.46999979019165,0.0,0.579999983310699,1.07000005245209,4.82999992370605,0.0,8.0,26.0,287.0,669.0,2235.0
4319703577,2016-05-04,71.89,481.0,72.35000228999999,27.414999960000003,10429.0,7.01999998092651,7.01999998092651,0.0,0.589999973773956,0.579999983310699,5.84999990463257,0.0,8.0,13.0,313.0,1106.0,2282.0
4319703577,2016-05-04,73.03999999999999,531.0,72.30000305,27.37999916,10429.0,7.01999998092651,7.01999998092651,0.0,0.589999973773956,0.579999983310699,5.84999990463257,0.0,8.0,13.0,313.0,1106.0,2282.0
4319703577,2016-05-05,70.87,111.0,72.35000228999999,27.414999960000003,13658.0,9.48999977111816,9.48999977111816,0.0,2.63000011444092,1.4099999666214,5.44999980926514,0.0,27.0,34.0,328.0,957.0,2530.0
4319703577,2016-05-06,72.97,454.0,72.35000228999999,27.414999960000003,9524.0,6.42000007629395,6.42000007629395,0.0,0.409999996423721,0.469999998807907,5.46000003814697,0.0,6.0,11.0,314.0,692.0,2266.0
4319703577,2016-05-07,70.19,575.0,72.35000228999999,27.414999960000003,7937.0,5.32999992370605,5.32999992370605,0.0,0.189999997615814,1.04999995231628,4.07999992370605,0.0,3.0,28.0,279.0,586.0,2158.0
4319703577,2016-05-08,73.39,715.0,72.35000228999999,27.414999960000003,3672.0,2.46000003814697,2.46000003814697,0.0,0.0,0.0,2.46000003814697,0.0,0.0,0.0,153.0,603.0,1792.0
4319703577,2016-05-09,74.37,596.0,72.35000228999999,27.414999960000003,10378.0,6.96000003814697,6.96000003814697,0.0,0.140000000596046,0.560000002384186,6.25,0.0,2.0,14.0,374.0,490.0,2345.0
4319703577,2016-05-10,74.15,569.0,72.35000228999999,27.414999960000003,9487.0,6.36999988555908,6.36999988555908,0.0,0.209999993443489,0.46000000834465,5.69999980926514,0.0,3.0,12.0,329.0,555.0,2260.0
4319703577,2016-05-11,75.45,558.0,72.35000228999999,27.414999960000003,9129.0,6.13000011444092,6.13000011444092,0.0,0.200000002980232,0.740000009536743,5.17999982833862,0.0,3.0,18.0,311.0,574.0,2232.0
4319703577,2016-05-12,74.31,267.0,72.35000228999999,27.414999960000003,17.0,0.0099999997764825,0.0099999997764825,0.0,0.0,0.0,0.0099999997764825,0.0,0.0,0.0,2.0,0.0,257.0
4388161847,2016-03-11,64.68,263.0,75.59999847,25.76000023,10122.0,7.82999992370605,7.82999992370605,0.0,0.699999988079071,0.629999995231628,5.28999996185303,0.0,11.0,14.0,228.0,896.0,3013.0
4388161847,2016-03-12,64.68,263.0,75.59999847,25.76000023,10122.0,7.82999992370605,7.82999992370605,0.0,0.699999988079071,0.629999995231628,5.28999996185303,0.0,11.0,14.0,228.0,896.0,3013.0
4388161847,2016-03-13,64.68,263.0,75.59999847,25.76000023,10122.0,7.82999992370605,7.82999992370605,0.0,0.699999988079071,0.629999995231628,5.28999996185303,0.0,11.0,14.0,228.0,896.0,3013.0
4388161847,2016-03-14,64.68,263.0,75.59999847,25.76000023,10122.0,7.82999992370605,7.82999992370605,0.0,0.699999988079071,0.629999995231628,5.28999996185303,0.0,11.0,14.0,228.0,896.0,3013.0
4388161847,2016-03-15,64.68,263.0,75.59999847,25.76000023,10122.0,7.82999992370605,7.82999992370605,0.0,0.699999988079071,0.629999995231628,5.28999996185303,0.0,11.0,14.0,228.0,896.0,3013.0
4388161847,2016-03-16,64.68,263.0,75.59999847,25.76000023,10122.0,7.82999992370605,7.82999992370605,0.0,0.699999988079071,0.629999995231628,5.28999996185303,0.0,11.0,14.0,228.0,896.0,3013.0
4388161847,2016-03-17,64.68,263.0,75.59999847,25.76000023,10122.0,7.82999992370605,7.82999992370605,0.0,0.699999988079071,0.629999995231628,5.28999996185303,0.0,11.0,14.0,228.0,896.0,3013.0
4388161847,2016-03-18,64.68,263.0,75.59999847,25.76000023,10122.0,7.82999992370605,7.82999992370605,0.0,0.699999988079071,0.629999995231628,5.28999996185303,0.0,11.0,14.0,228.0,896.0,3013.0
4388161847,2016-03-19,64.68,263.0,75.59999847,25.76000023,10122.0,7.82999992370605,7.82999992370605,0.0,0.699999988079071,0.629999995231628,5.28999996185303,0.0,11.0,14.0,228.0,896.0,3013.0
4388161847,2016-03-20,64.68,263.0,75.59999847,25.76000023,10122.0,7.82999992370605,7.82999992370605,0.0,0.699999988079071,0.629999995231628,5.28999996185303,0.0,11.0,14.0,228.0,896.0,3013.0
4388161847,2016-03-21,64.68,263.0,75.59999847,25.76000023,10122.0,7.82999992370605,7.82999992370605,0.0,0.699999988079071,0.629999995231628,5.28999996185303,0.0,11.0,14.0,228.0,896.0,3013.0
4388161847,2016-03-22,64.68,263.0,75.59999847,25.76000023,10122.0,7.82999992370605,7.82999992370605,0.0,0.699999988079071,0.629999995231628,5.28999996185303,0.0,11.0,14.0,228.0,896.0,3013.0
4388161847,2016-03-23,64.68,263.0,75.59999847,25.76000023,10122.0,7.82999992370605,7.82999992370605,0.0,0.699999988079071,0.629999995231628,5.28999996185303,0.0,11.0,14.0,228.0,896.0,3013.0
4388161847,2016-03-24,64.68,263.0,75.59999847,25.76000023,10122.0,7.82999992370605,7.82999992370605,0.0,0.699999988079071,0.629999995231628,5.28999996185303,0.0,11.0,14.0,228.0,896.0,3013.0
4388161847,2016-03-25,64.68,263.0,75.59999847,25.76000023,10122.0,7.82999992370605,7.82999992370605,0.0,0.699999988079071,0.629999995231628,5.28999996185303,0.0,11.0,14.0,228.0,896.0,3013.0
4388161847,2016-03-26,64.68,263.0,75.59999847,25.76000023,10122.0,7.82999992370605,7.82999992370605,0.0,0.699999988079071,0.629999995231628,5.28999996185303,0.0,11.0,14.0,228.0,896.0,3013.0
4388161847,2016-03-27,64.68,263.0,75.59999847,25.76000023,10122.0,7.82999992370605,7.82999992370605,0.0,0.699999988079071,0.629999995231628,5.28999996185303,0.0,11.0,14.0,228.0,896.0,3013.0
4388161847,2016-03-28,64.68,263.0,75.59999847,25.76000023,10122.0,7.82999992370605,7.82999992370605,0.0,0.699999988079071,0.629999995231628,5.28999996185303,0.0,11.0,14.0,228.0,896.0,3013.0
4388161847,2016-03-29,64.68,263.0,75.59999847,25.76000023,0.0,0.0,0.0,0.0,0.0,0.0,0.0,0.0,0.0,0.0,0.0,1440.0,1878.0
4388161847,2016-03-30,64.68,263.0,75.59999847,25.76000023,0.0,0.0,0.0,0.0,0.0,0.0,0.0,0.0,0.0,0.0,0.0,1440.0,1878.0
4388161847,2016-03-31,64.68,263.0,75.59999847,25.76000023,0.0,0.0,0.0,0.0,0.0,0.0,0.0,0.0,0.0,0.0,0.0,1440.0,1878.0
4388161847,2016-04-01,64.68,263.0,75.59999847,25.76000023,0.0,0.0,0.0,0.0,0.0,0.0,0.0,0.0,0.0,0.0,0.0,1440.0,1878.0
4388161847,2016-04-02,64.68,263.0,75.59999847,25.76000023,0.0,0.0,0.0,0.0,0.0,0.0,0.0,0.0,0.0,0.0,0.0,1440.0,1878.0
4388161847,2016-04-03,64.68,263.0,75.59999847,25.76000023,0.0,0.0,0.0,0.0,0.0,0.0,0.0,0.0,0.0,0.0,0.0,1440.0,1878.0
4388161847,2016-04-04,64.68,263.0,75.59999847,25.76000023,0.0,0.0,0.0,0.0,0.0,0.0,0.0,0.0,0.0,0.0,0.0,1440.0,1878.0
4388161847,2016-04-05,64.68,263.0,75.59999847,25.76000023,0.0,0.0,0.0,0.0,0.0,0.0,0.0,0.0,0.0,0.0,0.0,994.0,1296.0
4388161847,2016-04-06,64.68,263.0,75.59999847,25.76000023,10122.0,7.82999992370605,7.82999992370605,0.0,0.699999988079071,0.629999995231628,5.28999996185303,0.0,11.0,14.0,228.0,896.0,3013.0
4388161847,2016-04-07,64.68,263.0,75.59999847,25.76000023,10122.0,7.82999992370605,7.82999992370605,0.0,0.699999988079071,0.629999995231628,5.28999996185303,0.0,11.0,14.0,228.0,896.0,3013.0
4388161847,2016-04-08,64.68,263.0,75.59999847,25.76000023,10122.0,7.82999992370605,7.82999992370605,0.0,0.699999988079071,0.629999995231628,5.28999996185303,0.0,11.0,14.0,228.0,896.0,3013.0
4388161847,2016-04-09,64.68,263.0,75.59999847,25.76000023,10122.0,7.82999992370605,7.82999992370605,0.0,0.699999988079071,0.629999995231628,5.28999996185303,0.0,11.0,14.0,228.0,896.0,3013.0
4388161847,2016-04-10,64.68,263.0,75.59999847,25.76000023,10122.0,7.82999992370605,7.82999992370605,0.0,0.699999988079071,0.629999995231628,5.28999996185303,0.0,11.0,14.0,228.0,896.0,3013.0
4388161847,2016-04-11,64.68,263.0,75.59999847,25.76000023,10122.0,7.82999992370605,7.82999992370605,0.0,0.699999988079071,0.629999995231628,5.28999996185303,0.0,11.0,14.0,228.0,896.0,3013.0
4388161847,2016-04-12,64.68,263.0,75.59999847,25.76000023,10122.0,7.78000020980835,7.78000020980835,0.0,0.0,0.0,0.0,0.0,0.0,0.0,0.0,1440.0,2955.0
4388161847,2016-04-13,65.35,263.0,75.59999847,25.76000023,10993.0,8.44999980926514,8.44999980926514,0.0,0.0599999986588955,0.629999995231628,3.88000011444092,0.0,1.0,14.0,150.0,1275.0,3092.0
4388161847,2016-04-14,65.05,263.0,75.59999847,25.76000023,8863.0,6.82000017166138,6.82000017166138,0.0,0.129999995231628,1.07000005245209,5.61999988555908,0.0,10.0,35.0,219.0,945.0,2998.0
4388161847,2016-04-15,66.06,312.0,75.59999847,25.76000023,8758.0,6.73000001907349,6.73000001907349,0.0,0.0,0.0,6.73000001907349,0.0,0.0,0.0,299.0,837.0,3066.0
4388161847,2016-04-16,70.02,589.0,75.59999847,25.76000023,6580.0,5.05999994277954,5.05999994277954,0.0,0.209999993443489,0.400000005960464,4.44999980926514,0.0,6.0,9.0,253.0,609.0,3073.0
4388161847,2016-04-17,65.42,537.0,75.59999847,25.76000023,4660.0,3.57999992370605,3.57999992370605,0.0,0.0,0.0,3.57999992370605,0.0,0.0,0.0,201.0,721.0,2572.0
4388161847,2016-04-18,67.78,164.0,75.59999847,25.76000023,11009.0,9.10000038146973,9.10000038146973,0.0,3.55999994277954,0.400000005960464,5.1399998664856,0.0,27.0,8.0,239.0,1017.0,3274.0
4388161847,2016-04-19,64.86,473.0,75.59999847,25.76000023,10181.0,7.82999992370605,7.82999992370605,0.0,1.37000000476837,0.689999997615814,5.76999998092651,0.0,20.0,16.0,249.0,704.0,3015.0
4388161847,2016-04-20,64.8,480.0,75.59999847,25.76000023,10553.0,8.11999988555908,8.11999988555908,0.0,1.10000002384186,1.72000002861023,5.28999996185303,0.0,19.0,42.0,228.0,696.0,3083.0
4388161847,2016-04-21,63.73,302.0,75.59999847,25.76000023,10055.0,7.73000001907349,7.73000001907349,0.0,0.370000004768372,0.389999985694885,6.98000001907349,0.0,7.0,12.0,272.0,853.0,3069.0
4388161847,2016-04-22,67.23,185.0,75.59999847,25.76000023,12139.0,9.34000015258789,9.34000015258789,0.0,3.29999995231628,1.11000001430511,4.92000007629395,0.0,77.0,25.0,220.0,945.0,3544.0
4388161847,2016-04-23,65.92,431.0,75.59999847,25.76000023,13236.0,10.1800003051758,10.1800003051758,0.0,4.5,0.319999992847443,5.34999990463257,0.0,58.0,5.0,215.0,749.0,3306.0
4388161847,2016-04-24,63.25,645.0,75.59999847,25.76000023,10243.0,7.88000011444092,7.88000011444092,0.0,1.08000004291534,0.509999990463257,6.30000019073486,0.0,14.0,8.0,239.0,584.0,2885.0
4388161847,2016-04-25,64.57,53.0,75.59999847,25.76000023,12961.0,9.97000026702881,9.97000026702881,0.0,0.730000019073486,1.39999997615814,7.84000015258789,0.0,11.0,31.0,301.0,1054.0,3288.0
4388161847,2016-04-26,63.38,548.0,75.59999847,25.76000023,9461.0,7.28000020980835,7.28000020980835,0.0,0.939999997615814,1.05999994277954,5.26999998092651,0.0,14.0,23.0,224.0,673.0,2929.0
4388161847,2016-04-27,63.16,493.0,75.59999847,25.76000023,11193.0,8.60999965667725,8.60999965667725,0.0,0.699999988079071,2.50999999046326,5.3899998664856,0.0,11.0,48.0,241.0,684.0,3074.0
4388161847,2016-04-28,63.41,312.0,75.59999847,25.76000023,10074.0,7.75,7.75,0.0,1.28999996185303,0.430000007152557,6.03000020980835,0.0,19.0,9.0,234.0,878.0,2969.0
4388161847,2016-04-29,64.02,312.0,75.59999847,25.76000023,9232.0,7.09999990463257,7.09999990463257,0.0,0.800000011920929,0.889999985694885,5.42000007629395,0.0,13.0,16.0,236.0,1175.0,2979.0
4388161847,2016-04-30,64.36,585.0,75.59999847,25.76000023,12533.0,9.64000034332275,9.64000034332275,0.0,0.699999988079071,2.0,6.94000005722046,0.0,14.0,43.0,300.0,537.0,3283.0
4388161847,2016-05-01,62.49,643.0,75.59999847,25.76000023,10255.0,7.8899998664856,7.8899998664856,0.0,1.00999999046326,0.680000007152557,6.19999980926514,0.0,12.0,15.0,241.0,579.0,2926.0
4388161847,2016-05-02,65.2,266.0,75.59999847,25.76000023,10096.0,8.39999961853027,8.39999961853027,0.0,3.76999998092651,0.0799999982118607,4.55000019073486,0.0,33.0,4.0,204.0,935.0,3147.0
4388161847,2016-05-03,64.17,117.0,75.59999847,25.76000023,12727.0,9.78999996185303,9.78999996185303,0.0,1.12999999523163,0.779999971389771,7.88000011444092,0.0,18.0,18.0,306.0,984.0,3290.0
4388161847,2016-05-04,63.09,542.0,75.59999847,25.76000023,12375.0,9.52000045776367,9.52000045776367,0.0,2.78999996185303,0.930000007152557,5.80000019073486,0.0,35.0,21.0,251.0,632.0,3162.0
4388161847,2016-05-05,62.83,307.0,75.59999847,25.76000023,9603.0,7.38000011444092,7.38000011444092,0.0,0.629999995231628,1.66999995708466,5.09000015258789,0.0,12.0,39.0,199.0,896.0,2899.0
4388161847,2016-05-06,65.92,307.0,75.59999847,25.76000023,13175.0,10.1300001144409,10.1300001144409,0.0,2.10999989509583,2.08999991416931,5.92999982833862,0.0,33.0,45.0,262.0,1100.0,3425.0
4388161847,2016-05-07,65.58,520.0,75.59999847,25.76000023,22770.0,17.5400009155273,17.5400009155273,0.0,9.44999980926514,2.76999998092651,5.32999992370605,0.0,120.0,56.0,260.0,508.0,4022.0
4388161847,2016-05-08,66.94,555.0,75.59999847,25.76000023,17298.0,14.3800001144409,14.3800001144409,0.0,9.89000034332275,1.25999999046326,3.23000001907349,0.0,107.0,38.0,178.0,576.0,3934.0
4388161847,2016-05-09,63.2,149.0,75.59999847,25.76000023,10218.0,7.8600001335144,7.8600001335144,0.0,0.340000003576279,0.730000019073486,6.78999996185303,0.0,6.0,19.0,258.0,1020.0,3013.0
4388161847,2016-05-10,62.67,522.0,75.59999847,25.76000023,10299.0,7.92000007629395,7.92000007629395,0.0,0.810000002384186,0.649999976158142,6.46000003814697,0.0,13.0,14.0,267.0,648.0,3061.0
4388161847,2016-05-11,62.11,306.0,75.59999847,25.76000023,10201.0,7.84000015258789,7.84000015258789,0.0,0.529999971389771,0.790000021457672,6.53000020980835,0.0,8.0,18.0,256.0,858.0,2954.0
4388161847,2016-05-12,61.46,306.0,75.59999847,25.76000023,3369.0,2.58999991416931,2.58999991416931,0.0,0.0,0.0,2.58999991416931,0.0,0.0,0.0,108.0,825.0,1623.0
4445114986,2016-03-11,75.625,407.0,92.40000153,35.00999832,4503.5,3.019999980926515,3.019999980926515,0.0,0.0,0.0,2.5349999666214,0.0,0.0,0.0,215.0,802.0,2210.5
4445114986,2016-03-12,73.12,407.0,92.40000153,35.00999832,4503.5,3.019999980926515,3.019999980926515,0.0,0.0,0.0,2.5349999666214,0.0,0.0,0.0,215.0,802.0,2210.5
4445114986,2016-03-13,72.97,358.0,92.40000153,35.00999832,4503.5,3.019999980926515,3.019999980926515,0.0,0.0,0.0,2.5349999666214,0.0,0.0,0.0,215.0,802.0,2210.5
4445114986,2016-03-14,73.16,358.0,92.40000153,35.00999832,4503.5,3.019999980926515,3.019999980926515,0.0,0.0,0.0,2.5349999666214,0.0,0.0,0.0,215.0,802.0,2210.5
4445114986,2016-03-15,76.39,645.0,92.40000153,35.00999832,4503.5,3.019999980926515,3.019999980926515,0.0,0.0,0.0,2.5349999666214,0.0,0.0,0.0,215.0,802.0,2210.5
4445114986,2016-03-16,76.4,457.0,92.40000153,35.00999832,4503.5,3.019999980926515,3.019999980926515,0.0,0.0,0.0,2.5349999666214,0.0,0.0,0.0,215.0,802.0,2210.5
4445114986,2016-03-17,73.39,245.0,92.40000153,35.00999832,4503.5,3.019999980926515,3.019999980926515,0.0,0.0,0.0,2.5349999666214,0.0,0.0,0.0,215.0,802.0,2210.5
4445114986,2016-03-18,73.2,245.0,92.40000153,35.00999832,4503.5,3.019999980926515,3.019999980926515,0.0,0.0,0.0,2.5349999666214,0.0,0.0,0.0,215.0,802.0,2210.5
4445114986,2016-03-19,76.94,178.0,92.40000153,35.00999832,4503.5,3.019999980926515,3.019999980926515,0.0,0.0,0.0,2.5349999666214,0.0,0.0,0.0,215.0,802.0,2210.5
4445114986,2016-03-20,73.26,568.0,92.40000153,35.00999832,4503.5,3.019999980926515,3.019999980926515,0.0,0.0,0.0,2.5349999666214,0.0,0.0,0.0,215.0,802.0,2210.5
4445114986,2016-03-21,74.89,227.0,92.40000153,35.00999832,4503.5,3.019999980926515,3.019999980926515,0.0,0.0,0.0,2.5349999666214,0.0,0.0,0.0,215.0,802.0,2210.5
4445114986,2016-03-22,73.52,381.0,92.40000153,35.00999832,4503.5,3.019999980926515,3.019999980926515,0.0,0.0,0.0,2.5349999666214,0.0,0.0,0.0,215.0,802.0,2210.5
4445114986,2016-03-23,76.53,381.0,92.40000153,35.00999832,4503.5,3.019999980926515,3.019999980926515,0.0,0.0,0.0,2.5349999666214,0.0,0.0,0.0,215.0,802.0,2210.5
4445114986,2016-03-24,75.39,433.0,92.40000153,35.00999832,4503.5,3.019999980926515,3.019999980926515,0.0,0.0,0.0,2.5349999666214,0.0,0.0,0.0,215.0,802.0,2210.5
4445114986,2016-03-25,77.38,371.0,92.40000153,35.00999832,4503.5,3.019999980926515,3.019999980926515,0.0,0.0,0.0,2.5349999666214,0.0,0.0,0.0,215.0,802.0,2210.5
4445114986,2016-03-26,78.1,176.0,92.40000153,35.00999832,4503.5,3.019999980926515,3.019999980926515,0.0,0.0,0.0,2.5349999666214,0.0,0.0,0.0,215.0,802.0,2210.5
4445114986,2016-03-27,75.71,332.0,92.40000153,35.00999832,4503.5,3.019999980926515,3.019999980926515,0.0,0.0,0.0,2.5349999666214,0.0,0.0,0.0,215.0,802.0,2210.5
4445114986,2016-03-28,74.66,399.0,92.40000153,35.00999832,4503.5,3.019999980926515,3.019999980926515,0.0,0.0,0.0,2.5349999666214,0.0,0.0,0.0,215.0,802.0,2210.5
4445114986,2016-03-29,75.45,526.0,92.40000153,35.00999832,2303.0,1.54999995231628,1.54999995231628,0.0,0.0,0.0,1.54999995231628,0.0,0.0,0.0,155.0,807.0,2010.0
4445114986,2016-03-30,74.18,526.0,92.40000153,35.00999832,2600.0,1.74000000953674,1.74000000953674,0.0,0.0,0.0,1.74000000953674,0.0,0.0,0.0,163.0,1277.0,2032.0
4445114986,2016-03-30,75.625,454.0,92.40000153,35.00999832,2600.0,1.74000000953674,1.74000000953674,0.0,0.0,0.0,1.74000000953674,0.0,0.0,0.0,163.0,1277.0,2032.0
4445114986,2016-03-31,78.12,479.0,92.40000153,35.00999832,4804.0,3.22000002861023,3.22000002861023,0.0,0.0,0.0,3.22000002861023,0.0,0.0,0.0,238.0,786.0,2227.0
4445114986,2016-04-01,74.18,366.0,92.40000153,35.00999832,3271.0,2.19000005722046,2.19000005722046,0.0,0.0,0.0,2.19000005722046,0.0,0.0,0.0,205.0,898.0,2133.0
4445114986,2016-04-02,75.91,523.0,92.40000153,35.00999832,5406.0,3.63000011444092,3.63000011444092,0.0,0.0,0.0,3.60999989509583,0.0,0.0,0.0,273.0,672.0,2317.0
4445114986,2016-04-03,77.53,523.0,92.40000153,35.00999832,3146.0,2.10999989509583,2.10999989509583,0.0,0.0,0.0,2.10999989509583,0.0,0.0,0.0,171.0,1269.0,2058.0
4445114986,2016-04-04,77.07,523.0,92.40000153,35.00999832,2422.0,1.62999999523163,1.62999999523163,0.0,0.0,0.0,1.62999999523163,0.0,0.0,0.0,110.0,1330.0,1935.0
4445114986,2016-04-05,77.72,534.0,92.40000153,35.00999832,4239.0,2.83999991416931,2.83999991416931,0.0,0.0599999986588955,0.239999994635582,2.52999997138977,0.0,1.0,6.0,235.0,702.0,2217.0
4445114986,2016-04-06,76.55,472.0,92.40000153,35.00999832,6911.0,4.78000020980835,4.78000020980835,0.0,2.3199999332428,0.100000001490116,2.35999989509583,0.0,28.0,2.0,215.0,745.0,2374.0
4445114986,2016-04-07,75.36,277.0,92.40000153,35.00999832,6667.0,4.6100001335144,4.6100001335144,0.0,2.01999998092651,0.0500000007450581,2.54999995231628,0.0,24.0,1.0,208.0,939.0,2335.0
4445114986,2016-04-08,75.09,251.0,92.40000153,35.00999832,5543.0,3.72000002861023,3.72000002861023,0.0,0.0,0.0,3.72000002861023,0.0,0.0,0.0,266.0,941.0,2303.0
4445114986,2016-04-09,75.09,500.0,92.40000153,35.00999832,4195.0,2.80999994277954,2.80999994277954,0.0,0.0,0.0,2.80999994277954,0.0,0.0,0.0,239.0,758.0,2210.0
4445114986,2016-04-10,77.56,396.0,92.40000153,35.00999832,6625.0,4.44999980926514,4.44999980926514,0.0,0.0,0.0,4.44999980926514,0.0,0.0,0.0,316.0,755.0,2424.0
4445114986,2016-04-11,75.66,466.0,92.40000153,35.00999832,5986.0,4.13000011444092,4.13000011444092,0.0,1.95000004768372,0.230000004172325,1.95000004768372,0.0,23.0,5.0,195.0,789.0,2297.0
4445114986,2016-04-12,77.49,853.0,92.40000153,35.00999832,3554.0,2.3900000452995336,2.3900000452995336,0.0,0.0,0.0,2.3900000452995336,0.0,0.0,0.0,216.0,1040.0,2858.0
4445114986,2016-04-13,76.33,449.0,92.40000153,35.00999832,2961.0,1.99000000953674,1.99000000953674,0.0,0.0,0.0,1.99000000953674,0.0,0.0,0.0,194.0,840.0,2095.0
4445114986,2016-04-14,73.1,546.0,92.40000153,35.00999832,3974.0,2.67000007629395,2.67000007629395,0.0,0.0,0.0,2.67000007629395,0.0,0.0,0.0,231.0,717.0,2194.0
4445114986,2016-04-15,77.75,432.0,92.40000153,35.00999832,7198.0,4.82999992370605,4.82999992370605,0.0,0.0,0.0,4.82999992370605,0.0,0.0,0.0,350.0,711.0,2496.0
4445114986,2016-04-16,74.25,544.0,92.40000153,35.00999832,3945.0,2.65000009536743,2.65000009536743,0.0,0.0,0.0,2.65000009536743,0.0,0.0,0.0,225.0,716.0,2180.0
4445114986,2016-04-17,75.59,119.0,92.40000153,35.00999832,2268.0,1.51999998092651,1.51999998092651,0.0,0.0,0.0,1.51999998092651,0.0,0.0,0.0,114.0,1219.0,1933.0
4445114986,2016-04-18,73.49,119.0,92.40000153,35.00999832,6155.0,4.23999977111816,4.23999977111816,0.0,2.0,0.28999999165535,1.95000004768372,0.0,25.0,6.0,162.0,1247.0,2248.0
4445114986,2016-04-19,76.47,467.0,92.40000153,35.00999832,2064.0,1.38999998569489,1.38999998569489,0.0,0.0,0.0,1.38999998569489,0.0,0.0,0.0,121.0,895.0,1954.0
4445114986,2016-04-20,76.28,488.0,92.40000153,35.00999832,2072.0,1.38999998569489,1.38999998569489,0.0,0.0,0.0,1.38999998569489,0.0,0.0,0.0,137.0,841.0,1974.0
4445114986,2016-04-21,75.8,507.0,92.40000153,35.00999832,3809.0,2.55999994277954,2.55999994277954,0.0,0.0,0.0,2.53999996185303,0.0,0.0,0.0,215.0,756.0,2150.0
4445114986,2016-04-22,73.33,454.0,92.40000153,35.00999832,6831.0,4.57999992370605,4.57999992370605,0.0,0.0,0.0,4.57999992370605,0.0,0.0,0.0,317.0,706.0,2432.0
4445114986,2016-04-23,74.57,454.0,92.40000153,35.00999832,4363.0,2.9300000667572,2.9300000667572,0.0,0.0,0.0,2.9300000667572,0.0,0.0,0.0,201.0,1239.0,2149.0
4445114986,2016-04-24,74.19,454.0,92.40000153,35.00999832,5002.0,3.35999989509583,3.35999989509583,0.0,0.0,0.0,3.35999989509583,0.0,0.0,0.0,244.0,1196.0,2247.0
4445114986,2016-04-25,76.01,368.0,92.40000153,35.00999832,3385.0,2.26999998092651,2.26999998092651,0.0,0.0,0.0,2.26999998092651,0.0,0.0,0.0,179.0,916.0,2070.0
4445114986,2016-04-26,77.44,435.0,92.40000153,35.00999832,6326.0,4.40999984741211,4.40999984741211,0.0,2.41000008583069,0.0399999991059303,1.96000003814697,0.0,29.0,1.0,180.0,839.0,2291.0
4445114986,2016-04-27,76.09,421.0,92.40000153,35.00999832,7243.0,5.03000020980835,5.03000020980835,0.0,2.61999988555908,0.0299999993294477,2.38000011444092,0.0,32.0,1.0,194.0,839.0,2361.0
4445114986,2016-04-28,72.66,471.0,92.40000153,35.00999832,4493.0,3.00999999046326,3.00999999046326,0.0,0.0,0.0,3.00999999046326,0.0,0.0,0.0,236.0,762.0,2203.0
4445114986,2016-04-29,74.29,110.0,92.40000153,35.00999832,4676.0,3.14000010490417,3.14000010490417,0.0,0.0,0.0,3.13000011444092,0.0,0.0,0.0,226.0,1106.0,2196.0
4445114986,2016-04-30,76.13,390.0,92.40000153,35.00999832,6222.0,4.17999982833862,4.17999982833862,0.0,0.0,0.0,4.17999982833862,0.0,0.0,0.0,290.0,797.0,2363.0
4445114986,2016-05-01,78.15,484.0,92.40000153,35.00999832,5232.0,3.50999999046326,3.50999999046326,0.0,0.0,0.0,3.50999999046326,0.0,0.0,0.0,240.0,741.0,2246.0
4445114986,2016-05-02,73.61,586.0,92.40000153,35.00999832,6910.0,4.75,4.75,0.0,2.21000003814697,0.189999997615814,2.34999990463257,0.0,27.0,4.0,200.0,667.0,2336.0
4445114986,2016-05-03,76.9,485.0,92.40000153,35.00999832,7502.0,5.17999982833862,5.17999982833862,0.0,2.48000001907349,0.109999999403954,2.57999992370605,0.0,30.0,2.0,233.0,725.0,2421.0
4445114986,2016-05-04,75.82,397.0,92.40000153,35.00999832,2923.0,1.96000003814697,1.96000003814697,0.0,0.0,0.0,1.96000003814697,0.0,0.0,0.0,180.0,897.0,2070.0
4445114986,2016-05-05,73.36,573.0,92.40000153,35.00999832,3800.0,2.54999995231628,2.54999995231628,0.0,0.119999997317791,0.239999994635582,2.1800000667572,0.0,2.0,6.0,185.0,734.0,2120.0
4445114986,2016-05-06,75.68,435.0,92.40000153,35.00999832,4514.0,3.02999997138977,3.02999997138977,0.0,0.0,0.0,3.02999997138977,0.0,0.0,0.0,229.0,809.0,2211.0
4445114986,2016-05-07,73.86,482.0,92.40000153,35.00999832,5183.0,3.58999991416931,3.58999991416931,0.0,2.13000011444092,0.189999997615814,1.25,0.0,26.0,4.0,108.0,866.0,2123.0
4445114986,2016-05-08,76.44,425.0,92.40000153,35.00999832,7303.0,4.90000009536743,4.90000009536743,0.0,0.0,0.25,4.65000009536743,0.0,0.0,8.0,308.0,733.0,2423.0
4445114986,2016-05-09,78.37,625.0,92.40000153,35.00999832,5275.0,3.53999996185303,3.53999996185303,0.0,0.0,0.0,3.53999996185303,0.0,0.0,0.0,266.0,641.0,2281.0
4445114986,2016-05-10,74.86,454.0,92.40000153,35.00999832,3915.0,2.63000011444092,2.63000011444092,0.0,0.0,0.0,2.63000011444092,0.0,0.0,0.0,231.0,783.0,2181.0
4445114986,2016-05-11,73.74,563.0,92.40000153,35.00999832,9105.0,6.1100001335144,6.1100001335144,0.0,2.25,1.0,2.85999989509583,0.0,34.0,22.0,232.0,622.0,2499.0
4445114986,2016-05-12,74.43,524.0,92.40000153,35.00999832,768.0,0.519999980926514,0.519999980926514,0.0,0.0,0.0,0.519999980926514,0.0,0.0,0.0,58.0,380.0,1212.0
4558609924,2016-03-11,77.41,106.0,69.54999924,27.194999695,7542.0,4.985000133514404,4.985000133514404,0.0,0.299999997019768,0.25499999523162853,3.75,0.0,4.5,8.5,281.0,1114.0,2066.0
4558609924,2016-03-12,77.41,106.0,69.54999924,27.194999695,7542.0,4.985000133514404,4.985000133514404,0.0,0.299999997019768,0.25499999523162853,3.75,0.0,4.5,8.5,281.0,1114.0,2066.0
4558609924,2016-03-13,77.41,106.0,69.54999924,27.194999695,7542.0,4.985000133514404,4.985000133514404,0.0,0.299999997019768,0.25499999523162853,3.75,0.0,4.5,8.5,281.0,1114.0,2066.0
4558609924,2016-03-14,77.41,106.0,69.54999924,27.194999695,7542.0,4.985000133514404,4.985000133514404,0.0,0.299999997019768,0.25499999523162853,3.75,0.0,4.5,8.5,281.0,1114.0,2066.0
4558609924,2016-03-15,77.41,106.0,69.54999924,27.194999695,7542.0,4.985000133514404,4.985000133514404,0.0,0.299999997019768,0.25499999523162853,3.75,0.0,4.5,8.5,281.0,1114.0,2066.0
4558609924,2016-03-16,77.41,106.0,69.54999924,27.194999695,7542.0,4.985000133514404,4.985000133514404,0.0,0.299999997019768,0.25499999523162853,3.75,0.0,4.5,8.5,281.0,1114.0,2066.0
4558609924,2016-03-17,77.41,106.0,69.54999924,27.194999695,7542.0,4.985000133514404,4.985000133514404,0.0,0.299999997019768,0.25499999523162853,3.75,0.0,4.5,8.5,281.0,1114.0,2066.0
4558609924,2016-03-18,77.41,106.0,69.54999924,27.194999695,7542.0,4.985000133514404,4.985000133514404,0.0,0.299999997019768,0.25499999523162853,3.75,0.0,4.5,8.5,281.0,1114.0,2066.0
4558609924,2016-03-19,77.41,106.0,69.54999924,27.194999695,7542.0,4.985000133514404,4.985000133514404,0.0,0.299999997019768,0.25499999523162853,3.75,0.0,4.5,8.5,281.0,1114.0,2066.0
4558609924,2016-03-20,77.41,106.0,69.54999924,27.194999695,7542.0,4.985000133514404,4.985000133514404,0.0,0.299999997019768,0.25499999523162853,3.75,0.0,4.5,8.5,281.0,1114.0,2066.0
4558609924,2016-03-21,77.41,106.0,69.54999924,27.194999695,7542.0,4.985000133514404,4.985000133514404,0.0,0.299999997019768,0.25499999523162853,3.75,0.0,4.5,8.5,281.0,1114.0,2066.0
4558609924,2016-03-22,77.41,106.0,69.54999924,27.194999695,7542.0,4.985000133514404,4.985000133514404,0.0,0.299999997019768,0.25499999523162853,3.75,0.0,4.5,8.5,281.0,1114.0,2066.0
4558609924,2016-03-23,77.41,106.0,69.54999924,27.194999695,7542.0,4.985000133514404,4.985000133514404,0.0,0.299999997019768,0.25499999523162853,3.75,0.0,4.5,8.5,281.0,1114.0,2066.0
4558609924,2016-03-24,77.41,106.0,69.54999924,27.194999695,7542.0,4.985000133514404,4.985000133514404,0.0,0.299999997019768,0.25499999523162853,3.75,0.0,4.5,8.5,281.0,1114.0,2066.0
4558609924,2016-03-25,77.41,106.0,69.54999924,27.194999695,7542.0,4.985000133514404,4.985000133514404,0.0,0.299999997019768,0.25499999523162853,3.75,0.0,4.5,8.5,281.0,1114.0,2066.0
4558609924,2016-03-26,77.41,106.0,69.54999924,27.194999695,7542.0,4.985000133514404,4.985000133514404,0.0,0.299999997019768,0.25499999523162853,3.75,0.0,4.5,8.5,281.0,1114.0,2066.0
4558609924,2016-03-27,77.41,106.0,69.54999924,27.194999695,7542.0,4.985000133514404,4.985000133514404,0.0,0.299999997019768,0.25499999523162853,3.75,0.0,4.5,8.5,281.0,1114.0,2066.0
4558609924,2016-03-28,77.41,106.0,69.54999924,27.194999695,7542.0,4.985000133514404,4.985000133514404,0.0,0.299999997019768,0.25499999523162853,3.75,0.0,4.5,8.5,281.0,1114.0,2066.0
4558609924,2016-03-29,77.41,106.0,69.54999924,27.194999695,7542.0,4.985000133514404,4.985000133514404,0.0,0.299999997019768,0.25499999523162853,3.75,0.0,4.5,8.5,281.0,1114.0,2066.0
4558609924,2016-03-30,77.41,106.0,69.54999924,27.194999695,7542.0,4.985000133514404,4.985000133514404,0.0,0.299999997019768,0.25499999523162853,3.75,0.0,4.5,8.5,281.0,1114.0,2066.0
4558609924,2016-03-31,77.41,192.0,69.54999924,27.194999695,7542.0,4.985000133514404,4.985000133514404,0.0,0.299999997019768,0.25499999523162853,3.75,0.0,4.5,8.5,281.0,1114.0,2066.0
4558609924,2016-04-01,78.52,192.0,69.54999924,27.194999695,5336.0,3.52999997138977,3.52999997138977,0.0,0.0,0.0,3.52999997138977,0.0,0.0,0.0,258.0,1182.0,1902.0
4558609924,2016-04-02,76.34,88.0,69.54999924,27.194999695,3183.0,2.09999990463257,2.09999990463257,0.0,0.0,0.0,2.09999990463257,0.0,0.0,0.0,173.0,1180.0,1680.0
4558609924,2016-04-03,77.37,280.0,69.54999924,27.194999695,6176.0,4.07999992370605,4.07999992370605,0.0,0.0700000002980232,0.259999990463257,3.75,0.0,1.0,7.0,269.0,886.0,1901.0
4558609924,2016-04-04,76.76,280.0,69.54999924,27.194999695,8205.0,5.42000007629395,5.42000007629395,0.0,0.0,0.0,5.42000007629395,0.0,0.0,0.0,367.0,1073.0,2078.0
4558609924,2016-04-05,76.83,280.0,69.54999924,27.194999695,6799.0,4.48999977111816,4.48999977111816,0.0,1.5900000333786,0.860000014305115,2.03999996185303,0.0,24.0,14.0,185.0,1217.0,1876.0
4558609924,2016-04-06,76.44,280.0,69.54999924,27.194999695,5668.0,3.75,3.75,0.0,0.0,0.0,3.75,0.0,0.0,0.0,259.0,1181.0,1853.0
4558609924,2016-04-07,79.59,280.0,69.54999924,27.194999695,7998.0,5.28999996185303,5.28999996185303,0.0,0.509999990463257,0.25,4.53000020980835,0.0,27.0,12.0,296.0,1105.0,2235.0
4558609924,2016-04-08,75.03,280.0,69.54999924,27.194999695,4195.0,2.76999998092651,2.76999998092651,0.0,0.0,0.0,2.76999998092651,0.0,0.0,0.0,241.0,1199.0,1778.0
4558609924,2016-04-08,77.41,106.0,69.40000153,27.13999939,4195.0,2.76999998092651,2.76999998092651,0.0,0.0,0.0,2.76999998092651,0.0,0.0,0.0,241.0,1199.0,1778.0
4558609924,2016-04-09,74.89,280.0,69.54999924,27.194999695,5512.0,3.64000010490417,3.64000010490417,0.0,0.0,0.0,3.64000010490417,0.0,0.0,0.0,276.0,1164.0,1882.0
4558609924,2016-04-10,76.17,280.0,69.54999924,27.194999695,6263.0,4.1399998664856,4.1399998664856,0.0,0.0,0.0,4.13000011444092,0.0,0.0,0.0,290.0,1150.0,1906.0
4558609924,2016-04-11,79.44,280.0,69.54999924,27.194999695,8828.0,5.84000015258789,5.84000015258789,0.0,0.0,0.0,5.84000015258789,0.0,0.0,0.0,308.0,1132.0,2149.0
4558609924,2016-04-12,75.89,280.0,69.54999924,27.194999695,6395.0,4.220000088214869,4.220000088214869,0.0,0.0,0.0,4.210000097751613,0.0,0.0,0.0,394.0,1677.0,2631.0
4558609924,2016-04-13,77.75,280.0,69.54999924,27.194999695,4978.0,3.28999996185303,3.28999996185303,0.0,1.24000000953674,0.439999997615814,1.61000001430511,0.0,19.0,7.0,127.0,1287.0,1722.0
4558609924,2016-04-14,77.51,280.0,69.54999924,27.194999695,6799.0,4.48999977111816,4.48999977111816,0.0,0.0,0.0,4.48999977111816,0.0,0.0,0.0,279.0,1161.0,1922.0
4558609924,2016-04-15,78.92,280.0,69.54999924,27.194999695,7795.0,5.15000009536743,5.15000009536743,0.0,0.589999973773956,0.839999973773956,3.73000001907349,0.0,17.0,30.0,262.0,1131.0,2121.0
4558609924,2016-04-16,76.52,280.0,69.54999924,27.194999695,7289.0,4.82000017166138,4.82000017166138,0.0,0.550000011920929,0.75,3.5,0.0,8.0,12.0,308.0,1112.0,1997.0
4558609924,2016-04-17,78.31,280.0,69.54999924,27.194999695,9634.0,6.40000009536743,6.40000009536743,0.0,0.550000011920929,1.13999998569489,4.71000003814697,0.0,7.0,19.0,304.0,1110.0,2117.0
4558609924,2016-04-18,77.1,280.0,69.54999924,27.194999695,8940.0,5.90999984741211,5.90999984741211,0.0,0.980000019073486,0.930000007152557,4.0,0.0,14.0,15.0,331.0,1080.0,2116.0
4558609924,2016-04-18,77.41,106.0,69.69999695,27.25,8940.0,5.90999984741211,5.90999984741211,0.0,0.980000019073486,0.930000007152557,4.0,0.0,14.0,15.0,331.0,1080.0,2116.0
4558609924,2016-04-19,78.23,280.0,69.54999924,27.194999695,5401.0,3.5699999332428,3.5699999332428,0.0,0.0500000007450581,0.360000014305115,3.16000008583069,0.0,1.0,9.0,248.0,1182.0,1876.0
4558609924,2016-04-20,76.78,280.0,69.54999924,27.194999695,4803.0,3.17000007629395,3.17000007629395,0.0,0.0,0.0,3.17000007629395,0.0,0.0,0.0,222.0,1218.0,1788.0
4558609924,2016-04-21,80.28,153.0,69.54999924,27.194999695,13743.0,9.07999992370605,9.07999992370605,0.0,0.419999986886978,0.970000028610229,7.69999980926514,0.0,6.0,21.0,432.0,844.0,2486.0
4558609924,2016-04-22,78.51,153.0,69.54999924,27.194999695,9601.0,6.34999990463257,6.34999990463257,0.0,1.37000000476837,1.5,3.47000002861023,0.0,20.0,25.0,273.0,1122.0,2094.0
4558609924,2016-04-23,79.57,153.0,69.54999924,27.194999695,6890.0,4.55000019073486,4.55000019073486,0.0,0.340000003576279,0.200000002980232,4.01000022888184,0.0,5.0,5.0,308.0,1122.0,2085.0
4558609924,2016-04-24,78.69,153.0,69.54999924,27.194999695,8563.0,5.65999984741211,5.65999984741211,0.0,0.0,0.0,5.65000009536743,0.0,0.0,0.0,395.0,1045.0,2173.0
4558609924,2016-04-25,78.72,91.0,69.54999924,27.194999695,8095.0,5.34999990463257,5.34999990463257,0.0,0.589999973773956,0.25,4.51000022888184,0.0,18.0,10.0,340.0,993.0,2225.0
4558609924,2016-04-25,77.41,106.0,70.30000305,27.45999908,8095.0,5.34999990463257,5.34999990463257,0.0,0.589999973773956,0.25,4.51000022888184,0.0,18.0,10.0,340.0,993.0,2225.0
4558609924,2016-04-26,80.21,51.0,69.54999924,27.194999695,9148.0,6.05000019073486,6.05000019073486,0.0,0.430000007152557,2.02999997138977,3.58999991416931,0.0,12.0,41.0,283.0,1062.0,2223.0
4558609924,2016-04-27,77.75,51.0,69.54999924,27.194999695,9557.0,6.32000017166138,6.32000017166138,0.0,1.96000003814697,0.889999985694885,3.46000003814697,0.0,27.0,14.0,312.0,1087.0,2098.0
4558609924,2016-04-28,78.76,84.0,69.54999924,27.194999695,9451.0,6.25,6.25,0.0,0.0199999995529652,0.270000010728836,5.94999980926514,0.0,1.0,11.0,367.0,985.0,2185.0
4558609924,2016-04-29,76.54,104.0,69.54999924,27.194999695,7833.0,5.17999982833862,5.17999982833862,0.0,1.01999998092651,1.85000002384186,2.30999994277954,0.0,15.0,29.0,197.0,1096.0,1918.0
4558609924,2016-04-30,76.44,104.0,69.54999924,27.194999695,10319.0,6.82000017166138,6.82000017166138,0.0,0.469999998807907,1.88999998569489,4.46000003814697,0.0,7.0,29.0,293.0,1111.0,2105.0
4558609924,2016-05-01,74.35,147.0,69.54999924,27.194999695,3428.0,2.26999998092651,2.26999998092651,0.0,0.0,0.0,2.26999998092651,0.0,0.0,0.0,190.0,1121.0,1692.0
4558609924,2016-05-01,77.41,106.0,69.90000153,27.31999969,3428.0,2.26999998092651,2.26999998092651,0.0,0.0,0.0,2.26999998092651,0.0,0.0,0.0,190.0,1121.0,1692.0
4558609924,2016-05-02,76.76,147.0,69.54999924,27.194999695,7891.0,5.21999979019165,5.21999979019165,0.0,0.0,0.0,5.21999979019165,0.0,0.0,0.0,383.0,1057.0,2066.0
4558609924,2016-05-02,77.41,106.0,69.19999695,27.04000092,7891.0,5.21999979019165,5.21999979019165,0.0,0.0,0.0,5.21999979019165,0.0,0.0,0.0,383.0,1057.0,2066.0
4558609924,2016-05-03,76.35,147.0,69.54999924,27.194999695,5267.0,3.48000001907349,3.48000001907349,0.0,0.600000023841858,0.280000001192093,2.59999990463257,0.0,21.0,10.0,237.0,1172.0,1953.0
4558609924,2016-05-04,76.4,147.0,69.54999924,27.194999695,5232.0,3.46000003814697,3.46000003814697,0.0,0.0,0.0,3.46000003814697,0.0,0.0,0.0,252.0,1188.0,1842.0
4558609924,2016-05-05,77.91,147.0,69.54999924,27.194999695,10611.0,7.01000022888184,7.01000022888184,0.0,1.00999999046326,0.5,5.51000022888184,0.0,14.0,8.0,370.0,1048.0,2262.0
4558609924,2016-05-06,74.78,147.0,69.54999924,27.194999695,3755.0,2.48000001907349,2.48000001907349,0.0,0.0,0.0,2.48000001907349,0.0,0.0,0.0,202.0,1238.0,1722.0
4558609924,2016-05-07,76.25,58.0,69.54999924,27.194999695,8237.0,5.44000005722046,5.44000005722046,0.0,1.61000001430511,1.0,2.82999992370605,0.0,23.0,16.0,233.0,1116.0,1973.0
4558609924,2016-05-08,83.48,87.0,69.54999924,27.194999695,6543.0,4.32999992370605,4.32999992370605,0.0,1.79999995231628,0.5,2.01999998092651,0.0,66.0,35.0,238.0,1019.0,2666.0
4558609924,2016-05-09,76.99,87.0,69.54999924,27.194999695,11451.0,7.57000017166138,7.57000017166138,0.0,0.430000007152557,1.62000000476837,5.51999998092651,0.0,6.0,30.0,339.0,1065.0,2223.0
4558609924,2016-05-09,77.41,106.0,69.09999847,27.0,11451.0,7.57000017166138,7.57000017166138,0.0,0.430000007152557,1.62000000476837,5.51999998092651,0.0,6.0,30.0,339.0,1065.0,2223.0
4558609924,2016-05-10,75.42,87.0,69.54999924,27.194999695,6435.0,4.25,4.25,0.0,0.740000009536743,1.12000000476837,2.39000010490417,0.0,11.0,18.0,220.0,1191.0,1889.0
4558609924,2016-05-11,75.68,87.0,69.54999924,27.194999695,9108.0,6.01999998092651,6.01999998092651,0.0,0.259999990463257,1.82000005245209,3.94000005722046,0.0,4.0,31.0,324.0,1081.0,2131.0
4558609924,2016-05-12,76.0,87.0,69.54999924,27.194999695,6307.0,4.17000007629395,4.17000007629395,0.0,0.0,0.0,4.17000007629395,0.0,0.0,0.0,247.0,736.0,1452.0
4702921684,2016-03-11,66.81,131.0,99.69999695,26.11000061,8010.5,6.49499988555908,6.49499988555908,0.0,0.25,0.7650000154972074,5.6050000190734846,0.0,3.0,15.5,248.0,745.5,2982.5
4702921684,2016-03-12,66.63,504.0,99.69999695,26.11000061,8010.5,6.49499988555908,6.49499988555908,0.0,0.25,0.7650000154972074,5.6050000190734846,0.0,3.0,15.5,248.0,745.5,2982.5
4702921684,2016-03-13,66.76,295.0,99.69999695,26.11000061,8010.5,6.49499988555908,6.49499988555908,0.0,0.25,0.7650000154972074,5.6050000190734846,0.0,3.0,15.5,248.0,745.5,2982.5
4702921684,2016-03-14,69.52,478.0,99.69999695,26.11000061,8010.5,6.49499988555908,6.49499988555908,0.0,0.25,0.7650000154972074,5.6050000190734846,0.0,3.0,15.5,248.0,745.5,2982.5
4702921684,2016-03-15,69.33,481.0,99.69999695,26.11000061,8010.5,6.49499988555908,6.49499988555908,0.0,0.25,0.7650000154972074,5.6050000190734846,0.0,3.0,15.5,248.0,745.5,2982.5
4702921684,2016-03-16,68.21,516.0,99.69999695,26.11000061,8010.5,6.49499988555908,6.49499988555908,0.0,0.25,0.7650000154972074,5.6050000190734846,0.0,3.0,15.5,248.0,745.5,2982.5
4702921684,2016-03-17,67.92,485.0,99.69999695,26.11000061,8010.5,6.49499988555908,6.49499988555908,0.0,0.25,0.7650000154972074,5.6050000190734846,0.0,3.0,15.5,248.0,745.5,2982.5
4702921684,2016-03-18,67.09,383.0,99.69999695,26.11000061,8010.5,6.49499988555908,6.49499988555908,0.0,0.25,0.7650000154972074,5.6050000190734846,0.0,3.0,15.5,248.0,745.5,2982.5
4702921684,2016-03-19,69.18,383.0,99.69999695,26.11000061,8010.5,6.49499988555908,6.49499988555908,0.0,0.25,0.7650000154972074,5.6050000190734846,0.0,3.0,15.5,248.0,745.5,2982.5
4702921684,2016-03-20,66.35,383.0,99.69999695,26.11000061,8010.5,6.49499988555908,6.49499988555908,0.0,0.25,0.7650000154972074,5.6050000190734846,0.0,3.0,15.5,248.0,745.5,2982.5
4702921684,2016-03-21,69.81,105.0,99.69999695,26.11000061,8010.5,6.49499988555908,6.49499988555908,0.0,0.25,0.7650000154972074,5.6050000190734846,0.0,3.0,15.5,248.0,745.5,2982.5
4702921684,2016-03-22,69.36,491.0,99.69999695,26.11000061,8010.5,6.49499988555908,6.49499988555908,0.0,0.25,0.7650000154972074,5.6050000190734846,0.0,3.0,15.5,248.0,745.5,2982.5
4702921684,2016-03-23,68.34,504.0,99.69999695,26.11000061,8010.5,6.49499988555908,6.49499988555908,0.0,0.25,0.7650000154972074,5.6050000190734846,0.0,3.0,15.5,248.0,745.5,2982.5
4702921684,2016-03-24,69.82,496.0,99.69999695,26.11000061,8010.5,6.49499988555908,6.49499988555908,0.0,0.25,0.7650000154972074,5.6050000190734846,0.0,3.0,15.5,248.0,745.5,2982.5
4702921684,2016-03-25,66.95,519.0,99.69999695,26.11000061,8010.5,6.49499988555908,6.49499988555908,0.0,0.25,0.7650000154972074,5.6050000190734846,0.0,3.0,15.5,248.0,745.5,2982.5
4702921684,2016-03-26,64.89,432.0,99.69999695,26.11000061,8010.5,6.49499988555908,6.49499988555908,0.0,0.25,0.7650000154972074,5.6050000190734846,0.0,3.0,15.5,248.0,745.5,2982.5
4702921684,2016-03-27,65.73,634.0,99.69999695,26.11000061,8010.5,6.49499988555908,6.49499988555908,0.0,0.25,0.7650000154972074,5.6050000190734846,0.0,3.0,15.5,248.0,745.5,2982.5
4702921684,2016-03-28,67.54,433.0,99.69999695,26.11000061,8010.5,6.49499988555908,6.49499988555908,0.0,0.25,0.7650000154972074,5.6050000190734846,0.0,3.0,15.5,248.0,745.5,2982.5
4702921684,2016-03-29,66.53,450.0,99.69999695,26.11000061,6506.0,5.28000020980835,5.28000020980835,0.0,0.330000013113022,0.270000010728836,4.67000007629395,0.0,4.0,5.0,241.0,760.0,2886.0
4702921684,2016-03-30,66.14,501.0,99.69999695,26.11000061,7583.0,6.15000009536743,6.15000009536743,0.0,0.25,0.550000011920929,5.34999990463257,0.0,3.0,13.0,227.0,742.0,2915.0
4702921684,2016-03-31,66.05,430.0,99.69999695,26.11000061,6963.0,5.65000009536743,5.65000009536743,0.0,0.0,0.0,5.65000009536743,0.0,0.0,0.0,256.0,759.0,2895.0
4702921684,2016-04-01,65.05,501.0,99.69999695,26.11000061,7165.0,5.80999994277954,5.80999994277954,0.0,0.0,0.370000004768372,5.44000005722046,0.0,0.0,9.0,248.0,708.0,2923.0
4702921684,2016-04-02,68.51,595.0,99.69999695,26.11000061,10328.0,8.38000011444092,8.38000011444092,0.0,0.0,1.46000003814697,6.92000007629395,0.0,0.0,32.0,367.0,475.0,3323.0
4702921684,2016-04-03,66.2,614.0,99.69999695,26.11000061,12116.0,9.82999992370605,9.82999992370605,0.0,0.25,2.84999990463257,6.71999979019165,0.0,3.0,57.0,323.0,471.0,3357.0
4702921684,2016-04-04,69.72,469.0,99.69999695,26.11000061,7810.0,6.3600001335144,6.3600001335144,0.0,0.479999989271164,1.20000004768372,4.67999982833862,0.0,6.0,27.0,216.0,746.0,2931.0
4702921684,2016-04-04,66.81,460.0,99.69999695,26.11000061,7810.0,6.3600001335144,6.3600001335144,0.0,0.479999989271164,1.20000004768372,4.67999982833862,0.0,6.0,27.0,216.0,746.0,2931.0
4702921684,2016-04-05,66.13,479.0,99.69999695,26.11000061,6670.0,5.40999984741211,5.40999984741211,0.0,1.24000000953674,0.800000011920929,3.36999988555908,0.0,15.0,16.0,199.0,770.0,2848.0
4702921684,2016-04-06,64.81,506.0,99.69999695,26.11000061,7605.0,6.17999982833862,6.17999982833862,0.0,0.330000013113022,0.209999993443489,5.63000011444092,0.0,4.0,4.0,248.0,708.0,2943.0
4702921684,2016-04-07,68.57,472.0,99.69999695,26.11000061,6585.0,5.34000015258789,5.34000015258789,0.0,0.0,0.0,5.34000015258789,0.0,0.0,0.0,210.0,770.0,2822.0
4702921684,2016-04-08,65.04,395.0,99.69999695,26.11000061,8184.0,6.6399998664856,6.6399998664856,0.0,0.0,0.620000004768372,5.94999980926514,0.0,0.0,15.0,247.0,808.0,2981.0
4702921684,2016-04-09,69.31,803.0,99.69999695,26.11000061,14002.0,11.3599996566772,11.3599996566772,0.0,0.610000014305115,2.6800000667572,8.0600004196167,0.0,8.0,56.0,381.0,407.0,3597.0
4702921684,2016-04-10,67.76,581.0,99.69999695,26.11000061,11135.0,9.02999973297119,9.02999973297119,0.0,0.0799999982118607,1.1599999666214,7.78999996185303,0.0,1.0,25.0,331.0,528.0,3224.0
4702921684,2016-04-11,70.06,392.0,99.69999695,26.11000061,6499.0,5.26999998092651,5.26999998092651,0.0,0.0,0.0,5.26999998092651,0.0,0.0,0.0,207.0,809.0,2677.0
4702921684,2016-04-12,69.57,474.0,99.69999695,26.11000061,7213.0,5.88000011444092,5.88000011444092,0.0,0.0,0.0,5.84999990463257,0.0,0.0,0.0,263.0,2158.0,2947.0
4702921684,2016-04-13,67.8,437.0,99.69999695,26.11000061,6877.0,5.57999992370605,5.57999992370605,0.0,0.0,0.0,5.57999992370605,0.0,0.0,0.0,258.0,777.0,2898.0
4702921684,2016-04-14,67.01,427.0,99.69999695,26.11000061,7860.0,6.36999988555908,6.36999988555908,0.0,0.0,0.0,6.36999988555908,0.0,0.0,0.0,271.0,772.0,2984.0
4702921684,2016-04-15,64.93,232.0,99.69999695,26.11000061,6506.0,5.28000020980835,5.28000020980835,0.0,0.0700000002980232,0.419999986886978,4.78999996185303,0.0,1.0,8.0,256.0,944.0,2896.0
4702921684,2016-04-16,64.95,548.0,99.69999695,26.11000061,11140.0,9.02999973297119,9.02999973297119,0.0,0.239999994635582,1.25,7.53999996185303,0.0,3.0,24.0,335.0,556.0,3328.0
4702921684,2016-04-17,67.64,657.0,99.69999695,26.11000061,12692.0,10.289999961853,10.289999961853,0.0,0.959999978542328,3.46000003814697,5.88000011444092,0.0,12.0,66.0,302.0,437.0,3394.0
4702921684,2016-04-18,66.27,326.0,99.69999695,26.11000061,9105.0,7.38000011444092,7.38000011444092,0.0,1.82000005245209,1.49000000953674,4.07000017166138,0.0,22.0,30.0,191.0,890.0,3013.0
4702921684,2016-04-19,69.37,506.0,99.69999695,26.11000061,6708.0,5.44000005722046,5.44000005722046,0.0,0.879999995231628,0.370000004768372,4.19000005722046,0.0,10.0,8.0,179.0,757.0,2812.0
4702921684,2016-04-20,66.11,446.0,99.69999695,26.11000061,8793.0,7.13000011444092,7.13000011444092,0.0,0.159999996423721,1.23000001907349,5.73000001907349,0.0,2.0,29.0,260.0,717.0,3061.0
4702921684,2016-04-21,68.0,358.0,99.69999695,26.11000061,6530.0,5.30000019073486,5.30000019073486,0.0,0.310000002384186,2.04999995231628,2.94000005722046,0.0,4.0,41.0,144.0,901.0,2729.0
4702921684,2016-04-22,68.42,27.0,99.69999695,26.11000061,1664.0,1.35000002384186,1.35000002384186,0.0,0.0,0.0,1.35000002384186,0.0,0.0,0.0,72.0,1341.0,2241.0
4702921684,2016-04-23,65.45,497.0,99.69999695,26.11000061,15126.0,12.2700004577637,12.2700004577637,0.0,0.759999990463257,3.24000000953674,8.27000045776367,0.0,9.0,66.0,408.0,469.0,3691.0
4702921684,2016-04-24,65.65,534.0,99.69999695,26.11000061,15050.0,12.2200002670288,12.2200002670288,0.0,1.20000004768372,5.11999988555908,5.88000011444092,0.0,15.0,95.0,281.0,542.0,3538.0
4702921684,2016-04-25,64.5,432.0,99.69999695,26.11000061,9167.0,7.42999982833862,7.42999982833862,0.0,0.490000009536743,0.819999992847443,6.1100001335144,0.0,6.0,15.0,270.0,730.0,3064.0
4702921684,2016-04-26,64.69,465.0,99.69999695,26.11000061,6108.0,4.94999980926514,4.94999980926514,0.0,0.0700000002980232,0.349999994039536,4.53999996185303,0.0,1.0,8.0,216.0,765.0,2784.0
4702921684,2016-04-27,66.09,458.0,99.69999695,26.11000061,7047.0,5.71999979019165,5.71999979019165,0.0,0.0900000035762787,0.800000011920929,4.78000020980835,0.0,1.0,16.0,238.0,733.0,2908.0
4702921684,2016-04-28,66.86,469.0,99.69999695,26.11000061,9023.0,7.32000017166138,7.32000017166138,0.0,1.12999999523163,0.419999986886978,5.76999998092651,0.0,14.0,9.0,232.0,738.0,3033.0
4702921684,2016-04-29,64.95,462.0,99.69999695,26.11000061,9930.0,8.05000019073486,8.05000019073486,0.0,1.05999994277954,0.920000016689301,6.07000017166138,0.0,12.0,19.0,267.0,692.0,3165.0
4702921684,2016-04-30,67.82,431.0,99.69999695,26.11000061,10144.0,8.22999954223633,8.22999954223633,0.0,0.319999992847443,2.02999997138977,5.88000011444092,0.0,4.0,36.0,263.0,728.0,3115.0
4702921684,2016-05-01,67.98,431.0,99.69999695,26.11000061,0.0,0.0,0.0,0.0,0.0,0.0,0.0,0.0,0.0,0.0,0.0,1440.0,2017.0
4702921684,2016-05-02,66.51,73.0,99.69999695,26.11000061,7245.0,5.92000007629395,5.92000007629395,0.0,0.379999995231628,1.74000000953674,3.75999999046326,0.0,5.0,40.0,195.0,1131.0,2859.0
4702921684,2016-05-03,65.36,452.0,99.69999695,26.11000061,9454.0,7.67000007629395,7.67000007629395,0.0,0.0,0.0,7.67000007629395,0.0,0.0,0.0,313.0,729.0,3145.0
4702921684,2016-05-04,68.93,437.0,99.69999695,26.11000061,8161.0,6.61999988555908,6.61999988555908,0.0,0.340000003576279,0.730000019073486,5.53999996185303,0.0,4.0,15.0,251.0,757.0,3004.0
4702921684,2016-05-05,65.41,459.0,99.69999695,26.11000061,8614.0,6.98999977111816,6.98999977111816,0.0,0.670000016689301,0.219999998807907,6.09000015258789,0.0,8.0,5.0,241.0,745.0,3006.0
4702921684,2016-05-06,66.44,761.0,99.69999695,26.11000061,6943.0,5.63000011444092,5.63000011444092,0.0,0.0799999982118607,0.660000026226044,4.86999988555908,0.0,1.0,16.0,207.0,682.0,2859.0
4702921684,2016-05-07,65.2,782.0,99.69999695,26.11000061,14370.0,11.6499996185303,11.6499996185303,0.0,0.370000004768372,2.30999994277954,8.97000026702881,0.0,5.0,46.0,439.0,577.0,3683.0
4702921684,2016-05-08,65.02,104.0,99.69999695,26.11000061,12857.0,10.4300003051758,10.4300003051758,0.0,0.680000007152557,6.21000003814697,3.53999996185303,0.0,9.0,125.0,192.0,1019.0,3287.0
4702921684,2016-05-09,67.12,448.0,99.69999695,26.11000061,8232.0,6.67999982833862,6.67999982833862,0.0,0.0,0.569999992847443,6.09999990463257,0.0,0.0,12.0,253.0,746.0,2990.0
4702921684,2016-05-10,65.0,460.0,99.69999695,26.11000061,10613.0,8.60999965667725,8.60999965667725,0.0,0.0799999982118607,1.87999999523163,6.65000009536743,0.0,1.0,37.0,262.0,701.0,3172.0
4702921684,2016-05-11,69.95,382.0,99.69999695,26.11000061,9810.0,7.96000003814697,7.96000003814697,0.0,0.779999971389771,2.16000008583069,4.98000001907349,0.0,10.0,41.0,235.0,784.0,3069.0
4702921684,2016-05-12,65.36,398.0,99.69999695,26.11000061,2752.0,2.23000001907349,2.23000001907349,0.0,0.0,0.0,2.23000001907349,0.0,0.0,0.0,68.0,241.0,1240.0
5553957443,2016-03-11,66.02,817.0,75.59999847,25.76000023,9853.5,6.434999942779539,6.434999942779539,0.0,1.439999997615815,0.5999999940395355,3.5299999713897696,0.0,24.0,11.5,225.0,700.0,1959.0
5553957443,2016-03-12,66.02,817.0,75.59999847,25.76000023,9853.5,6.434999942779539,6.434999942779539,0.0,1.439999997615815,0.5999999940395355,3.5299999713897696,0.0,24.0,11.5,225.0,700.0,1959.0
5553957443,2016-03-13,66.02,918.0,75.59999847,25.76000023,9853.5,6.434999942779539,6.434999942779539,0.0,1.439999997615815,0.5999999940395355,3.5299999713897696,0.0,24.0,11.5,225.0,700.0,1959.0
5553957443,2016-03-14,66.02,354.0,75.59999847,25.76000023,9853.5,6.434999942779539,6.434999942779539,0.0,1.439999997615815,0.5999999940395355,3.5299999713897696,0.0,24.0,11.5,225.0,700.0,1959.0
5553957443,2016-03-15,66.02,490.0,75.59999847,25.76000023,9853.5,6.434999942779539,6.434999942779539,0.0,1.439999997615815,0.5999999940395355,3.5299999713897696,0.0,24.0,11.5,225.0,700.0,1959.0
5553957443,2016-03-16,66.02,416.0,75.59999847,25.76000023,9853.5,6.434999942779539,6.434999942779539,0.0,1.439999997615815,0.5999999940395355,3.5299999713897696,0.0,24.0,11.5,225.0,700.0,1959.0
5553957443,2016-03-17,66.02,364.0,75.59999847,25.76000023,9853.5,6.434999942779539,6.434999942779539,0.0,1.439999997615815,0.5999999940395355,3.5299999713897696,0.0,24.0,11.5,225.0,700.0,1959.0
5553957443,2016-03-18,66.02,130.0,75.59999847,25.76000023,9853.5,6.434999942779539,6.434999942779539,0.0,1.439999997615815,0.5999999940395355,3.5299999713897696,0.0,24.0,11.5,225.0,700.0,1959.0
5553957443,2016-03-19,66.02,130.0,75.59999847,25.76000023,9853.5,6.434999942779539,6.434999942779539,0.0,1.439999997615815,0.5999999940395355,3.5299999713897696,0.0,24.0,11.5,225.0,700.0,1959.0
5553957443,2016-03-20,66.02,130.0,75.59999847,25.76000023,9853.5,6.434999942779539,6.434999942779539,0.0,1.439999997615815,0.5999999940395355,3.5299999713897696,0.0,24.0,11.5,225.0,700.0,1959.0
5553957443,2016-03-21,66.02,169.0,75.59999847,25.76000023,9853.5,6.434999942779539,6.434999942779539,0.0,1.439999997615815,0.5999999940395355,3.5299999713897696,0.0,24.0,11.5,225.0,700.0,1959.0
5553957443,2016-03-22,66.02,628.0,75.59999847,25.76000023,9853.5,6.434999942779539,6.434999942779539,0.0,1.439999997615815,0.5999999940395355,3.5299999713897696,0.0,24.0,11.5,225.0,700.0,1959.0
5553957443,2016-03-23,66.02,352.0,75.59999847,25.76000023,9853.5,6.434999942779539,6.434999942779539,0.0,1.439999997615815,0.5999999940395355,3.5299999713897696,0.0,24.0,11.5,225.0,700.0,1959.0
5553957443,2016-03-24,66.02,480.0,75.59999847,25.76000023,9853.5,6.434999942779539,6.434999942779539,0.0,1.439999997615815,0.5999999940395355,3.5299999713897696,0.0,24.0,11.5,225.0,700.0,1959.0
5553957443,2016-03-25,66.02,749.0,75.59999847,25.76000023,9853.5,6.434999942779539,6.434999942779539,0.0,1.439999997615815,0.5999999940395355,3.5299999713897696,0.0,24.0,11.5,225.0,700.0,1959.0
5553957443,2016-03-26,66.02,407.0,75.59999847,25.76000023,9853.5,6.434999942779539,6.434999942779539,0.0,1.439999997615815,0.5999999940395355,3.5299999713897696,0.0,24.0,11.5,225.0,700.0,1959.0
5553957443,2016-03-27,66.02,858.0,75.59999847,25.76000023,9853.5,6.434999942779539,6.434999942779539,0.0,1.439999997615815,0.5999999940395355,3.5299999713897696,0.0,24.0,11.5,225.0,700.0,1959.0
5553957443,2016-03-28,66.02,771.0,75.59999847,25.76000023,9853.5,6.434999942779539,6.434999942779539,0.0,1.439999997615815,0.5999999940395355,3.5299999713897696,0.0,24.0,11.5,225.0,700.0,1959.0
5553957443,2016-03-29,66.02,405.0,75.59999847,25.76000023,9853.5,6.434999942779539,6.434999942779539,0.0,1.439999997615815,0.5999999940395355,3.5299999713897696,0.0,24.0,11.5,225.0,700.0,1959.0
5553957443,2016-03-30,66.02,459.0,75.59999847,25.76000023,9853.5,6.434999942779539,6.434999942779539,0.0,1.439999997615815,0.5999999940395355,3.5299999713897696,0.0,24.0,11.5,225.0,700.0,1959.0
5553957443,2016-03-31,66.02,444.0,75.59999847,25.76000023,9853.5,6.434999942779539,6.434999942779539,0.0,1.439999997615815,0.5999999940395355,3.5299999713897696,0.0,24.0,11.5,225.0,700.0,1959.0
5553957443,2016-04-01,69.15,384.0,75.59999847,25.76000023,12409.0,8.10000038146973,8.10000038146973,0.0,2.90000009536743,0.629999995231628,4.57999992370605,0.0,51.0,12.0,235.0,782.0,2142.0
5553957443,2016-04-02,65.11,1023.0,75.59999847,25.76000023,2937.0,1.91999995708466,1.91999995708466,0.0,0.0,0.0,1.9099999666214,0.0,0.0,0.0,181.0,356.0,1615.0
5553957443,2016-04-03,65.12,947.0,75.59999847,25.76000023,1515.0,0.990000009536743,0.990000009536743,0.0,0.0,0.0,0.990000009536743,0.0,0.0,0.0,93.0,507.0,1481.0
5553957443,2016-04-04,66.71,495.0,75.59999847,25.76000023,8921.0,5.88000011444092,5.88000011444092,0.0,2.0699999332428,0.439999997615814,3.35999989509583,0.0,27.0,8.0,198.0,754.0,1892.0
5553957443,2016-04-05,66.38,432.0,75.59999847,25.76000023,11306.0,7.38000011444092,7.38000011444092,0.0,2.30999994277954,0.980000019073486,4.09000015258789,0.0,40.0,26.0,218.0,772.0,2086.0
5553957443,2016-04-06,65.95,426.0,75.59999847,25.76000023,12252.0,8.0,8.0,0.0,2.41000008583069,1.70000004768372,3.89000010490417,0.0,33.0,28.0,229.0,745.0,2044.0
5553957443,2016-04-07,67.01,416.0,75.59999847,25.76000023,15444.0,10.0799999237061,10.0799999237061,0.0,3.26999998092651,1.73000001907349,5.07999992370605,0.0,51.0,39.0,243.0,731.0,2249.0
5553957443,2016-04-08,66.0,458.0,75.59999847,25.76000023,9938.0,6.48999977111816,6.48999977111816,0.0,2.14000010490417,1.27999997138977,3.07999992370605,0.0,38.0,24.0,193.0,767.0,2019.0
5553957443,2016-04-09,65.43,761.0,75.59999847,25.76000023,4599.0,3.0,3.0,0.0,0.0,0.0,3.0,0.0,0.0,0.0,176.0,578.0,1692.0
5553957443,2016-04-10,64.84,802.0,75.59999847,25.76000023,5594.0,3.65000009536743,3.65000009536743,0.0,0.280000001192093,1.48000001907349,1.88999998569489,0.0,4.0,25.0,150.0,552.0,1712.0
5553957443,2016-04-11,66.24,598.0,75.59999847,25.76000023,11906.0,7.76999998092651,7.76999998092651,0.0,2.25999999046326,1.51999998092651,3.99000000953674,0.0,32.0,27.0,234.0,688.0,2065.0
5553957443,2016-04-12,65.03,768.0,75.59999847,25.76000023,15032.0,9.81000018119812,9.81000018119812,0.0,1.87000000476837,1.460000038146973,6.45999979972839,0.0,26.0,24.0,327.0,828.0,2659.0
5553957443,2016-04-13,63.99,610.0,75.59999847,25.76000023,4832.0,3.16000008583069,3.16000008583069,0.0,0.0,0.0,3.16000008583069,0.0,0.0,0.0,226.0,647.0,1718.0
5553957443,2016-04-14,67.11,457.0,75.59999847,25.76000023,17022.0,11.1199998855591,11.1199998855591,0.0,4.0,2.45000004768372,4.67000007629395,0.0,61.0,41.0,256.0,693.0,2324.0
5553957443,2016-04-15,66.03,442.0,75.59999847,25.76000023,16556.0,10.8599996566772,10.8599996566772,0.0,4.15999984741211,1.98000001907349,4.71000003814697,0.0,58.0,38.0,239.0,689.0,2254.0
5553957443,2016-04-16,65.79,665.0,75.59999847,25.76000023,5771.0,3.76999998092651,3.76999998092651,0.0,0.0,0.0,3.76999998092651,0.0,0.0,0.0,288.0,521.0,1831.0
5553957443,2016-04-17,65.9,505.0,75.59999847,25.76000023,655.0,0.430000007152557,0.430000007152557,0.0,0.0,0.0,0.430000007152557,0.0,0.0,0.0,46.0,943.0,1397.0
5553957443,2016-04-18,65.67,641.0,75.59999847,25.76000023,3727.0,2.4300000667572,2.4300000667572,0.0,0.0,0.0,2.4300000667572,0.0,0.0,0.0,206.0,622.0,1683.0
5553957443,2016-04-19,67.6,392.0,75.59999847,25.76000023,15482.0,10.1099996566772,10.1099996566772,0.0,4.28000020980835,1.6599999666214,4.17999982833862,0.0,69.0,28.0,249.0,756.0,2284.0
5553957443,2016-04-20,63.1,727.0,75.59999847,25.76000023,2713.0,1.76999998092651,1.76999998092651,0.0,0.0,0.0,1.76999998092651,0.0,0.0,0.0,148.0,598.0,1570.0
5553957443,2016-04-21,66.32,400.0,75.59999847,25.76000023,12346.0,8.0600004196167,8.0600004196167,0.0,2.95000004768372,2.16000008583069,2.96000003814697,0.0,47.0,42.0,177.0,801.0,2066.0
5553957443,2016-04-22,66.05,380.0,75.59999847,25.76000023,11682.0,7.63000011444092,7.63000011444092,0.0,1.37999999523163,0.629999995231628,5.59999990463257,0.0,25.0,16.0,270.0,781.0,2105.0
5553957443,2016-04-23,66.46,833.0,75.59999847,25.76000023,4112.0,2.69000005722046,2.69000005722046,0.0,0.0,0.0,2.6800000667572,0.0,0.0,0.0,272.0,443.0,1776.0
5553957443,2016-04-24,65.14,855.0,75.59999847,25.76000023,1807.0,1.17999994754791,1.17999994754791,0.0,0.0,0.0,1.17999994754791,0.0,0.0,0.0,104.0,582.0,1507.0
5553957443,2016-04-25,66.82,478.0,75.59999847,25.76000023,10946.0,7.19000005722046,7.19000005722046,0.0,2.9300000667572,0.569999992847443,3.69000005722046,0.0,51.0,11.0,201.0,732.0,2033.0
5553957443,2016-04-26,67.35,435.0,75.59999847,25.76000023,11886.0,7.76000022888184,7.76000022888184,0.0,2.36999988555908,0.930000007152557,4.46000003814697,0.0,40.0,18.0,238.0,750.0,2093.0
5553957443,2016-04-27,65.33,504.0,75.59999847,25.76000023,10538.0,6.88000011444092,6.88000011444092,0.0,1.13999998569489,1.0,4.73999977111816,0.0,16.0,16.0,206.0,745.0,1922.0
5553957443,2016-04-28,65.9,524.0,75.59999847,25.76000023,11393.0,7.63000011444092,7.63000011444092,0.0,3.71000003814697,0.75,3.17000007629395,0.0,49.0,13.0,165.0,727.0,1999.0
5553957443,2016-04-29,67.02,452.0,75.59999847,25.76000023,12764.0,8.32999992370605,8.32999992370605,0.0,2.78999996185303,0.639999985694885,4.90999984741211,0.0,46.0,15.0,270.0,709.0,2169.0
5553957443,2016-04-30,65.9,932.0,75.59999847,25.76000023,1202.0,0.779999971389771,0.779999971389771,0.0,0.0,0.0,0.779999971389771,0.0,0.0,0.0,84.0,506.0,1463.0
5553957443,2016-05-01,66.17,876.0,75.59999847,25.76000023,5164.0,3.36999988555908,3.36999988555908,0.0,0.0,0.0,3.36999988555908,0.0,0.0,0.0,237.0,436.0,1747.0
5553957443,2016-05-02,66.63,498.0,75.59999847,25.76000023,9769.0,6.38000011444092,6.38000011444092,0.0,1.05999994277954,0.409999996423721,4.90000009536743,0.0,23.0,9.0,227.0,724.0,1996.0
5553957443,2016-05-03,66.32,372.0,75.59999847,25.76000023,12848.0,8.39000034332275,8.39000034332275,0.0,1.5,1.20000004768372,5.67999982833862,0.0,26.0,29.0,247.0,812.0,2116.0
5553957443,2016-05-04,63.85,598.0,75.59999847,25.76000023,4249.0,2.76999998092651,2.76999998092651,0.0,0.0,0.0,2.76999998092651,0.0,0.0,0.0,224.0,651.0,1698.0
5553957443,2016-05-05,65.77,481.0,75.59999847,25.76000023,14331.0,9.51000022888184,9.51000022888184,0.0,3.4300000667572,1.6599999666214,4.42999982833862,0.0,44.0,29.0,241.0,692.0,2156.0
5553957443,2016-05-06,64.91,462.0,75.59999847,25.76000023,9632.0,6.28999996185303,6.28999996185303,0.0,1.51999998092651,0.540000021457672,4.23000001907349,0.0,21.0,9.0,229.0,761.0,1916.0
5553957443,2016-05-07,65.42,469.0,75.59999847,25.76000023,1868.0,1.22000002861023,1.22000002861023,0.0,0.0,0.0,1.22000002861023,0.0,0.0,0.0,96.0,902.0,1494.0
5553957443,2016-05-08,65.68,760.0,75.59999847,25.76000023,6083.0,4.0,4.0,0.0,0.219999998807907,0.469999998807907,3.29999995231628,0.0,3.0,8.0,210.0,505.0,1762.0
5553957443,2016-05-09,67.28,495.0,75.59999847,25.76000023,11611.0,7.57999992370605,7.57999992370605,0.0,2.13000011444092,0.889999985694885,4.55999994277954,0.0,59.0,22.0,251.0,667.0,2272.0
5553957443,2016-05-10,68.46,394.0,75.59999847,25.76000023,16358.0,10.710000038147,10.710000038147,0.0,3.86999988555908,1.61000001430511,5.19999980926514,0.0,61.0,40.0,265.0,707.0,2335.0
5553957443,2016-05-11,65.7,650.0,75.59999847,25.76000023,4926.0,3.22000002861023,3.22000002861023,0.0,0.0,0.0,3.22000002861023,0.0,0.0,0.0,195.0,628.0,1693.0
5553957443,2016-05-12,64.93,375.0,75.59999847,25.76000023,3121.0,2.03999996185303,2.03999996185303,0.0,0.579999983310699,0.400000005960464,1.05999994277954,0.0,8.0,6.0,48.0,222.0,741.0
5577150313,2016-03-11,67.15,166.0,90.69999695,28.0,8732.5,6.53500008583069,6.53500008583069,0.0,2.884999990463255,0.6050000190734866,2.5699999332428,0.0,84.5,28.5,157.0,697.5,3459.5
5577150313,2016-03-12,67.15,609.0,90.69999695,28.0,8732.5,6.53500008583069,6.53500008583069,0.0,2.884999990463255,0.6050000190734866,2.5699999332428,0.0,84.5,28.5,157.0,697.5,3459.5
5577150313,2016-03-13,67.15,472.0,90.69999695,28.0,8732.5,6.53500008583069,6.53500008583069,0.0,2.884999990463255,0.6050000190734866,2.5699999332428,0.0,84.5,28.5,157.0,697.5,3459.5
5577150313,2016-03-14,67.15,382.0,90.69999695,28.0,8732.5,6.53500008583069,6.53500008583069,0.0,2.884999990463255,0.6050000190734866,2.5699999332428,0.0,84.5,28.5,157.0,697.5,3459.5
5577150313,2016-03-15,67.15,544.0,90.69999695,28.0,8732.5,6.53500008583069,6.53500008583069,0.0,2.884999990463255,0.6050000190734866,2.5699999332428,0.0,84.5,28.5,157.0,697.5,3459.5
5577150313,2016-03-16,67.15,489.0,90.69999695,28.0,8732.5,6.53500008583069,6.53500008583069,0.0,2.884999990463255,0.6050000190734866,2.5699999332428,0.0,84.5,28.5,157.0,697.5,3459.5
5577150313,2016-03-17,67.15,486.0,90.69999695,28.0,8732.5,6.53500008583069,6.53500008583069,0.0,2.884999990463255,0.6050000190734866,2.5699999332428,0.0,84.5,28.5,157.0,697.5,3459.5
5577150313,2016-03-18,67.15,458.0,90.69999695,28.0,8732.5,6.53500008583069,6.53500008583069,0.0,2.884999990463255,0.6050000190734866,2.5699999332428,0.0,84.5,28.5,157.0,697.5,3459.5
5577150313,2016-03-19,67.15,399.0,90.69999695,28.0,8732.5,6.53500008583069,6.53500008583069,0.0,2.884999990463255,0.6050000190734866,2.5699999332428,0.0,84.5,28.5,157.0,697.5,3459.5
5577150313,2016-03-20,67.15,695.0,90.69999695,28.0,8732.5,6.53500008583069,6.53500008583069,0.0,2.884999990463255,0.6050000190734866,2.5699999332428,0.0,84.5,28.5,157.0,697.5,3459.5
5577150313,2016-03-21,67.15,448.0,90.69999695,28.0,8732.5,6.53500008583069,6.53500008583069,0.0,2.884999990463255,0.6050000190734866,2.5699999332428,0.0,84.5,28.5,157.0,697.5,3459.5
5577150313,2016-03-22,67.15,123.0,90.69999695,28.0,8732.5,6.53500008583069,6.53500008583069,0.0,2.884999990463255,0.6050000190734866,2.5699999332428,0.0,84.5,28.5,157.0,697.5,3459.5
5577150313,2016-03-23,67.15,617.0,90.69999695,28.0,8732.5,6.53500008583069,6.53500008583069,0.0,2.884999990463255,0.6050000190734866,2.5699999332428,0.0,84.5,28.5,157.0,697.5,3459.5
5577150313,2016-03-24,67.15,442.0,90.69999695,28.0,8732.5,6.53500008583069,6.53500008583069,0.0,2.884999990463255,0.6050000190734866,2.5699999332428,0.0,84.5,28.5,157.0,697.5,3459.5
5577150313,2016-03-25,67.15,452.0,90.69999695,28.0,8732.5,6.53500008583069,6.53500008583069,0.0,2.884999990463255,0.6050000190734866,2.5699999332428,0.0,84.5,28.5,157.0,697.5,3459.5
5577150313,2016-03-26,67.15,507.0,90.69999695,28.0,8732.5,6.53500008583069,6.53500008583069,0.0,2.884999990463255,0.6050000190734866,2.5699999332428,0.0,84.5,28.5,157.0,697.5,3459.5
5577150313,2016-03-27,67.15,363.0,90.69999695,28.0,8732.5,6.53500008583069,6.53500008583069,0.0,2.884999990463255,0.6050000190734866,2.5699999332428,0.0,84.5,28.5,157.0,697.5,3459.5
5577150313,2016-03-28,67.15,557.0,90.69999695,28.0,8732.5,6.53500008583069,6.53500008583069,0.0,2.884999990463255,0.6050000190734866,2.5699999332428,0.0,84.5,28.5,157.0,697.5,3459.5
5577150313,2016-03-29,67.15,509.0,90.69999695,28.0,8732.5,6.53500008583069,6.53500008583069,0.0,2.884999990463255,0.6050000190734866,2.5699999332428,0.0,84.5,28.5,157.0,697.5,3459.5
5577150313,2016-03-30,67.15,468.0,90.69999695,28.0,8732.5,6.53500008583069,6.53500008583069,0.0,2.884999990463255,0.6050000190734866,2.5699999332428,0.0,84.5,28.5,157.0,697.5,3459.5
5577150313,2016-03-31,67.15,488.0,90.69999695,28.0,8732.5,6.53500008583069,6.53500008583069,0.0,2.884999990463255,0.6050000190734866,2.5699999332428,0.0,84.5,28.5,157.0,697.5,3459.5
5577150313,2016-04-01,65.75,460.0,90.69999695,28.0,10461.0,7.86999988555908,7.86999988555908,0.0,4.76000022888184,0.850000023841858,2.25,0.0,99.0,31.0,142.0,721.0,3625.0
5577150313,2016-04-02,67.67,420.0,90.69999695,28.0,14873.0,11.1099996566772,11.1099996566772,0.0,8.1899995803833,0.600000023841858,2.30999994277954,0.0,202.0,36.0,153.0,663.0,4430.0
5577150313,2016-04-03,65.23,447.0,90.69999695,28.0,9917.0,7.40999984741211,7.40999984741211,0.0,1.99000000953674,0.970000028610229,4.44000005722046,0.0,58.0,27.0,240.0,700.0,3427.0
5577150313,2016-04-04,65.86,488.0,90.69999695,28.0,7401.0,5.55999994277954,5.55999994277954,0.0,2.3199999332428,0.360000014305115,2.88000011444092,0.0,70.0,19.0,204.0,689.0,3492.0
5577150313,2016-04-05,65.95,443.0,90.69999695,28.0,8964.0,6.69999980926514,6.69999980926514,0.0,3.97000002861023,0.189999997615814,2.52999997138977,0.0,107.0,18.0,145.0,756.0,3597.0
5577150313,2016-04-06,67.56,453.0,90.69999695,28.0,11080.0,8.30000019073486,8.30000019073486,0.0,3.13000011444092,1.37000000476837,3.80999994277954,0.0,83.0,52.0,190.0,695.0,3765.0
5577150313,2016-04-07,63.88,544.0,90.69999695,28.0,4499.0,3.35999989509583,3.35999989509583,0.0,0.889999985694885,0.259999990463257,2.21000003814697,0.0,31.0,11.0,146.0,756.0,2775.0
5577150313,2016-04-08,66.28,471.0,90.69999695,28.0,4363.0,3.25999999046326,3.25999999046326,0.0,0.129999995231628,0.0599999986588955,3.07999992370605,0.0,8.0,2.0,156.0,813.0,2486.0
5577150313,2016-04-09,66.78,535.0,90.69999695,28.0,10494.0,7.84000015258789,7.84000015258789,0.0,4.90999984741211,0.779999971389771,2.15000009536743,0.0,123.0,62.0,138.0,601.0,3817.0
5577150313,2016-04-10,64.82,476.0,90.69999695,28.0,9776.0,7.38000011444092,7.38000011444092,0.0,2.9300000667572,1.42999994754791,3.01999998092651,0.0,80.0,35.0,162.0,721.0,3378.0
5577150313,2016-04-11,67.12,441.0,90.69999695,28.0,2862.0,2.14000010490417,2.14000010490417,0.0,1.03999996185303,0.25,0.839999973773956,0.0,39.0,17.0,54.0,209.0,1511.0
5577150313,2016-04-12,66.22,489.0,90.69999695,28.0,8135.0,6.07999992370605,6.07999992370605,0.0,3.59999990463257,0.379999995231628,2.09999990463257,0.0,86.0,16.0,140.0,728.0,3405.0
5577150313,2016-04-13,66.59,526.0,90.69999695,28.0,5077.0,3.78999996185303,3.78999996185303,0.0,0.319999992847443,0.219999998807907,3.25,0.0,15.0,11.0,144.0,776.0,2551.0
5577150313,2016-04-14,69.08,476.0,90.69999695,28.0,8596.0,6.42000007629395,6.42000007629395,0.0,3.32999992370605,0.310000002384186,2.77999997138977,0.0,118.0,30.0,176.0,662.0,4022.0
5577150313,2016-04-15,67.84,400.0,90.69999695,28.0,12087.0,9.07999992370605,9.07999992370605,0.0,3.92000007629395,1.60000002384186,3.55999994277954,0.0,115.0,54.0,199.0,695.0,4005.0
5577150313,2016-04-16,66.86,639.0,90.69999695,28.0,14269.0,10.6599998474121,10.6599998474121,0.0,6.6399998664856,1.27999997138977,2.73000001907349,0.0,184.0,56.0,158.0,472.0,4274.0
5577150313,2016-04-17,68.78,564.0,90.69999695,28.0,12231.0,9.14000034332275,9.14000034332275,0.0,5.98000001907349,0.829999983310699,2.3199999332428,0.0,200.0,37.0,159.0,525.0,4552.0
5577150313,2016-04-17,67.15,468.0,90.69999695,28.0,12231.0,9.14000034332275,9.14000034332275,0.0,5.98000001907349,0.829999983310699,2.3199999332428,0.0,200.0,37.0,159.0,525.0,4552.0
5577150313,2016-04-18,67.74,553.0,90.69999695,28.0,9893.0,7.3899998664856,7.3899998664856,0.0,4.8600001335144,0.720000028610229,1.82000005245209,0.0,114.0,32.0,130.0,623.0,3625.0
5577150313,2016-04-19,68.75,493.0,90.69999695,28.0,12574.0,9.42000007629395,9.42000007629395,0.0,7.01999998092651,0.639999985694885,1.75999999046326,0.0,108.0,23.0,111.0,733.0,3501.0
5577150313,2016-04-20,67.48,484.0,90.69999695,28.0,8330.0,6.21999979019165,6.21999979019165,0.0,4.11999988555908,0.340000003576279,1.75999999046326,0.0,87.0,16.0,113.0,773.0,3192.0
5577150313,2016-04-21,68.64,438.0,90.69999695,28.0,10830.0,8.09000015258789,8.09000015258789,0.0,3.65000009536743,1.6599999666214,2.77999997138977,0.0,110.0,74.0,175.0,670.0,4018.0
5577150313,2016-04-22,65.85,351.0,90.69999695,28.0,9172.0,6.84999990463257,6.84999990463257,0.0,2.42000007629395,0.790000021457672,3.29999995231628,0.0,62.0,30.0,200.0,823.0,3329.0
5577150313,2016-04-23,66.14,585.0,90.69999695,28.0,7638.0,5.71000003814697,5.71000003814697,0.0,1.21000003814697,0.360000014305115,4.1399998664856,0.0,24.0,24.0,223.0,627.0,3152.0
5577150313,2016-04-24,69.6,683.0,90.69999695,28.0,15764.0,11.7799997329712,11.7799997329712,0.0,7.65000009536743,2.15000009536743,1.98000001907349,0.0,210.0,65.0,141.0,425.0,4392.0
5577150313,2016-04-25,67.1,408.0,90.69999695,28.0,6393.0,4.78000020980835,4.78000020980835,0.0,1.35000002384186,0.670000016689301,2.75999999046326,0.0,61.0,38.0,214.0,743.0,3374.0
5577150313,2016-04-26,66.13,463.0,90.69999695,28.0,5325.0,3.98000001907349,3.98000001907349,0.0,0.850000023841858,0.649999976158142,2.47000002861023,0.0,38.0,32.0,181.0,759.0,3088.0
5577150313,2016-04-27,66.55,421.0,90.69999695,28.0,6805.0,5.1399998664856,5.1399998664856,0.0,1.80999994277954,0.400000005960464,2.9300000667572,0.0,63.0,16.0,190.0,773.0,3294.0
5577150313,2016-04-28,68.09,469.0,90.69999695,28.0,9841.0,7.42999982833862,7.42999982833862,0.0,3.25,1.16999995708466,3.00999999046326,0.0,99.0,51.0,141.0,692.0,3580.0
5577150313,2016-04-29,66.28,428.0,90.69999695,28.0,7924.0,5.92000007629395,5.92000007629395,0.0,2.83999991416931,0.610000014305115,2.47000002861023,0.0,97.0,36.0,165.0,739.0,3544.0
5577150313,2016-04-30,69.14,431.0,90.69999695,28.0,12363.0,9.23999977111816,9.23999977111816,0.0,5.82999992370605,0.790000021457672,2.60999989509583,0.0,207.0,45.0,163.0,621.0,4501.0
5577150313,2016-05-01,70.18,517.0,90.69999695,28.0,13368.0,9.98999977111816,9.98999977111816,0.0,5.30999994277954,1.44000005722046,3.24000000953674,0.0,194.0,72.0,178.0,499.0,4546.0
5577150313,2016-05-02,66.96,449.0,90.69999695,28.0,7439.0,5.55999994277954,5.55999994277954,0.0,1.12000000476837,0.349999994039536,4.07000017166138,0.0,37.0,20.0,235.0,732.0,3014.0
5577150313,2016-05-03,68.97,579.0,90.69999695,28.0,11045.0,8.25,8.25,0.0,4.51999998092651,0.150000005960464,3.5699999332428,0.0,97.0,8.0,212.0,580.0,3795.0
5577150313,2016-05-04,65.15,669.0,90.69999695,28.0,5206.0,3.89000010490417,3.89000010490417,0.0,1.55999994277954,0.25,2.07999992370605,0.0,25.0,9.0,141.0,631.0,2755.0
5577150313,2016-05-05,67.42,85.0,90.69999695,28.0,7550.0,5.6399998664856,5.6399998664856,0.0,2.5,0.469999998807907,2.67000007629395,0.0,45.0,21.0,143.0,1153.0,3004.0
5577150313,2016-05-06,66.55,85.0,90.69999695,28.0,4950.0,3.70000004768372,3.70000004768372,0.0,1.92999994754791,0.319999992847443,1.45000004768372,0.0,41.0,16.0,79.0,1304.0,2643.0
5577150313,2016-05-07,67.15,85.0,90.69999695,28.0,0.0,0.0,0.0,0.0,0.0,0.0,0.0,0.0,0.0,0.0,0.0,1440.0,1819.0
5577150313,2016-05-08,67.15,85.0,90.69999695,28.0,0.0,0.0,0.0,0.0,0.0,0.0,0.0,0.0,0.0,0.0,0.0,1440.0,1819.0
5577150313,2016-05-09,66.91,286.0,90.69999695,28.0,3421.0,2.55999994277954,2.55999994277954,0.0,1.42999994754791,0.140000000596046,0.990000009536743,0.0,34.0,11.0,70.0,1099.0,2489.0
5577150313,2016-05-10,69.4,503.0,90.69999695,28.0,8869.0,6.65000009536743,6.65000009536743,0.0,2.55999994277954,0.75,3.34999990463257,0.0,104.0,37.0,194.0,639.0,3841.0
5577150313,2016-05-11,67.37,380.0,90.69999695,28.0,4038.0,3.03999996185303,3.03999996185303,0.0,1.83000004291534,0.300000011920929,0.889999985694885,0.0,45.0,15.0,63.0,257.0,1665.0
5577150313,2016-05-12,67.06,380.0,90.69999695,28.0,8732.5,6.53500008583069,6.53500008583069,0.0,2.884999990463255,0.6050000190734866,2.5699999332428,0.0,84.5,28.5,157.0,697.5,3459.5
6117666160,2016-03-11,83.18,78.0,75.59999847,25.76000023,7533.5,5.690000057220461,5.690000057220461,0.0,0.0,0.0,5.555000066757205,0.0,0.0,0.0,330.5,706.5,2290.0
6117666160,2016-03-12,83.18,697.0,75.59999847,25.76000023,7533.5,5.690000057220461,5.690000057220461,0.0,0.0,0.0,5.555000066757205,0.0,0.0,0.0,330.5,706.5,2290.0
6117666160,2016-03-13,83.18,123.0,75.59999847,25.76000023,7533.5,5.690000057220461,5.690000057220461,0.0,0.0,0.0,5.555000066757205,0.0,0.0,0.0,330.5,706.5,2290.0
6117666160,2016-03-14,83.18,717.0,75.59999847,25.76000023,7533.5,5.690000057220461,5.690000057220461,0.0,0.0,0.0,5.555000066757205,0.0,0.0,0.0,330.5,706.5,2290.0
6117666160,2016-03-15,83.18,522.0,75.59999847,25.76000023,7533.5,5.690000057220461,5.690000057220461,0.0,0.0,0.0,5.555000066757205,0.0,0.0,0.0,330.5,706.5,2290.0
6117666160,2016-03-16,83.18,711.0,75.59999847,25.76000023,7533.5,5.690000057220461,5.690000057220461,0.0,0.0,0.0,5.555000066757205,0.0,0.0,0.0,330.5,706.5,2290.0
6117666160,2016-03-17,83.18,670.0,75.59999847,25.76000023,7533.5,5.690000057220461,5.690000057220461,0.0,0.0,0.0,5.555000066757205,0.0,0.0,0.0,330.5,706.5,2290.0
6117666160,2016-03-18,83.18,715.0,75.59999847,25.76000023,7533.5,5.690000057220461,5.690000057220461,0.0,0.0,0.0,5.555000066757205,0.0,0.0,0.0,330.5,706.5,2290.0
6117666160,2016-03-19,83.18,684.0,75.59999847,25.76000023,7533.5,5.690000057220461,5.690000057220461,0.0,0.0,0.0,5.555000066757205,0.0,0.0,0.0,330.5,706.5,2290.0
6117666160,2016-03-20,83.18,568.0,75.59999847,25.76000023,7533.5,5.690000057220461,5.690000057220461,0.0,0.0,0.0,5.555000066757205,0.0,0.0,0.0,330.5,706.5,2290.0
6117666160,2016-03-21,83.18,525.0,75.59999847,25.76000023,7533.5,5.690000057220461,5.690000057220461,0.0,0.0,0.0,5.555000066757205,0.0,0.0,0.0,330.5,706.5,2290.0
6117666160,2016-03-22,83.18,434.0,75.59999847,25.76000023,7533.5,5.690000057220461,5.690000057220461,0.0,0.0,0.0,5.555000066757205,0.0,0.0,0.0,330.5,706.5,2290.0
6117666160,2016-03-23,83.18,612.0,75.59999847,25.76000023,7533.5,5.690000057220461,5.690000057220461,0.0,0.0,0.0,5.555000066757205,0.0,0.0,0.0,330.5,706.5,2290.0
6117666160,2016-03-24,83.18,931.0,75.59999847,25.76000023,7533.5,5.690000057220461,5.690000057220461,0.0,0.0,0.0,5.555000066757205,0.0,0.0,0.0,330.5,706.5,2290.0
6117666160,2016-03-25,83.18,536.0,75.59999847,25.76000023,7533.5,5.690000057220461,5.690000057220461,0.0,0.0,0.0,5.555000066757205,0.0,0.0,0.0,330.5,706.5,2290.0
6117666160,2016-03-26,83.18,504.0,75.59999847,25.76000023,7533.5,5.690000057220461,5.690000057220461,0.0,0.0,0.0,5.555000066757205,0.0,0.0,0.0,330.5,706.5,2290.0
6117666160,2016-03-27,83.18,534.0,75.59999847,25.76000023,7533.5,5.690000057220461,5.690000057220461,0.0,0.0,0.0,5.555000066757205,0.0,0.0,0.0,330.5,706.5,2290.0
6117666160,2016-03-28,83.18,45.0,75.59999847,25.76000023,7533.5,5.690000057220461,5.690000057220461,0.0,0.0,0.0,5.555000066757205,0.0,0.0,0.0,330.5,706.5,2290.0
6117666160,2016-03-29,83.18,592.0,75.59999847,25.76000023,7533.5,5.690000057220461,5.690000057220461,0.0,0.0,0.0,5.555000066757205,0.0,0.0,0.0,330.5,706.5,2290.0
6117666160,2016-03-30,83.18,111.0,75.59999847,25.76000023,7533.5,5.690000057220461,5.690000057220461,0.0,0.0,0.0,5.555000066757205,0.0,0.0,0.0,330.5,706.5,2290.0
6117666160,2016-03-31,83.18,629.0,75.59999847,25.76000023,7533.5,5.690000057220461,5.690000057220461,0.0,0.0,0.0,5.555000066757205,0.0,0.0,0.0,330.5,706.5,2290.0
6117666160,2016-04-01,80.94,625.0,75.59999847,25.76000023,7444.0,5.61999988555908,5.61999988555908,0.0,0.0,0.0,5.61999988555908,0.0,0.0,0.0,286.0,568.0,2210.0
6117666160,2016-04-02,82.21,478.0,75.59999847,25.76000023,19658.0,14.8400001525879,14.8400001525879,0.0,0.239999994635582,2.08999991416931,12.5100002288818,0.0,3.0,30.0,475.0,466.0,2884.0
6117666160,2016-04-03,83.18,478.0,75.59999847,25.76000023,0.0,0.0,0.0,0.0,0.0,0.0,0.0,0.0,0.0,0.0,0.0,1440.0,1496.0
6117666160,2016-04-04,82.51,478.0,75.59999847,25.76000023,8468.0,6.3899998664856,6.3899998664856,0.0,0.180000007152557,0.639999985694885,5.57000017166138,0.0,2.0,11.0,279.0,1148.0,2262.0
6117666160,2016-04-05,82.19,73.0,75.59999847,25.76000023,9910.0,7.48000001907349,7.48000001907349,0.0,0.0,0.0,7.48000001907349,0.0,0.0,0.0,384.0,990.0,2445.0
6117666160,2016-04-06,83.77,606.0,75.59999847,25.76000023,12409.0,9.36999988555908,9.36999988555908,0.0,0.0,0.0,9.36999988555908,0.0,0.0,0.0,491.0,388.0,2694.0
6117666160,2016-04-07,82.71,529.0,75.59999847,25.76000023,4853.0,3.66000008583069,3.66000008583069,0.0,0.0,0.0,3.66000008583069,0.0,0.0,0.0,156.0,770.0,1903.0
6117666160,2016-04-08,83.09,529.0,75.59999847,25.76000023,8955.0,6.76000022888184,6.76000022888184,0.0,0.0,0.0,6.73000001907349,0.0,0.0,0.0,422.0,1018.0,2482.0
6117666160,2016-04-09,85.24,502.0,75.59999847,25.76000023,10789.0,8.14999961853027,8.14999961853027,0.0,0.0,0.0,8.14999961853027,0.0,0.0,0.0,506.0,413.0,2617.0
6117666160,2016-04-10,83.18,502.0,75.59999847,25.76000023,0.0,0.0,0.0,0.0,0.0,0.0,0.0,0.0,0.0,0.0,0.0,1440.0,0.0
6117666160,2016-04-11,83.18,502.0,75.59999847,25.76000023,7533.5,5.690000057220461,5.690000057220461,0.0,0.0,0.0,5.555000066757205,0.0,0.0,0.0,330.5,706.5,2290.0
6117666160,2016-04-12,83.18,502.0,75.59999847,25.76000023,0.0,0.0,0.0,0.0,0.0,0.0,0.0,0.0,0.0,0.0,0.0,1440.0,1496.0
6117666160,2016-04-13,83.18,502.0,75.59999847,25.76000023,0.0,0.0,0.0,0.0,0.0,0.0,0.0,0.0,0.0,0.0,0.0,1440.0,1496.0
6117666160,2016-04-14,83.18,502.0,75.59999847,25.76000023,0.0,0.0,0.0,0.0,0.0,0.0,0.0,0.0,0.0,0.0,0.0,1440.0,1496.0
6117666160,2016-04-15,85.64,502.0,75.59999847,25.76000023,14019.0,10.5900001525879,10.5900001525879,0.0,0.0,0.280000001192093,10.3000001907349,0.0,0.0,6.0,513.0,921.0,2865.0
6117666160,2016-04-16,84.86,417.0,75.59999847,25.76000023,14450.0,10.9099998474121,10.9099998474121,0.0,0.579999983310699,0.850000023841858,9.47999954223633,0.0,7.0,15.0,518.0,502.0,2828.0
6117666160,2016-04-17,84.84,443.0,75.59999847,25.76000023,7150.0,5.40000009536743,5.40000009536743,0.0,0.0,0.0,5.40000009536743,0.0,0.0,0.0,312.0,702.0,2225.0
6117666160,2016-04-18,81.74,458.0,75.59999847,25.76000023,5153.0,3.91000008583069,3.91000008583069,0.0,0.0,0.0,3.89000010490417,0.0,0.0,0.0,241.0,759.0,2018.0
6117666160,2016-04-19,83.17,566.0,75.59999847,25.76000023,11135.0,8.40999984741211,8.40999984741211,0.0,0.0,0.0,8.40999984741211,0.0,0.0,0.0,480.0,425.0,2606.0
6117666160,2016-04-20,84.24,493.0,75.59999847,25.76000023,10449.0,8.02000045776367,8.02000045776367,0.0,2.02999997138977,0.479999989271164,5.51999998092651,0.0,26.0,10.0,349.0,587.0,2536.0
6117666160,2016-04-21,82.21,583.0,75.59999847,25.76000023,19542.0,15.0100002288818,15.0100002288818,0.0,0.980000019073486,0.400000005960464,5.61999988555908,0.0,11.0,19.0,294.0,579.0,4900.0
6117666160,2016-04-22,82.31,703.0,75.59999847,25.76000023,8206.0,6.19999980926514,6.19999980926514,0.0,0.0,0.0,6.19999980926514,0.0,0.0,0.0,402.0,413.0,2409.0
6117666160,2016-04-23,82.12,512.0,75.59999847,25.76000023,11495.0,8.68000030517578,8.68000030517578,0.0,0.0,0.0,8.68000030517578,0.0,0.0,0.0,512.0,468.0,2651.0
6117666160,2016-04-24,84.59,382.0,75.59999847,25.76000023,7623.0,5.76000022888184,5.76000022888184,0.0,0.0,0.0,5.76000022888184,0.0,0.0,0.0,362.0,711.0,2305.0
6117666160,2016-04-25,83.18,382.0,75.59999847,25.76000023,0.0,0.0,0.0,0.0,0.0,0.0,0.0,0.0,0.0,0.0,0.0,1440.0,1497.0
6117666160,2016-04-26,83.83,7.0,75.59999847,25.76000023,9543.0,7.21000003814697,7.21000003814697,0.0,0.0,0.340000003576279,6.86999988555908,0.0,0.0,7.0,352.0,1077.0,2450.0
6117666160,2016-04-27,83.1,584.0,75.59999847,25.76000023,9411.0,7.1100001335144,7.1100001335144,0.0,0.0,0.0,7.1100001335144,0.0,0.0,0.0,458.0,417.0,2576.0
6117666160,2016-04-28,82.06,588.0,75.59999847,25.76000023,3403.0,2.59999990463257,2.59999990463257,0.0,0.0,0.0,2.59999990463257,0.0,0.0,0.0,141.0,758.0,1879.0
6117666160,2016-04-29,82.55,513.0,75.59999847,25.76000023,9592.0,7.23999977111816,7.23999977111816,0.0,0.0,0.0,7.23999977111816,0.0,0.0,0.0,461.0,479.0,2560.0
6117666160,2016-04-30,81.99,61.0,75.59999847,25.76000023,6987.0,5.28000020980835,5.28000020980835,0.0,0.0,0.0,5.28000020980835,0.0,0.0,0.0,343.0,1040.0,2275.0
6117666160,2016-05-01,82.8,606.0,75.59999847,25.76000023,8915.0,6.73000001907349,6.73000001907349,0.0,0.0,0.0,6.73000001907349,0.0,0.0,0.0,397.0,525.0,2361.0
6117666160,2016-05-02,85.79,606.0,75.59999847,25.76000023,4933.0,3.73000001907349,3.73000001907349,0.0,0.0,0.0,3.73000001907349,0.0,0.0,0.0,236.0,1204.0,2044.0
6117666160,2016-05-03,83.18,606.0,75.59999847,25.76000023,0.0,0.0,0.0,0.0,0.0,0.0,0.0,0.0,0.0,0.0,0.0,1440.0,1496.0
6117666160,2016-05-04,83.93,5.0,75.59999847,25.76000023,2997.0,2.25999999046326,2.25999999046326,0.0,0.0,0.0,2.25999999046326,0.0,0.0,0.0,156.0,1279.0,1902.0
6117666160,2016-05-05,83.78,506.0,75.59999847,25.76000023,9799.0,7.40000009536743,7.40000009536743,0.0,0.0,0.0,7.40000009536743,0.0,0.0,0.0,487.0,479.0,2636.0
6117666160,2016-05-06,82.15,674.0,75.59999847,25.76000023,3365.0,2.6800000667572,2.6800000667572,0.0,0.0,0.0,2.6800000667572,0.0,0.0,0.0,133.0,673.0,1838.0
6117666160,2016-05-07,83.55,591.0,75.59999847,25.76000023,7336.0,5.53999996185303,5.53999996185303,0.0,0.0,0.0,5.53999996185303,0.0,0.0,0.0,412.0,456.0,2469.0
6117666160,2016-05-08,82.0,668.0,75.59999847,25.76000023,7328.0,5.53000020980835,5.53000020980835,0.0,0.0,0.0,5.53000020980835,0.0,0.0,0.0,318.0,517.0,2250.0
6117666160,2016-05-09,82.63,481.0,75.59999847,25.76000023,4477.0,3.38000011444092,3.38000011444092,0.0,0.0,0.0,3.38000011444092,0.0,0.0,0.0,197.0,125.0,1248.0
6117666160,2016-05-10,83.18,481.0,75.59999847,25.76000023,7533.5,5.690000057220461,5.690000057220461,0.0,0.0,0.0,5.555000066757205,0.0,0.0,0.0,330.5,706.5,2290.0
6117666160,2016-05-11,83.18,481.0,75.59999847,25.76000023,7533.5,5.690000057220461,5.690000057220461,0.0,0.0,0.0,5.555000066757205,0.0,0.0,0.0,330.5,706.5,2290.0
6117666160,2016-05-12,80.93,481.0,75.59999847,25.76000023,7533.5,5.690000057220461,5.690000057220461,0.0,0.0,0.0,5.555000066757205,0.0,0.0,0.0,330.5,706.5,2290.0
6290855005,2016-03-12,82.36,,75.59999847,25.76000023,6047.0,4.57000017166138,4.57000017166138,0.0,0.0,0.0,4.32999992370605,0.0,0.0,0.0,249.0,1182.0,2701.0
6290855005,2016-03-13,81.96,,75.59999847,25.76000023,6047.0,4.57000017166138,4.57000017166138,0.0,0.0,0.0,4.32999992370605,0.0,0.0,0.0,249.0,1182.0,2701.0
6290855005,2016-03-14,85.97,,75.59999847,25.76000023,6047.0,4.57000017166138,4.57000017166138,0.0,0.0,0.0,4.32999992370605,0.0,0.0,0.0,249.0,1182.0,2701.0
6290855005,2016-03-15,86.37,,75.59999847,25.76000023,6047.0,4.57000017166138,4.57000017166138,0.0,0.0,0.0,4.32999992370605,0.0,0.0,0.0,249.0,1182.0,2701.0
6290855005,2016-03-16,84.16,,75.59999847,25.76000023,6047.0,4.57000017166138,4.57000017166138,0.0,0.0,0.0,4.32999992370605,0.0,0.0,0.0,249.0,1182.0,2701.0
6290855005,2016-03-17,83.89,,75.59999847,25.76000023,6047.0,4.57000017166138,4.57000017166138,0.0,0.0,0.0,4.32999992370605,0.0,0.0,0.0,249.0,1182.0,2701.0
6290855005,2016-03-18,85.11,,75.59999847,25.76000023,6047.0,4.57000017166138,4.57000017166138,0.0,0.0,0.0,4.32999992370605,0.0,0.0,0.0,249.0,1182.0,2701.0
6290855005,2016-03-19,86.38,,75.59999847,25.76000023,6047.0,4.57000017166138,4.57000017166138,0.0,0.0,0.0,4.32999992370605,0.0,0.0,0.0,249.0,1182.0,2701.0
6290855005,2016-03-20,81.54,,75.59999847,25.76000023,6047.0,4.57000017166138,4.57000017166138,0.0,0.0,0.0,4.32999992370605,0.0,0.0,0.0,249.0,1182.0,2701.0
6290855005,2016-03-21,85.05,,75.59999847,25.76000023,6047.0,4.57000017166138,4.57000017166138,0.0,0.0,0.0,4.32999992370605,0.0,0.0,0.0,249.0,1182.0,2701.0
6290855005,2016-03-22,83.53,,75.59999847,25.76000023,6047.0,4.57000017166138,4.57000017166138,0.0,0.0,0.0,4.32999992370605,0.0,0.0,0.0,249.0,1182.0,2701.0
6290855005,2016-03-23,85.47,,75.59999847,25.76000023,6047.0,4.57000017166138,4.57000017166138,0.0,0.0,0.0,4.32999992370605,0.0,0.0,0.0,249.0,1182.0,2701.0
6290855005,2016-03-24,86.02,,75.59999847,25.76000023,6047.0,4.57000017166138,4.57000017166138,0.0,0.0,0.0,4.32999992370605,0.0,0.0,0.0,249.0,1182.0,2701.0
6290855005,2016-03-25,81.77,,75.59999847,25.76000023,6047.0,4.57000017166138,4.57000017166138,0.0,0.0,0.0,4.32999992370605,0.0,0.0,0.0,249.0,1182.0,2701.0
6290855005,2016-03-26,83.58,,75.59999847,25.76000023,6047.0,4.57000017166138,4.57000017166138,0.0,0.0,0.0,4.32999992370605,0.0,0.0,0.0,249.0,1182.0,2701.0
6290855005,2016-03-27,85.62,,75.59999847,25.76000023,6047.0,4.57000017166138,4.57000017166138,0.0,0.0,0.0,4.32999992370605,0.0,0.0,0.0,249.0,1182.0,2701.0
6290855005,2016-03-28,85.1,,75.59999847,25.76000023,6047.0,4.57000017166138,4.57000017166138,0.0,0.0,0.0,4.32999992370605,0.0,0.0,0.0,249.0,1182.0,2701.0
6290855005,2016-03-29,86.83,,75.59999847,25.76000023,6047.0,4.57000017166138,4.57000017166138,0.0,0.0,0.0,4.32999992370605,0.0,0.0,0.0,249.0,1182.0,2701.0
6290855005,2016-03-30,83.01,,75.59999847,25.76000023,6047.0,4.57000017166138,4.57000017166138,0.0,0.0,0.0,4.32999992370605,0.0,0.0,0.0,249.0,1182.0,2701.0
6290855005,2016-03-31,82.98,,75.59999847,25.76000023,6047.0,4.57000017166138,4.57000017166138,0.0,0.0,0.0,4.32999992370605,0.0,0.0,0.0,249.0,1182.0,2701.0
6290855005,2016-04-01,81.48,,75.59999847,25.76000023,6633.0,5.01000022888184,5.01000022888184,0.0,0.0,0.0,5.01000022888184,0.0,0.0,0.0,280.0,1160.0,2778.0
6290855005,2016-04-02,82.55,,75.59999847,25.76000023,9548.0,7.21999979019165,7.21999979019165,0.0,2.01999998092651,3.6800000667572,1.51999998092651,0.0,25.0,107.0,113.0,1195.0,3119.0
6290855005,2016-04-03,81.44,,75.59999847,25.76000023,0.0,0.0,0.0,0.0,0.0,0.0,0.0,0.0,33.0,0.0,0.0,1407.0,2664.0
6290855005,2016-04-04,81.74,,75.59999847,25.76000023,0.0,0.0,0.0,0.0,0.0,0.0,0.0,0.0,0.0,0.0,0.0,1440.0,2060.0
6290855005,2016-04-05,86.66,,75.59999847,25.76000023,0.0,0.0,0.0,0.0,0.0,0.0,0.0,0.0,0.0,0.0,0.0,1440.0,2060.0
6290855005,2016-04-06,85.69,,75.59999847,25.76000023,0.0,0.0,0.0,0.0,0.0,0.0,0.0,0.0,0.0,0.0,0.0,1440.0,2060.0
6290855005,2016-04-07,83.4,,75.59999847,25.76000023,0.0,0.0,0.0,0.0,0.0,0.0,0.0,0.0,0.0,0.0,0.0,1440.0,2060.0
6290855005,2016-04-08,81.57,,75.59999847,25.76000023,0.0,0.0,0.0,0.0,0.0,0.0,0.0,0.0,0.0,0.0,0.0,1440.0,2060.0
6290855005,2016-04-09,83.3,,75.59999847,25.76000023,0.0,0.0,0.0,0.0,0.0,0.0,0.0,0.0,0.0,0.0,0.0,1440.0,2060.0
6290855005,2016-04-10,86.35,,75.59999847,25.76000023,0.0,0.0,0.0,0.0,0.0,0.0,0.0,0.0,20.0,0.0,0.0,494.0,735.0
6290855005,2016-04-11,84.7,,75.59999847,25.76000023,6047.0,4.57000017166138,4.57000017166138,0.0,0.0,0.0,4.32999992370605,0.0,0.0,0.0,249.0,1182.0,2701.0
6290855005,2016-04-12,84.36,,75.59999847,25.76000023,4562.0,3.45000004768372,3.45000004768372,0.0,0.0,0.0,3.45000004768372,0.0,0.0,0.0,199.0,1241.0,2560.0
6290855005,2016-04-13,86.81,,75.59999847,25.76000023,7142.0,5.40000009536743,5.40000009536743,0.0,0.0,0.0,5.3899998664856,0.0099999997764825,0.0,0.0,350.0,1090.0,2905.0
6290855005,2016-04-14,86.55,,75.59999847,25.76000023,7671.0,5.80000019073486,5.80000019073486,0.0,0.0,0.0,5.76999998092651,0.0299999993294477,0.0,0.0,363.0,1077.0,2952.0
6290855005,2016-04-15,82.63,,75.59999847,25.76000023,9501.0,7.17999982833862,7.17999982833862,0.0,0.0,0.0,7.17000007629395,0.0099999997764825,0.0,0.0,328.0,1112.0,2896.0
6290855005,2016-04-16,87.1,,75.59999847,25.76000023,8301.0,6.28000020980835,6.28000020980835,0.0,0.0,0.0,6.26999998092651,0.0099999997764825,0.0,0.0,258.0,1182.0,2783.0
6290855005,2016-04-17,85.89,,75.59999847,25.76000023,7851.0,5.94000005722046,5.94000005722046,0.0,1.13999998569489,0.790000021457672,4.0,0.0,31.0,12.0,225.0,1172.0,3171.0
6290855005,2016-04-18,85.0,,75.59999847,25.76000023,6885.0,5.21000003814697,5.21000003814697,0.0,0.0,0.0,5.19000005722046,0.0199999995529652,0.0,0.0,271.0,1169.0,2766.0
6290855005,2016-04-19,86.45,,75.59999847,25.76000023,7142.0,5.40000009536743,5.40000009536743,0.0,0.0,0.0,5.3899998664856,0.0099999997764825,0.0,0.0,321.0,1119.0,2839.0
6290855005,2016-04-20,83.93,,75.59999847,25.76000023,6361.0,4.80999994277954,4.80999994277954,0.0,0.0,0.0,4.80000019073486,0.0099999997764825,0.0,0.0,258.0,1182.0,2701.0
6290855005,2016-04-21,81.59,,75.59999847,25.76000023,0.0,0.0,0.0,0.0,0.0,0.0,0.0,0.0,0.0,0.0,0.0,1440.0,2060.0
6290855005,2016-04-22,83.79,,75.59999847,25.76000023,6238.0,4.71999979019165,4.71999979019165,0.0,0.0,0.0,4.71999979019165,0.0,0.0,0.0,302.0,1138.0,2796.0
6290855005,2016-04-23,83.5,,75.59999847,25.76000023,0.0,0.0,0.0,0.0,0.0,0.0,0.0,0.0,33.0,0.0,0.0,1407.0,2664.0
6290855005,2016-04-24,85.24,,75.59999847,25.76000023,5896.0,4.46000003814697,4.46000003814697,0.0,0.0,0.0,4.46000003814697,0.0,0.0,0.0,258.0,1182.0,2703.0
6290855005,2016-04-25,82.76,,75.59999847,25.76000023,7802.0,5.90000009536743,5.90000009536743,0.0,0.680000007152557,0.180000007152557,5.03000020980835,0.0099999997764825,8.0,3.0,249.0,1180.0,2771.0
6290855005,2016-04-26,83.08,,75.59999847,25.76000023,0.0,0.0,0.0,0.0,0.0,0.0,0.0,0.0,0.0,0.0,0.0,1440.0,2060.0
6290855005,2016-04-27,84.3,,75.59999847,25.76000023,5565.0,4.21000003814697,4.21000003814697,0.0,0.0,0.0,4.17999982833862,0.0299999993294477,0.0,0.0,287.0,1153.0,2743.0
6290855005,2016-04-28,84.07,,75.59999847,25.76000023,5731.0,4.32999992370605,4.32999992370605,0.0,0.0,0.0,4.32999992370605,0.0,0.0,0.0,255.0,1185.0,2687.0
6290855005,2016-04-29,83.54,,75.59999847,25.76000023,0.0,0.0,0.0,0.0,0.0,0.0,0.0,0.0,0.0,0.0,0.0,1440.0,2060.0
6290855005,2016-04-30,82.51,,75.59999847,25.76000023,6744.0,5.09999990463257,5.09999990463257,0.0,0.0,0.0,5.09000015258789,0.0099999997764825,0.0,0.0,324.0,1116.0,2843.0
6290855005,2016-05-01,82.46,,75.59999847,25.76000023,9837.0,7.44000005722046,7.44000005722046,0.0,0.660000026226044,2.75,4.0,0.0199999995529652,8.0,95.0,282.0,1055.0,3327.0
6290855005,2016-05-02,86.16,,75.59999847,25.76000023,6781.0,5.13000011444092,5.13000011444092,0.0,0.0,0.0,5.1100001335144,0.0199999995529652,0.0,0.0,268.0,1172.0,2725.0
6290855005,2016-05-03,86.02,,75.59999847,25.76000023,6047.0,4.57000017166138,4.57000017166138,0.0,0.0,0.0,4.57000017166138,0.0,0.0,0.0,240.0,1200.0,2671.0
6290855005,2016-05-04,86.75,,75.59999847,25.76000023,5832.0,4.40999984741211,4.40999984741211,0.0,0.0,0.0,4.40000009536743,0.0099999997764825,0.0,0.0,272.0,1168.0,2718.0
6290855005,2016-05-05,85.48,,75.59999847,25.76000023,6339.0,4.78999996185303,4.78999996185303,0.0,0.0,0.0,4.78999996185303,0.0,0.0,0.0,239.0,1201.0,2682.0
6290855005,2016-05-06,84.54,,75.59999847,25.76000023,6116.0,4.61999988555908,4.61999988555908,0.0,0.0,0.0,4.59000015258789,0.0299999993294477,0.0,0.0,305.0,1135.0,2806.0
6290855005,2016-05-07,87.13,,75.59999847,25.76000023,5510.0,4.17000007629395,4.17000007629395,0.0,0.0,0.0,4.15999984741211,0.0,0.0,0.0,227.0,1213.0,2613.0
6290855005,2016-05-08,81.39,,75.59999847,25.76000023,7706.0,5.82999992370605,5.82999992370605,0.0,0.0,0.0,5.82000017166138,0.0,0.0,0.0,251.0,1189.0,2712.0
6290855005,2016-05-09,84.36,,75.59999847,25.76000023,6277.0,4.75,4.75,0.0,0.0,0.0,4.73000001907349,0.0199999995529652,0.0,0.0,264.0,800.0,2175.0
6290855005,2016-05-10,81.93,,75.59999847,25.76000023,0.0,0.0,0.0,0.0,0.0,0.0,0.0,0.0,0.0,0.0,0.0,1440.0,0.0
6290855005,2016-05-11,86.35,,75.59999847,25.76000023,6047.0,4.57000017166138,4.57000017166138,0.0,0.0,0.0,4.32999992370605,0.0,0.0,0.0,249.0,1182.0,2701.0
6290855005,2016-05-12,86.19,,75.59999847,25.76000023,6047.0,4.57000017166138,4.57000017166138,0.0,0.0,0.0,4.32999992370605,0.0,0.0,0.0,249.0,1182.0,2701.0
6391747486,2016-03-12,80.1,,75.59999847,25.76000023,0.0,0.0,0.0,0.0,0.0,0.0,0.0,0.0,0.0,0.0,0.0,1440.0,1820.0
6391747486,2016-03-13,80.1,,75.59999847,25.76000023,0.0,0.0,0.0,0.0,0.0,0.0,0.0,0.0,0.0,0.0,0.0,1440.0,1820.0
6391747486,2016-03-14,80.1,,75.59999847,25.76000023,0.0,0.0,0.0,0.0,0.0,0.0,0.0,0.0,0.0,0.0,0.0,1440.0,1820.0
6391747486,2016-03-15,80.1,,75.59999847,25.76000023,0.0,0.0,0.0,0.0,0.0,0.0,0.0,0.0,0.0,0.0,0.0,1440.0,1820.0
6391747486,2016-03-16,80.1,,75.59999847,25.76000023,0.0,0.0,0.0,0.0,0.0,0.0,0.0,0.0,0.0,0.0,0.0,1440.0,1820.0
6391747486,2016-03-17,80.1,,75.59999847,25.76000023,0.0,0.0,0.0,0.0,0.0,0.0,0.0,0.0,0.0,0.0,0.0,1440.0,1820.0
6391747486,2016-03-18,80.1,,75.59999847,25.76000023,0.0,0.0,0.0,0.0,0.0,0.0,0.0,0.0,0.0,0.0,0.0,1440.0,1820.0
6391747486,2016-03-19,80.1,,75.59999847,25.76000023,0.0,0.0,0.0,0.0,0.0,0.0,0.0,0.0,0.0,0.0,0.0,1440.0,1820.0
6391747486,2016-03-20,80.1,,75.59999847,25.76000023,0.0,0.0,0.0,0.0,0.0,0.0,0.0,0.0,0.0,0.0,0.0,1440.0,1820.0
6391747486,2016-03-21,80.1,,75.59999847,25.76000023,0.0,0.0,0.0,0.0,0.0,0.0,0.0,0.0,0.0,0.0,0.0,1440.0,1820.0
6391747486,2016-03-22,80.1,,75.59999847,25.76000023,0.0,0.0,0.0,0.0,0.0,0.0,0.0,0.0,0.0,0.0,0.0,1440.0,1820.0
6391747486,2016-03-23,80.1,,75.59999847,25.76000023,0.0,0.0,0.0,0.0,0.0,0.0,0.0,0.0,0.0,0.0,0.0,1440.0,1820.0
6391747486,2016-03-24,80.1,,75.59999847,25.76000023,0.0,0.0,0.0,0.0,0.0,0.0,0.0,0.0,0.0,0.0,0.0,1440.0,1820.0
6391747486,2016-03-25,80.1,,75.59999847,25.76000023,0.0,0.0,0.0,0.0,0.0,0.0,0.0,0.0,0.0,0.0,0.0,1440.0,1820.0
6391747486,2016-03-26,80.1,,75.59999847,25.76000023,0.0,0.0,0.0,0.0,0.0,0.0,0.0,0.0,0.0,0.0,0.0,1440.0,1820.0
6391747486,2016-03-27,80.1,,75.59999847,25.76000023,0.0,0.0,0.0,0.0,0.0,0.0,0.0,0.0,0.0,0.0,0.0,1440.0,1820.0
6391747486,2016-03-28,80.1,,75.59999847,25.76000023,0.0,0.0,0.0,0.0,0.0,0.0,0.0,0.0,0.0,0.0,0.0,1440.0,1820.0
6391747486,2016-03-29,80.1,,75.59999847,25.76000023,0.0,0.0,0.0,0.0,0.0,0.0,0.0,0.0,0.0,0.0,0.0,1440.0,1820.0
6391747486,2016-03-30,80.1,,75.59999847,25.76000023,0.0,0.0,0.0,0.0,0.0,0.0,0.0,0.0,0.0,0.0,0.0,1440.0,1820.0
6391747486,2016-03-31,80.1,,75.59999847,25.76000023,0.0,0.0,0.0,0.0,0.0,0.0,0.0,0.0,0.0,0.0,0.0,1440.0,1820.0
6391747486,2016-04-01,80.1,,75.59999847,25.76000023,0.0,0.0,0.0,0.0,0.0,0.0,0.0,0.0,0.0,0.0,0.0,1440.0,1820.0
6391747486,2016-04-02,80.1,,75.59999847,25.76000023,2101.0,2.02999997138977,0.0,2.02777290344238,2.02999997138977,0.0,0.0,0.0,46.0,0.0,0.0,1394.0,2224.0
6391747486,2016-04-03,80.1,,75.59999847,25.76000023,0.0,0.0,0.0,0.0,0.0,0.0,0.0,0.0,0.0,0.0,0.0,1440.0,1820.0
6391747486,2016-04-04,80.1,,75.59999847,25.76000023,0.0,0.0,0.0,0.0,0.0,0.0,0.0,0.0,0.0,0.0,0.0,1440.0,1820.0
6391747486,2016-04-05,80.1,,75.59999847,25.76000023,9766.0,7.51000022888184,0.779999971389771,6.72705698013306,0.0,0.0500000007450581,7.46000003814697,0.0,0.0,6.0,301.0,1133.0,2442.0
6391747486,2016-04-06,80.09,,75.59999847,25.76000023,165.0,0.129999995231628,0.129999995231628,0.0,0.0,0.0,0.129999995231628,0.0,0.0,0.0,8.0,1432.0,1849.0
6391747486,2016-04-07,80.1,,75.59999847,25.76000023,0.0,0.0,0.0,0.0,0.0,0.0,0.0,0.0,0.0,0.0,0.0,1440.0,1822.0
6391747486,2016-04-08,80.09,,75.59999847,25.76000023,0.0,0.0,0.0,0.0,0.0,0.0,0.0,0.0,0.0,0.0,0.0,1440.0,1820.0
6391747486,2016-04-09,80.1,,75.59999847,25.76000023,0.0,0.0,0.0,0.0,0.0,0.0,0.0,0.0,0.0,0.0,0.0,198.0,251.0
6391747486,2016-04-10,80.1,,75.59999847,25.76000023,0.0,0.0,0.0,0.0,0.0,0.0,0.0,0.0,0.0,0.0,0.0,1440.0,1820.0
6391747486,2016-04-11,80.1,,75.59999847,25.76000023,0.0,0.0,0.0,0.0,0.0,0.0,0.0,0.0,0.0,0.0,0.0,1440.0,1820.0
6391747486,2016-04-12,80.1,,75.59999847,25.76000023,0.0,0.0,0.0,0.0,0.0,0.0,0.0,0.0,0.0,0.0,0.0,1440.0,1820.0
6391747486,2016-04-13,80.1,,75.59999847,25.76000023,0.0,0.0,0.0,0.0,0.0,0.0,0.0,0.0,0.0,0.0,0.0,1440.0,1820.0
6391747486,2016-04-14,80.1,,75.59999847,25.76000023,0.0,0.0,0.0,0.0,0.0,0.0,0.0,0.0,0.0,0.0,0.0,1440.0,1820.0
6391747486,2016-04-15,80.1,,75.59999847,25.76000023,0.0,0.0,0.0,0.0,0.0,0.0,0.0,0.0,0.0,0.0,0.0,1440.0,1820.0
6391747486,2016-04-16,80.1,,75.59999847,25.76000023,0.0,0.0,0.0,0.0,0.0,0.0,0.0,0.0,0.0,0.0,0.0,1440.0,1820.0
6391747486,2016-04-17,80.1,,75.59999847,25.76000023,0.0,0.0,0.0,0.0,0.0,0.0,0.0,0.0,0.0,0.0,0.0,1440.0,1820.0
6391747486,2016-04-18,80.1,,75.59999847,25.76000023,0.0,0.0,0.0,0.0,0.0,0.0,0.0,0.0,0.0,0.0,0.0,1440.0,1820.0
6391747486,2016-04-19,80.1,,75.59999847,25.76000023,0.0,0.0,0.0,0.0,0.0,0.0,0.0,0.0,0.0,0.0,0.0,1440.0,1820.0
6391747486,2016-04-20,80.1,,75.59999847,25.76000023,0.0,0.0,0.0,0.0,0.0,0.0,0.0,0.0,0.0,0.0,0.0,1440.0,1820.0
6391747486,2016-04-21,80.1,,75.59999847,25.76000023,0.0,0.0,0.0,0.0,0.0,0.0,0.0,0.0,0.0,0.0,0.0,1440.0,1820.0
6391747486,2016-04-22,80.1,,75.59999847,25.76000023,0.0,0.0,0.0,0.0,0.0,0.0,0.0,0.0,0.0,0.0,0.0,1440.0,1820.0
6391747486,2016-04-23,80.1,,75.59999847,25.76000023,0.0,0.0,0.0,0.0,0.0,0.0,0.0,0.0,0.0,0.0,0.0,1440.0,1820.0
6391747486,2016-04-24,80.1,,75.59999847,25.76000023,0.0,0.0,0.0,0.0,0.0,0.0,0.0,0.0,0.0,0.0,0.0,1440.0,1820.0
6391747486,2016-04-25,80.1,,75.59999847,25.76000023,0.0,0.0,0.0,0.0,0.0,0.0,0.0,0.0,0.0,0.0,0.0,1440.0,1820.0
6391747486,2016-04-26,80.1,,75.59999847,25.76000023,0.0,0.0,0.0,0.0,0.0,0.0,0.0,0.0,0.0,0.0,0.0,1440.0,1820.0
6391747486,2016-04-27,80.1,,75.59999847,25.76000023,0.0,0.0,0.0,0.0,0.0,0.0,0.0,0.0,0.0,0.0,0.0,1440.0,1820.0
6391747486,2016-04-28,80.1,,75.59999847,25.76000023,0.0,0.0,0.0,0.0,0.0,0.0,0.0,0.0,0.0,0.0,0.0,1440.0,1820.0
6391747486,2016-04-29,80.1,,75.59999847,25.76000023,0.0,0.0,0.0,0.0,0.0,0.0,0.0,0.0,0.0,0.0,0.0,1440.0,1820.0
6391747486,2016-04-30,80.1,,75.59999847,25.76000023,0.0,0.0,0.0,0.0,0.0,0.0,0.0,0.0,0.0,0.0,0.0,1440.0,1820.0
6391747486,2016-05-01,80.1,,75.59999847,25.76000023,0.0,0.0,0.0,0.0,0.0,0.0,0.0,0.0,0.0,0.0,0.0,1440.0,1820.0
6391747486,2016-05-02,80.1,,75.59999847,25.76000023,0.0,0.0,0.0,0.0,0.0,0.0,0.0,0.0,0.0,0.0,0.0,1440.0,1820.0
6391747486,2016-05-03,80.1,,75.59999847,25.76000023,0.0,0.0,0.0,0.0,0.0,0.0,0.0,0.0,0.0,0.0,0.0,1440.0,1820.0
6391747486,2016-05-04,80.1,,75.59999847,25.76000023,0.0,0.0,0.0,0.0,0.0,0.0,0.0,0.0,0.0,0.0,0.0,1440.0,1820.0
6391747486,2016-05-05,80.1,,75.59999847,25.76000023,0.0,0.0,0.0,0.0,0.0,0.0,0.0,0.0,0.0,0.0,0.0,1440.0,1820.0
6391747486,2016-05-06,80.1,,75.59999847,25.76000023,0.0,0.0,0.0,0.0,0.0,0.0,0.0,0.0,0.0,0.0,0.0,1440.0,1820.0
6391747486,2016-05-07,80.1,,75.59999847,25.76000023,0.0,0.0,0.0,0.0,0.0,0.0,0.0,0.0,0.0,0.0,0.0,1440.0,1820.0
6391747486,2016-05-08,80.1,,75.59999847,25.76000023,0.0,0.0,0.0,0.0,0.0,0.0,0.0,0.0,0.0,0.0,0.0,1440.0,1820.0
6391747486,2016-05-09,80.1,,75.59999847,25.76000023,0.0,0.0,0.0,0.0,0.0,0.0,0.0,0.0,0.0,0.0,0.0,1440.0,1820.0
6391747486,2016-05-10,80.1,,75.59999847,25.76000023,0.0,0.0,0.0,0.0,0.0,0.0,0.0,0.0,0.0,0.0,0.0,1440.0,1820.0
6391747486,2016-05-11,80.1,,75.59999847,25.76000023,0.0,0.0,0.0,0.0,0.0,0.0,0.0,0.0,0.0,0.0,0.0,1440.0,1820.0
6391747486,2016-05-12,77.77,,75.59999847,25.76000023,0.0,0.0,0.0,0.0,0.0,0.0,0.0,0.0,0.0,0.0,0.0,1440.0,1820.0
6775888955,2016-03-11,94.44,84.0,75.59999847,25.76000023,1988.0,1.42999994754791,1.42999994754791,0.0,0.129999995231628,0.239999994635582,0.46000000834465,0.0,2.0,13.0,20.0,1347.0,2067.0
6775888955,2016-03-12,94.44,456.0,75.59999847,25.76000023,1988.0,1.42999994754791,1.42999994754791,0.0,0.129999995231628,0.239999994635582,0.46000000834465,0.0,2.0,13.0,20.0,1347.0,2067.0
6775888955,2016-03-13,94.44,42.0,75.59999847,25.76000023,1988.0,1.42999994754791,1.42999994754791,0.0,0.129999995231628,0.239999994635582,0.46000000834465,0.0,2.0,13.0,20.0,1347.0,2067.0
6775888955,2016-03-14,94.44,709.0,75.59999847,25.76000023,1988.0,1.42999994754791,1.42999994754791,0.0,0.129999995231628,0.239999994635582,0.46000000834465,0.0,2.0,13.0,20.0,1347.0,2067.0
6775888955,2016-03-15,94.44,125.0,75.59999847,25.76000023,1988.0,1.42999994754791,1.42999994754791,0.0,0.129999995231628,0.239999994635582,0.46000000834465,0.0,2.0,13.0,20.0,1347.0,2067.0
6775888955,2016-03-16,94.44,125.0,75.59999847,25.76000023,1988.0,1.42999994754791,1.42999994754791,0.0,0.129999995231628,0.239999994635582,0.46000000834465,0.0,2.0,13.0,20.0,1347.0,2067.0
6775888955,2016-03-17,94.44,125.0,75.59999847,25.76000023,1988.0,1.42999994754791,1.42999994754791,0.0,0.129999995231628,0.239999994635582,0.46000000834465,0.0,2.0,13.0,20.0,1347.0,2067.0
6775888955,2016-03-18,94.44,323.0,75.59999847,25.76000023,1988.0,1.42999994754791,1.42999994754791,0.0,0.129999995231628,0.239999994635582,0.46000000834465,0.0,2.0,13.0,20.0,1347.0,2067.0
6775888955,2016-03-19,94.44,419.0,75.59999847,25.76000023,1988.0,1.42999994754791,1.42999994754791,0.0,0.129999995231628,0.239999994635582,0.46000000834465,0.0,2.0,13.0,20.0,1347.0,2067.0
6775888955,2016-03-20,94.44,419.0,75.59999847,25.76000023,1988.0,1.42999994754791,1.42999994754791,0.0,0.129999995231628,0.239999994635582,0.46000000834465,0.0,2.0,13.0,20.0,1347.0,2067.0
6775888955,2016-03-21,94.44,456.0,75.59999847,25.76000023,1988.0,1.42999994754791,1.42999994754791,0.0,0.129999995231628,0.239999994635582,0.46000000834465,0.0,2.0,13.0,20.0,1347.0,2067.0
6775888955,2016-03-22,94.44,456.0,75.59999847,25.76000023,1988.0,1.42999994754791,1.42999994754791,0.0,0.129999995231628,0.239999994635582,0.46000000834465,0.0,2.0,13.0,20.0,1347.0,2067.0
6775888955,2016-03-23,94.44,456.0,75.59999847,25.76000023,1988.0,1.42999994754791,1.42999994754791,0.0,0.129999995231628,0.239999994635582,0.46000000834465,0.0,2.0,13.0,20.0,1347.0,2067.0
6775888955,2016-03-24,94.44,456.0,75.59999847,25.76000023,1988.0,1.42999994754791,1.42999994754791,0.0,0.129999995231628,0.239999994635582,0.46000000834465,0.0,2.0,13.0,20.0,1347.0,2067.0
6775888955,2016-03-25,94.44,118.0,75.59999847,25.76000023,1988.0,1.42999994754791,1.42999994754791,0.0,0.129999995231628,0.239999994635582,0.46000000834465,0.0,2.0,13.0,20.0,1347.0,2067.0
6775888955,2016-03-26,94.44,386.0,75.59999847,25.76000023,1988.0,1.42999994754791,1.42999994754791,0.0,0.129999995231628,0.239999994635582,0.46000000834465,0.0,2.0,13.0,20.0,1347.0,2067.0
6775888955,2016-03-27,94.44,454.0,75.59999847,25.76000023,1988.0,1.42999994754791,1.42999994754791,0.0,0.129999995231628,0.239999994635582,0.46000000834465,0.0,2.0,13.0,20.0,1347.0,2067.0
6775888955,2016-03-28,94.44,558.0,75.59999847,25.76000023,1988.0,1.42999994754791,1.42999994754791,0.0,0.129999995231628,0.239999994635582,0.46000000834465,0.0,2.0,13.0,20.0,1347.0,2067.0
6775888955,2016-03-29,94.44,558.0,75.59999847,25.76000023,1988.0,1.42999994754791,1.42999994754791,0.0,0.129999995231628,0.239999994635582,0.46000000834465,0.0,2.0,13.0,20.0,1347.0,2067.0
6775888955,2016-03-30,94.44,558.0,75.59999847,25.76000023,1988.0,1.42999994754791,1.42999994754791,0.0,0.129999995231628,0.239999994635582,0.46000000834465,0.0,2.0,13.0,20.0,1347.0,2067.0
6775888955,2016-03-31,94.44,329.0,75.59999847,25.76000023,1988.0,1.42999994754791,1.42999994754791,0.0,0.129999995231628,0.239999994635582,0.46000000834465,0.0,2.0,13.0,20.0,1347.0,2067.0
6775888955,2016-04-01,95.12,16.0,75.59999847,25.76000023,7225.0,5.17999982833862,5.17999982833862,0.0,1.73000001907349,1.26999998092651,2.1800000667572,0.0,25.0,50.0,163.0,1189.0,3065.0
6775888955,2016-04-02,94.95,481.0,75.59999847,25.76000023,1988.0,1.42999994754791,1.42999994754791,0.0,0.0,0.0,1.42999994754791,0.0,0.0,0.0,79.0,909.0,2207.0
6775888955,2016-04-03,94.22,481.0,75.59999847,25.76000023,1577.0,1.12999999523163,1.12999999523163,0.0,0.0700000002980232,0.889999985694885,0.170000001788139,0.0,1.0,17.0,8.0,1414.0,1977.0
6775888955,2016-04-04,94.44,481.0,75.59999847,25.76000023,0.0,0.0,0.0,0.0,0.0,0.0,0.0,0.0,0.0,0.0,0.0,1440.0,1841.0
6775888955,2016-04-05,96.5,481.0,75.59999847,25.76000023,9348.0,6.69999980926514,6.69999980926514,0.0,1.12999999523163,2.03999996185303,3.14000010490417,0.0,56.0,133.0,240.0,1011.0,4286.0
6775888955,2016-04-06,95.62,495.0,75.59999847,25.76000023,11761.0,8.43000030517578,8.43000030517578,0.0,1.30999994277954,2.44000005722046,4.67999982833862,0.0,24.0,99.0,300.0,550.0,3920.0
6775888955,2016-04-07,94.81,309.0,75.59999847,25.76000023,13987.0,10.0299997329712,10.0299997329712,0.0,2.86999988555908,3.33999991416931,3.8199999332428,0.0,46.0,114.0,250.0,739.0,3856.0
6775888955,2016-04-08,93.71,309.0,75.59999847,25.76000023,4131.0,2.96000003814697,2.96000003814697,0.0,1.37000000476837,0.610000014305115,0.980000019073486,0.0,27.0,30.0,75.0,1308.0,2584.0
6775888955,2016-04-09,94.31,309.0,75.59999847,25.76000023,14.0,0.0099999997764825,0.0099999997764825,0.0,0.0,0.0,0.0099999997764825,0.0,0.0,0.0,1.0,601.0,787.0
6775888955,2016-04-10,94.44,309.0,75.59999847,25.76000023,1988.0,1.42999994754791,1.42999994754791,0.0,0.129999995231628,0.239999994635582,0.46000000834465,0.0,2.0,13.0,20.0,1347.0,2067.0
6775888955,2016-04-11,94.44,309.0,75.59999847,25.76000023,1988.0,1.42999994754791,1.42999994754791,0.0,0.129999995231628,0.239999994635582,0.46000000834465,0.0,2.0,13.0,20.0,1347.0,2067.0
6775888955,2016-04-12,94.44,309.0,75.59999847,25.76000023,0.0,0.0,0.0,0.0,0.0,0.0,0.0,0.0,0.0,0.0,0.0,1440.0,1841.0
6775888955,2016-04-13,93.01,312.0,75.59999847,25.76000023,4053.0,2.91000008583069,2.91000008583069,0.0,1.11000001430511,0.579999983310699,1.22000002861023,0.0,17.0,18.0,85.0,1053.0,2400.0
6775888955,2016-04-14,91.39,445.0,75.59999847,25.76000023,5162.0,3.70000004768372,3.70000004768372,0.0,0.870000004768372,0.860000014305115,1.97000002861023,0.0,14.0,24.0,105.0,863.0,2507.0
6775888955,2016-04-15,93.96,425.0,75.59999847,25.76000023,1282.0,0.920000016689301,0.920000016689301,0.0,0.0,0.0,0.920000016689301,0.0,0.0,0.0,58.0,976.0,2127.0
6775888955,2016-04-16,94.54,425.0,75.59999847,25.76000023,4732.0,3.39000010490417,3.39000010490417,0.0,2.51999998092651,0.810000002384186,0.0599999986588955,0.0,36.0,18.0,9.0,1377.0,2225.0
6775888955,2016-04-17,94.62,425.0,75.59999847,25.76000023,2497.0,1.78999996185303,1.78999996185303,0.0,0.349999994039536,1.12999999523163,0.310000002384186,0.0,5.0,24.0,19.0,1392.0,2067.0
6775888955,2016-04-18,94.13,425.0,75.59999847,25.76000023,8294.0,5.94999980926514,5.94999980926514,0.0,2.0,0.769999980926514,3.17000007629395,0.0,30.0,31.0,146.0,1233.0,2798.0
6775888955,2016-04-19,94.46,425.0,75.59999847,25.76000023,0.0,0.0,0.0,0.0,0.0,0.0,0.0,0.0,0.0,0.0,0.0,1440.0,1841.0
6775888955,2016-04-20,95.75,425.0,75.59999847,25.76000023,10771.0,7.71999979019165,7.71999979019165,0.0,3.76999998092651,1.74000000953674,2.22000002861023,0.0,70.0,113.0,178.0,1079.0,3727.0
6775888955,2016-04-21,94.44,425.0,75.59999847,25.76000023,0.0,0.0,0.0,0.0,0.0,0.0,0.0,0.0,0.0,0.0,0.0,1440.0,1841.0
6775888955,2016-04-22,94.34,425.0,75.59999847,25.76000023,637.0,0.46000000834465,0.46000000834465,0.0,0.0,0.0,0.46000000834465,0.0,0.0,0.0,20.0,1420.0,1922.0
6775888955,2016-04-23,94.44,425.0,75.59999847,25.76000023,0.0,0.0,0.0,0.0,0.0,0.0,0.0,0.0,0.0,0.0,0.0,1440.0,1841.0
6775888955,2016-04-24,94.6,425.0,75.59999847,25.76000023,2153.0,1.53999996185303,1.53999996185303,0.0,0.769999980926514,0.620000004768372,0.150000005960464,0.0,11.0,18.0,11.0,1400.0,2053.0
6775888955,2016-04-25,94.16,425.0,75.59999847,25.76000023,6474.0,4.6399998664856,4.6399998664856,0.0,2.26999998092651,0.46000000834465,1.89999997615814,0.0,33.0,13.0,92.0,1302.0,2484.0
6775888955,2016-04-26,94.94,425.0,75.59999847,25.76000023,7091.0,5.26999998092651,5.26999998092651,1.95959603786469,3.48000001907349,0.870000004768372,0.730000019073486,0.0,42.0,30.0,47.0,1321.0,2584.0
6775888955,2016-04-27,94.44,425.0,75.59999847,25.76000023,0.0,0.0,0.0,0.0,0.0,0.0,0.0,0.0,0.0,0.0,0.0,1440.0,1841.0
6775888955,2016-04-28,94.44,425.0,75.59999847,25.76000023,703.0,0.5,0.5,0.0,0.0599999986588955,0.200000002980232,0.239999994635582,0.0,2.0,13.0,15.0,1410.0,1993.0
6775888955,2016-04-29,94.43,425.0,75.59999847,25.76000023,0.0,0.0,0.0,0.0,0.0,0.0,0.0,0.0,0.0,0.0,0.0,1440.0,1841.0
6775888955,2016-04-30,94.19,425.0,75.59999847,25.76000023,2503.0,1.78999996185303,1.78999996185303,0.0,0.159999996423721,0.159999996423721,1.48000001907349,0.0,3.0,9.0,84.0,1344.0,2280.0
6775888955,2016-05-01,94.73,425.0,75.59999847,25.76000023,2487.0,1.77999997138977,1.77999997138977,0.0,0.479999989271164,0.620000004768372,0.680000007152557,0.0,9.0,34.0,50.0,1347.0,2319.0
6775888955,2016-05-02,94.44,425.0,75.59999847,25.76000023,0.0,0.0,0.0,0.0,0.0,0.0,0.0,0.0,0.0,0.0,0.0,1440.0,1841.0
6775888955,2016-05-03,94.44,425.0,75.59999847,25.76000023,9.0,0.0099999997764825,0.0099999997764825,0.0,0.0,0.0,0.0099999997764825,0.0,0.0,0.0,1.0,1439.0,1843.0
6775888955,2016-05-04,94.44,425.0,75.59999847,25.76000023,0.0,0.0,0.0,0.0,0.0,0.0,0.0,0.0,0.0,0.0,0.0,1440.0,1841.0
6775888955,2016-05-05,94.44,425.0,75.59999847,25.76000023,0.0,0.0,0.0,0.0,0.0,0.0,0.0,0.0,0.0,0.0,0.0,1440.0,1841.0
6775888955,2016-05-06,94.28,425.0,75.59999847,25.76000023,4697.0,3.36999988555908,3.36999988555908,0.0,0.469999998807907,0.930000007152557,1.92999994754791,0.0,12.0,35.0,75.0,1318.0,2496.0
6775888955,2016-05-07,94.42,425.0,75.59999847,25.76000023,1967.0,1.4099999666214,1.4099999666214,0.0,0.129999995231628,0.239999994635582,1.04999995231628,0.0,2.0,5.0,49.0,551.0,1032.0
6775888955,2016-05-08,94.44,425.0,75.59999847,25.76000023,1988.0,1.42999994754791,1.42999994754791,0.0,0.129999995231628,0.239999994635582,0.46000000834465,0.0,2.0,13.0,20.0,1347.0,2067.0
6775888955,2016-05-09,94.44,425.0,75.59999847,25.76000023,1988.0,1.42999994754791,1.42999994754791,0.0,0.129999995231628,0.239999994635582,0.46000000834465,0.0,2.0,13.0,20.0,1347.0,2067.0
6775888955,2016-05-10,94.44,425.0,75.59999847,25.76000023,1988.0,1.42999994754791,1.42999994754791,0.0,0.129999995231628,0.239999994635582,0.46000000834465,0.0,2.0,13.0,20.0,1347.0,2067.0
6775888955,2016-05-11,94.44,425.0,75.59999847,25.76000023,1988.0,1.42999994754791,1.42999994754791,0.0,0.129999995231628,0.239999994635582,0.46000000834465,0.0,2.0,13.0,20.0,1347.0,2067.0
6775888955,2016-05-12,90.77,425.0,75.59999847,25.76000023,1988.0,1.42999994754791,1.42999994754791,0.0,0.129999995231628,0.239999994635582,0.46000000834465,0.0,2.0,13.0,20.0,1347.0,2067.0
6962181067,2016-03-11,75.33,39.0,61.5,24.03000069,11835.0,7.94000005722046,7.88000011444092,0.0,1.61500000953674,1.21000003814697,4.28500008583069,0.0,22.5,21.0,273.5,662.0,2100.0
6962181067,2016-03-12,75.33,544.0,61.5,24.03000069,11835.0,7.94000005722046,7.88000011444092,0.0,1.61500000953674,1.21000003814697,4.28500008583069,0.0,22.5,21.0,273.5,662.0,2100.0
6962181067,2016-03-13,75.33,514.0,61.5,24.03000069,11835.0,7.94000005722046,7.88000011444092,0.0,1.61500000953674,1.21000003814697,4.28500008583069,0.0,22.5,21.0,273.5,662.0,2100.0
6962181067,2016-03-14,75.33,494.0,61.5,24.03000069,11835.0,7.94000005722046,7.88000011444092,0.0,1.61500000953674,1.21000003814697,4.28500008583069,0.0,22.5,21.0,273.5,662.0,2100.0
6962181067,2016-03-15,75.33,426.0,61.5,24.03000069,11835.0,7.94000005722046,7.88000011444092,0.0,1.61500000953674,1.21000003814697,4.28500008583069,0.0,22.5,21.0,273.5,662.0,2100.0
6962181067,2016-03-16,75.33,379.0,61.5,24.03000069,11835.0,7.94000005722046,7.88000011444092,0.0,1.61500000953674,1.21000003814697,4.28500008583069,0.0,22.5,21.0,273.5,662.0,2100.0
6962181067,2016-03-17,75.33,409.0,61.5,24.03000069,11835.0,7.94000005722046,7.88000011444092,0.0,1.61500000953674,1.21000003814697,4.28500008583069,0.0,22.5,21.0,273.5,662.0,2100.0
6962181067,2016-03-18,75.33,492.0,61.5,24.03000069,11835.0,7.94000005722046,7.88000011444092,0.0,1.61500000953674,1.21000003814697,4.28500008583069,0.0,22.5,21.0,273.5,662.0,2100.0
6962181067,2016-03-19,75.33,511.0,61.5,24.03000069,11835.0,7.94000005722046,7.88000011444092,0.0,1.61500000953674,1.21000003814697,4.28500008583069,0.0,22.5,21.0,273.5,662.0,2100.0
6962181067,2016-03-20,75.33,485.0,61.5,24.03000069,11835.0,7.94000005722046,7.88000011444092,0.0,1.61500000953674,1.21000003814697,4.28500008583069,0.0,22.5,21.0,273.5,662.0,2100.0
6962181067,2016-03-21,75.33,441.0,61.5,24.03000069,11835.0,7.94000005722046,7.88000011444092,0.0,1.61500000953674,1.21000003814697,4.28500008583069,0.0,22.5,21.0,273.5,662.0,2100.0
6962181067,2016-03-22,75.33,568.0,61.5,24.03000069,11835.0,7.94000005722046,7.88000011444092,0.0,1.61500000953674,1.21000003814697,4.28500008583069,0.0,22.5,21.0,273.5,662.0,2100.0
6962181067,2016-03-23,75.33,573.0,61.5,24.03000069,11835.0,7.94000005722046,7.88000011444092,0.0,1.61500000953674,1.21000003814697,4.28500008583069,0.0,22.5,21.0,273.5,662.0,2100.0
6962181067,2016-03-24,75.33,489.0,61.5,24.03000069,11835.0,7.94000005722046,7.88000011444092,0.0,1.61500000953674,1.21000003814697,4.28500008583069,0.0,22.5,21.0,273.5,662.0,2100.0
6962181067,2016-03-25,75.33,556.0,61.5,24.03000069,11835.0,7.94000005722046,7.88000011444092,0.0,1.61500000953674,1.21000003814697,4.28500008583069,0.0,22.5,21.0,273.5,662.0,2100.0
6962181067,2016-03-26,75.33,500.0,61.5,24.03000069,11835.0,7.94000005722046,7.88000011444092,0.0,1.61500000953674,1.21000003814697,4.28500008583069,0.0,22.5,21.0,273.5,662.0,2100.0
6962181067,2016-03-27,75.33,591.0,61.5,24.03000069,11835.0,7.94000005722046,7.88000011444092,0.0,1.61500000953674,1.21000003814697,4.28500008583069,0.0,22.5,21.0,273.5,662.0,2100.0
6962181067,2016-03-28,75.33,564.0,61.5,24.03000069,11835.0,7.94000005722046,7.88000011444092,0.0,1.61500000953674,1.21000003814697,4.28500008583069,0.0,22.5,21.0,273.5,662.0,2100.0
6962181067,2016-03-29,75.33,401.0,61.5,24.03000069,11835.0,7.94000005722046,7.88000011444092,0.0,1.61500000953674,1.21000003814697,4.28500008583069,0.0,22.5,21.0,273.5,662.0,2100.0
6962181067,2016-03-30,74.42,447.0,61.5,24.03000069,15491.0,10.2399997711182,10.2399997711182,0.0,1.28999996185303,4.48999977111816,4.46000003814697,0.0,18.0,77.0,272.0,641.0,2244.0
6962181067,2016-03-30,75.33,487.0,61.5,24.03000069,15491.0,10.2399997711182,10.2399997711182,0.0,1.28999996185303,4.48999977111816,4.46000003814697,0.0,18.0,77.0,272.0,641.0,2244.0
6962181067,2016-03-31,74.57,551.0,61.5,24.03000069,14097.0,9.31999969482422,9.31999969482422,0.0,3.5,1.91999995708466,3.90000009536743,0.0,50.0,32.0,234.0,595.0,2188.0
6962181067,2016-03-31,75.33,487.0,61.5,24.03000069,14097.0,9.31999969482422,9.31999969482422,0.0,3.5,1.91999995708466,3.90000009536743,0.0,50.0,32.0,234.0,595.0,2188.0
6962181067,2016-04-01,73.77,537.0,61.5,24.03000069,10467.0,6.98000001907349,6.98000001907349,0.0,0.699999988079071,2.4300000667572,3.84999990463257,0.0,9.0,45.0,252.0,602.0,2014.0
6962181067,2016-04-01,75.33,487.0,60.90000153,23.78000069,10467.0,6.98000001907349,6.98000001907349,0.0,0.699999988079071,2.4300000667572,3.84999990463257,0.0,9.0,45.0,252.0,602.0,2014.0
6962181067,2016-04-02,74.93,432.0,61.5,24.03000069,12437.0,8.30000019073486,8.30000019073486,0.0,3.75999999046326,1.28999996185303,3.24000000953674,0.0,50.0,24.0,219.0,732.0,2115.0
6962181067,2016-04-02,75.33,487.0,61.20000076,23.88999939,12437.0,8.30000019073486,8.30000019073486,0.0,3.75999999046326,1.28999996185303,3.24000000953674,0.0,50.0,24.0,219.0,732.0,2115.0
6962181067,2016-04-03,75.01,604.0,61.5,24.03000069,12307.0,8.14000034332275,8.14000034332275,0.0,1.00999999046326,3.25999999046326,3.86999988555908,0.0,14.0,51.0,218.0,589.0,2055.0
6962181067,2016-04-03,75.33,487.0,61.5,24.03000069,12307.0,8.14000034332275,8.14000034332275,0.0,1.00999999046326,3.25999999046326,3.86999988555908,0.0,14.0,51.0,218.0,589.0,2055.0
6962181067,2016-04-04,75.88,439.0,61.5,24.03000069,18952.0,12.8000001907349,12.8000001907349,0.0,5.90999984741211,1.23000001907349,5.65999984741211,0.0,73.0,20.0,327.0,570.0,2437.0
6962181067,2016-04-04,75.33,487.0,62.40000153,24.35000038,18952.0,12.8000001907349,12.8000001907349,0.0,5.90999984741211,1.23000001907349,5.65999984741211,0.0,73.0,20.0,327.0,570.0,2437.0
6962181067,2016-04-05,74.99,462.0,61.5,24.03000069,12010.0,7.94000005722046,7.94000005722046,0.0,2.38000011444092,0.949999988079071,4.6100001335144,0.0,38.0,17.0,287.0,692.0,2158.0
6962181067,2016-04-05,75.33,487.0,61.70000076,24.10000038,12010.0,7.94000005722046,7.94000005722046,0.0,2.38000011444092,0.949999988079071,4.6100001335144,0.0,38.0,17.0,287.0,692.0,2158.0
6962181067,2016-04-06,75.36,532.0,61.5,24.03000069,12480.0,8.85999965667725,8.25,3.97279500961304,4.17999982833862,0.689999997615814,4.0,0.0,55.0,14.0,276.0,593.0,2170.0
6962181067,2016-04-06,75.33,487.0,62.20000076,24.28000069,12480.0,8.85999965667725,8.25,3.97279500961304,4.17999982833862,0.689999997615814,4.0,0.0,55.0,14.0,276.0,593.0,2170.0
6962181067,2016-04-07,76.72,437.0,61.5,24.03000069,13417.0,9.64999961853027,8.86999988555908,1.92630195617676,3.39000010490417,1.25,4.90999984741211,0.100000001490116,45.0,16.0,284.0,665.0,2244.0
6962181067,2016-04-07,75.33,487.0,62.20000076,24.28000069,13417.0,9.64999961853027,8.86999988555908,1.92630195617676,3.39000010490417,1.25,4.90999984741211,0.100000001490116,45.0,16.0,284.0,665.0,2244.0
6962181067,2016-04-08,76.43,404.0,61.5,24.03000069,14400.0,10.8800001144409,9.52000045776367,5.45686388015747,2.47000002861023,2.88000011444092,5.53000020980835,0.0,27.0,37.0,276.0,697.0,2188.0
6962181067,2016-04-08,75.33,487.0,61.70000076,24.10000038,14400.0,10.8800001144409,9.52000045776367,5.45686388015747,2.47000002861023,2.88000011444092,5.53000020980835,0.0,27.0,37.0,276.0,697.0,2188.0
6962181067,2016-04-09,78.97,480.0,61.5,24.03000069,12495.0,8.26000022888184,8.26000022888184,0.0,2.21000003814697,1.0900000333786,4.96000003814697,0.0,33.0,19.0,324.0,609.0,2231.0
6962181067,2016-04-09,75.33,487.0,62.09999847,24.23999977,12495.0,8.26000022888184,8.26000022888184,0.0,2.21000003814697,1.0900000333786,4.96000003814697,0.0,33.0,19.0,324.0,609.0,2231.0
6962181067,2016-04-10,77.82,444.0,61.5,24.03000069,10148.0,6.71000003814697,6.71000003814697,0.0,1.36000001430511,0.219999998807907,5.13000011444092,0.0,19.0,7.0,306.0,679.0,2100.0
6962181067,2016-04-10,75.33,487.0,62.5,24.38999939,10148.0,6.71000003814697,6.71000003814697,0.0,1.36000001430511,0.219999998807907,5.13000011444092,0.0,19.0,7.0,306.0,679.0,2100.0
6962181067,2016-04-11,76.04,419.0,61.5,24.03000069,12362.0,9.09000015258789,8.17000007629395,2.69645500183105,1.0900000333786,2.73000001907349,5.26999998092651,0.0,21.0,38.0,297.0,678.0,2188.0
6962181067,2016-04-11,75.33,487.0,62.20000076,24.28000069,12362.0,9.09000015258789,8.17000007629395,2.69645500183105,1.0900000333786,2.73000001907349,5.26999998092651,0.0,21.0,38.0,297.0,678.0,2188.0
6962181067,2016-04-12,76.76,826.0,61.5,24.03000069,16092.0,10.639999866485589,10.639999866485589,0.0,6.28000020980835,1.389999985694885,2.9699999988079098,0.0,93.0,23.0,237.0,942.0,2911.0
6962181067,2016-04-12,75.33,487.0,62.5,24.38999939,16092.0,10.639999866485589,10.639999866485589,0.0,6.28000020980835,1.389999985694885,2.9699999988079098,0.0,93.0,23.0,237.0,942.0,2911.0
6962181067,2016-04-12,75.33,487.0,62.5,24.38999939,16092.0,10.639999866485589,10.639999866485589,0.0,6.28000020980835,1.389999985694885,2.9699999988079098,0.0,93.0,23.0,237.0,942.0,2911.0
6962181067,2016-04-13,77.66,787.0,61.5,24.03000069,5652.0,3.74000000953674,3.74000000953674,0.0,0.569999992847443,1.21000003814697,1.96000003814697,0.0,8.0,24.0,142.0,548.0,1718.0
6962181067,2016-04-13,75.33,487.0,62.09999847,24.23999977,5652.0,3.74000000953674,3.74000000953674,0.0,0.569999992847443,1.21000003814697,1.96000003814697,0.0,8.0,24.0,142.0,548.0,1718.0
6962181067,2016-04-14,72.97,512.0,61.5,24.03000069,1551.0,1.02999997138977,1.02999997138977,0.0,0.0,0.0,1.02999997138977,0.0,0.0,0.0,86.0,862.0,1466.0
6962181067,2016-04-14,75.33,487.0,61.70000076,24.10000038,1551.0,1.02999997138977,1.02999997138977,0.0,0.0,0.0,1.02999997138977,0.0,0.0,0.0,86.0,862.0,1466.0
6962181067,2016-04-15,73.98,404.0,61.5,24.03000069,5563.0,3.6800000667572,3.6800000667572,0.0,0.0,0.0,3.6800000667572,0.0,0.0,0.0,217.0,837.0,1756.0
6962181067,2016-04-15,75.33,487.0,61.5,24.0,5563.0,3.6800000667572,3.6800000667572,0.0,0.0,0.0,3.6800000667572,0.0,0.0,0.0,217.0,837.0,1756.0
6962181067,2016-04-16,76.05,379.0,61.5,24.03000069,13217.0,8.73999977111816,8.73999977111816,0.0,3.66000008583069,0.189999997615814,4.88000011444092,0.0,50.0,3.0,280.0,741.0,2173.0
6962181067,2016-04-16,75.33,487.0,62.0,24.20999908,13217.0,8.73999977111816,8.73999977111816,0.0,3.66000008583069,0.189999997615814,4.88000011444092,0.0,50.0,3.0,280.0,741.0,2173.0
6962181067,2016-04-17,75.44,515.0,61.5,24.03000069,10145.0,6.71000003814697,6.71000003814697,0.0,0.330000013113022,0.680000007152557,5.69000005722046,0.0,5.0,13.0,295.0,634.0,2027.0
6962181067,2016-04-17,75.33,487.0,61.40000153,23.95999908,10145.0,6.71000003814697,6.71000003814697,0.0,0.330000013113022,0.680000007152557,5.69000005722046,0.0,5.0,13.0,295.0,634.0,2027.0
6962181067,2016-04-18,75.19,487.0,61.5,24.03000069,11404.0,7.53999996185303,7.53999996185303,0.0,0.829999983310699,2.39000010490417,4.32000017166138,0.0,13.0,42.0,238.0,689.0,2039.0
6962181067,2016-04-18,75.33,487.0,61.20000076,23.88999939,11404.0,7.53999996185303,7.53999996185303,0.0,0.829999983310699,2.39000010490417,4.32000017166138,0.0,13.0,42.0,238.0,689.0,2039.0
6962181067,2016-04-19,76.03,567.0,61.5,24.03000069,10742.0,7.09999990463257,7.09999990463257,0.0,2.09999990463257,2.13000011444092,2.86999988555908,0.0,35.0,41.0,195.0,659.0,2046.0
6962181067,2016-04-19,75.33,487.0,61.40000153,23.95999908,10742.0,7.09999990463257,7.09999990463257,0.0,2.09999990463257,2.13000011444092,2.86999988555908,0.0,35.0,41.0,195.0,659.0,2046.0
6962181067,2016-04-20,74.55,458.0,61.5,24.03000069,13928.0,9.55000019073486,9.55000019073486,0.0,4.28000020980835,0.189999997615814,5.09000015258789,0.0,48.0,4.0,297.0,639.0,2174.0
6962181067,2016-04-20,75.33,487.0,61.70000076,24.10000038,13928.0,9.55000019073486,9.55000019073486,0.0,4.28000020980835,0.189999997615814,5.09000015258789,0.0,48.0,4.0,297.0,639.0,2174.0
6962181067,2016-04-21,76.0,443.0,61.5,24.03000069,11835.0,9.71000003814697,7.88000011444092,4.08169221878052,3.99000000953674,2.09999990463257,3.50999999046326,0.109999999403954,53.0,27.0,214.0,708.0,2179.0
6962181067,2016-04-21,75.33,487.0,61.40000153,23.95999908,11835.0,9.71000003814697,7.88000011444092,4.08169221878052,3.99000000953674,2.09999990463257,3.50999999046326,0.109999999403954,53.0,27.0,214.0,708.0,2179.0
6962181067,2016-04-22,74.79,503.0,61.5,24.03000069,10725.0,7.09000015258789,7.09000015258789,0.0,1.76999998092651,1.54999995231628,3.76999998092651,0.0,30.0,33.0,240.0,659.0,2086.0
6962181067,2016-04-22,75.33,487.0,61.40000153,23.95999908,10725.0,7.09000015258789,7.09000015258789,0.0,1.76999998092651,1.54999995231628,3.76999998092651,0.0,30.0,33.0,240.0,659.0,2086.0
6962181067,2016-04-23,77.0,476.0,61.5,24.03000069,20031.0,13.2399997711182,13.2399997711182,0.0,4.19999980926514,2.0,7.03999996185303,0.0,58.0,41.0,347.0,484.0,2571.0
6962181067,2016-04-23,75.33,487.0,61.5,24.0,20031.0,13.2399997711182,13.2399997711182,0.0,4.19999980926514,2.0,7.03999996185303,0.0,58.0,41.0,347.0,484.0,2571.0
6962181067,2016-04-24,71.77,528.0,61.5,24.03000069,5029.0,3.3199999332428,3.3199999332428,0.0,0.0,0.0,3.3199999332428,0.0,0.0,0.0,199.0,720.0,1705.0
6962181067,2016-04-24,75.33,487.0,61.5,24.0,5029.0,3.3199999332428,3.3199999332428,0.0,0.0,0.0,3.3199999332428,0.0,0.0,0.0,199.0,720.0,1705.0
6962181067,2016-04-25,73.98,473.0,61.5,24.03000069,13239.0,9.27000045776367,9.07999992370605,2.78517508506775,3.01999998092651,1.67999994754791,4.46000003814697,0.100000001490116,35.0,31.0,282.0,637.0,2194.0
6962181067,2016-04-25,75.33,487.0,61.70000076,24.10000038,13239.0,9.27000045776367,9.07999992370605,2.78517508506775,3.01999998092651,1.67999994754791,4.46000003814697,0.100000001490116,35.0,31.0,282.0,637.0,2194.0
6962181067,2016-04-26,73.54,473.0,61.5,24.03000069,10433.0,6.90000009536743,6.90000009536743,0.0,2.57999992370605,0.419999986886978,3.90000009536743,0.0,36.0,7.0,254.0,680.0,2012.0
6962181067,2016-04-27,73.76,425.0,61.5,24.03000069,10320.0,6.82000017166138,6.82000017166138,0.0,0.550000011920929,2.01999998092651,4.25,0.0,7.0,38.0,279.0,697.0,2034.0
6962181067,2016-04-27,75.33,487.0,61.20000076,23.88999939,10320.0,6.82000017166138,6.82000017166138,0.0,0.550000011920929,2.01999998092651,4.25,0.0,7.0,38.0,279.0,697.0,2034.0
6962181067,2016-04-28,74.95,506.0,61.5,24.03000069,12627.0,8.35000038146973,8.35000038146973,0.0,2.50999999046326,0.239999994635582,5.59000015258789,0.0,38.0,8.0,288.0,621.0,2182.0
6962181067,2016-04-28,75.33,487.0,61.20000076,23.88999939,12627.0,8.35000038146973,8.35000038146973,0.0,2.50999999046326,0.239999994635582,5.59000015258789,0.0,38.0,8.0,288.0,621.0,2182.0
6962181067,2016-04-29,76.59,406.0,61.5,24.03000069,10762.0,7.1100001335144,7.1100001335144,0.0,0.819999992847443,0.479999989271164,5.80999994277954,0.0,12.0,15.0,369.0,645.0,2254.0
6962181067,2016-04-29,75.33,487.0,61.40000153,23.95999908,10762.0,7.1100001335144,7.1100001335144,0.0,0.819999992847443,0.479999989271164,5.80999994277954,0.0,12.0,15.0,369.0,645.0,2254.0
6962181067,2016-04-30,74.95,426.0,61.5,24.03000069,10081.0,6.65999984741211,6.65999984741211,0.0,2.24000000953674,0.759999990463257,3.67000007629395,0.0,32.0,16.0,237.0,731.0,2002.0
6962181067,2016-04-30,75.33,487.0,61.0,23.81999969,10081.0,6.65999984741211,6.65999984741211,0.0,2.24000000953674,0.759999990463257,3.67000007629395,0.0,32.0,16.0,237.0,731.0,2002.0
6962181067,2016-05-01,73.89,525.0,61.5,24.03000069,5454.0,3.60999989509583,3.60999989509583,0.0,0.0,0.0,3.60999989509583,0.0,0.0,0.0,215.0,722.0,1740.0
6962181067,2016-05-01,75.33,487.0,61.70000076,24.10000038,5454.0,3.60999989509583,3.60999989509583,0.0,0.0,0.0,3.60999989509583,0.0,0.0,0.0,215.0,722.0,1740.0
6962181067,2016-05-02,76.22,436.0,61.5,24.03000069,12912.0,8.53999996185303,8.53999996185303,0.0,1.20000004768372,2.0,5.34000015258789,0.0,18.0,39.0,313.0,655.0,2162.0
6962181067,2016-05-02,75.33,487.0,61.5,24.0,12912.0,8.53999996185303,8.53999996185303,0.0,1.20000004768372,2.0,5.34000015258789,0.0,18.0,39.0,313.0,655.0,2162.0
6962181067,2016-05-03,74.84,488.0,61.5,24.03000069,12109.0,8.11999988555908,8.11999988555908,0.0,1.74000000953674,2.03999996185303,4.32999992370605,0.0,21.0,36.0,267.0,654.0,2072.0
6962181067,2016-05-03,75.33,487.0,61.0,23.81999969,12109.0,8.11999988555908,8.11999988555908,0.0,1.74000000953674,2.03999996185303,4.32999992370605,0.0,21.0,36.0,267.0,654.0,2072.0
6962181067,2016-05-04,75.22,438.0,61.5,24.03000069,10147.0,6.71000003814697,6.71000003814697,0.0,0.469999998807907,1.67999994754791,4.55000019073486,0.0,15.0,36.0,284.0,683.0,2086.0
6962181067,2016-05-04,75.33,487.0,61.09999847,23.85000038,10147.0,6.71000003814697,6.71000003814697,0.0,0.469999998807907,1.67999994754791,4.55000019073486,0.0,15.0,36.0,284.0,683.0,2086.0
6962181067,2016-05-05,75.14,546.0,61.5,24.03000069,10524.0,6.96000003814697,6.96000003814697,0.0,0.990000009536743,1.1599999666214,4.80999994277954,0.0,14.0,22.0,305.0,591.0,2066.0
6962181067,2016-05-05,75.33,487.0,61.29999924,23.93000031,10524.0,6.96000003814697,6.96000003814697,0.0,0.990000009536743,1.1599999666214,4.80999994277954,0.0,14.0,22.0,305.0,591.0,2066.0
6962181067,2016-05-06,73.54,432.0,61.5,24.03000069,5908.0,3.91000008583069,3.91000008583069,0.0,0.0,0.0,3.91000008583069,0.0,0.0,0.0,299.0,717.0,1850.0
6962181067,2016-05-06,75.33,487.0,61.5,24.0,5908.0,3.91000008583069,3.91000008583069,0.0,0.0,0.0,3.91000008583069,0.0,0.0,0.0,299.0,717.0,1850.0
6962181067,2016-05-07,75.92,416.0,61.5,24.03000069,6815.0,4.5,4.5,0.0,0.0,0.0,4.5,0.0,0.0,0.0,328.0,745.0,1947.0
6962181067,2016-05-07,75.33,487.0,61.20000076,23.88999939,6815.0,4.5,4.5,0.0,0.0,0.0,4.5,0.0,0.0,0.0,328.0,745.0,1947.0
6962181067,2016-05-08,75.14,604.0,61.5,24.03000069,4188.0,2.76999998092651,2.76999998092651,0.0,0.0,0.519999980926514,2.25,0.0,0.0,14.0,151.0,709.0,1659.0
6962181067,2016-05-08,75.33,487.0,61.20000076,23.88999939,4188.0,2.76999998092651,2.76999998092651,0.0,0.0,0.519999980926514,2.25,0.0,0.0,14.0,151.0,709.0,1659.0
6962181067,2016-05-09,75.76,540.0,61.5,24.03000069,12342.0,8.72000026702881,8.68000030517578,3.16782188415527,3.90000009536743,1.17999994754791,3.65000009536743,0.0,43.0,21.0,231.0,607.0,2105.0
6962181067,2016-05-09,75.33,487.0,62.40000153,24.35000038,12342.0,8.72000026702881,8.68000030517578,3.16782188415527,3.90000009536743,1.17999994754791,3.65000009536743,0.0,43.0,21.0,231.0,607.0,2105.0
6962181067,2016-05-10,77.21,463.0,61.5,24.03000069,15448.0,10.210000038147,10.210000038147,0.0,3.47000002861023,1.75,4.98999977111816,0.0,62.0,34.0,275.0,626.0,2361.0
6962181067,2016-05-10,75.33,487.0,62.09999847,24.23999977,15448.0,10.210000038147,10.210000038147,0.0,3.47000002861023,1.75,4.98999977111816,0.0,62.0,34.0,275.0,626.0,2361.0
6962181067,2016-05-11,75.04,528.0,61.5,24.03000069,6722.0,4.44000005722046,4.44000005722046,0.0,1.49000000953674,0.310000002384186,2.65000009536743,0.0,24.0,7.0,199.0,709.0,1855.0
6962181067,2016-05-11,75.33,487.0,61.90000153,24.17000008,6722.0,4.44000005722046,4.44000005722046,0.0,1.49000000953674,0.310000002384186,2.65000009536743,0.0,24.0,7.0,199.0,709.0,1855.0
6962181067,2016-05-12,74.96,499.0,61.5,24.03000069,3587.0,2.36999988555908,2.36999988555908,0.0,0.0,0.25,2.10999989509583,0.0,0.0,8.0,105.0,127.0,928.0
6962181067,2016-05-12,75.33,487.0,61.90000153,24.17000008,3587.0,2.36999988555908,2.36999988555908,0.0,0.0,0.25,2.10999989509583,0.0,0.0,8.0,105.0,127.0,928.0
7007744171,2016-03-11,90.84,89.0,75.59999847,25.76000023,12862.0,9.1899995803833,8.60000038146973,0.0,3.78999996185303,0.699999988079071,4.96000003814697,0.0,48.0,16.0,292.0,1065.0,2763.0
7007744171,2016-03-12,90.84,89.0,75.59999847,25.76000023,12862.0,9.1899995803833,8.60000038146973,0.0,3.78999996185303,0.699999988079071,4.96000003814697,0.0,48.0,16.0,292.0,1065.0,2763.0
7007744171,2016-03-13,90.84,89.0,75.59999847,25.76000023,12862.0,9.1899995803833,8.60000038146973,0.0,3.78999996185303,0.699999988079071,4.96000003814697,0.0,48.0,16.0,292.0,1065.0,2763.0
7007744171,2016-03-14,90.84,89.0,75.59999847,25.76000023,12862.0,9.1899995803833,8.60000038146973,0.0,3.78999996185303,0.699999988079071,4.96000003814697,0.0,48.0,16.0,292.0,1065.0,2763.0
7007744171,2016-03-15,90.84,89.0,75.59999847,25.76000023,12862.0,9.1899995803833,8.60000038146973,0.0,3.78999996185303,0.699999988079071,4.96000003814697,0.0,48.0,16.0,292.0,1065.0,2763.0
7007744171,2016-03-16,90.84,89.0,75.59999847,25.76000023,12862.0,9.1899995803833,8.60000038146973,0.0,3.78999996185303,0.699999988079071,4.96000003814697,0.0,48.0,16.0,292.0,1065.0,2763.0
7007744171,2016-03-17,90.84,89.0,75.59999847,25.76000023,12862.0,9.1899995803833,8.60000038146973,0.0,3.78999996185303,0.699999988079071,4.96000003814697,0.0,48.0,16.0,292.0,1065.0,2763.0
7007744171,2016-03-18,90.84,89.0,75.59999847,25.76000023,12862.0,9.1899995803833,8.60000038146973,0.0,3.78999996185303,0.699999988079071,4.96000003814697,0.0,48.0,16.0,292.0,1065.0,2763.0
7007744171,2016-03-19,90.84,89.0,75.59999847,25.76000023,12862.0,9.1899995803833,8.60000038146973,0.0,3.78999996185303,0.699999988079071,4.96000003814697,0.0,48.0,16.0,292.0,1065.0,2763.0
7007744171,2016-03-20,90.84,89.0,75.59999847,25.76000023,12862.0,9.1899995803833,8.60000038146973,0.0,3.78999996185303,0.699999988079071,4.96000003814697,0.0,48.0,16.0,292.0,1065.0,2763.0
7007744171,2016-03-21,90.84,89.0,75.59999847,25.76000023,12862.0,9.1899995803833,8.60000038146973,0.0,3.78999996185303,0.699999988079071,4.96000003814697,0.0,48.0,16.0,292.0,1065.0,2763.0
7007744171,2016-03-22,90.84,89.0,75.59999847,25.76000023,12862.0,9.1899995803833,8.60000038146973,0.0,3.78999996185303,0.699999988079071,4.96000003814697,0.0,48.0,16.0,292.0,1065.0,2763.0
7007744171,2016-03-23,90.84,89.0,75.59999847,25.76000023,12862.0,9.1899995803833,8.60000038146973,0.0,3.78999996185303,0.699999988079071,4.96000003814697,0.0,48.0,16.0,292.0,1065.0,2763.0
7007744171,2016-03-24,90.84,72.0,75.59999847,25.76000023,12862.0,9.1899995803833,8.60000038146973,0.0,3.78999996185303,0.699999988079071,4.96000003814697,0.0,48.0,16.0,292.0,1065.0,2763.0
7007744171,2016-03-25,90.84,72.0,75.59999847,25.76000023,12862.0,9.1899995803833,8.60000038146973,0.0,3.78999996185303,0.699999988079071,4.96000003814697,0.0,48.0,16.0,292.0,1065.0,2763.0
7007744171,2016-03-26,90.84,72.0,75.59999847,25.76000023,12862.0,9.1899995803833,8.60000038146973,0.0,3.78999996185303,0.699999988079071,4.96000003814697,0.0,48.0,16.0,292.0,1065.0,2763.0
7007744171,2016-03-27,90.84,72.0,75.59999847,25.76000023,12862.0,9.1899995803833,8.60000038146973,0.0,3.78999996185303,0.699999988079071,4.96000003814697,0.0,48.0,16.0,292.0,1065.0,2763.0
7007744171,2016-03-28,90.84,72.0,75.59999847,25.76000023,12862.0,9.1899995803833,8.60000038146973,0.0,3.78999996185303,0.699999988079071,4.96000003814697,0.0,48.0,16.0,292.0,1065.0,2763.0
7007744171,2016-03-29,90.84,72.0,75.59999847,25.76000023,12862.0,9.1899995803833,8.60000038146973,0.0,3.78999996185303,0.699999988079071,4.96000003814697,0.0,48.0,16.0,292.0,1065.0,2763.0
7007744171,2016-03-30,90.84,65.0,75.59999847,25.76000023,12862.0,9.1899995803833,8.60000038146973,0.0,3.78999996185303,0.699999988079071,4.96000003814697,0.0,48.0,16.0,292.0,1065.0,2763.0
7007744171,2016-03-31,90.84,65.0,75.59999847,25.76000023,12862.0,9.1899995803833,8.60000038146973,0.0,3.78999996185303,0.699999988079071,4.96000003814697,0.0,48.0,16.0,292.0,1065.0,2763.0
7007744171,2016-04-01,89.64,65.0,75.59999847,25.76000023,11680.0,9.0600004196167,7.80999994277954,4.901282787323,4.48999977111816,0.330000013113022,4.23999977111816,0.0,50.0,7.0,244.0,1139.0,2573.0
7007744171,2016-04-02,89.65,84.0,75.59999847,25.76000023,10976.0,7.34000015258789,7.34000015258789,0.0,0.550000011920929,0.670000016689301,6.13000011444092,0.0,9.0,16.0,271.0,1075.0,2575.0
7007744171,2016-04-03,91.21,76.0,75.59999847,25.76000023,16806.0,11.2399997711182,11.2399997711182,0.0,6.40999984741211,1.37000000476837,3.47000002861023,0.0,104.0,31.0,230.0,1002.0,3086.0
7007744171,2016-04-04,90.38,76.0,75.59999847,25.76000023,15266.0,11.3999996185303,10.210000038147,5.18984985351563,5.80000019073486,0.759999990463257,4.78999996185303,0.0500000007450581,70.0,21.0,292.0,1057.0,2886.0
7007744171,2016-04-05,89.4,74.0,75.59999847,25.76000023,12084.0,9.14000034332275,8.07999992370605,4.83638000488281,4.3899998664856,0.46000000834465,4.28999996185303,0.0,50.0,6.0,284.0,1030.0,2676.0
7007744171,2016-04-06,90.89,74.0,75.59999847,25.76000023,13513.0,10.25,9.06999969482422,4.83572006225586,5.34999990463257,0.330000013113022,4.55999994277954,0.0,64.0,8.0,270.0,1098.0,2811.0
7007744171,2016-04-07,90.0,69.0,75.59999847,25.76000023,14100.0,10.5799999237061,9.43000030517578,4.87598991394043,5.09999990463257,1.19000005722046,4.28000020980835,0.0,61.0,33.0,265.0,1015.0,2840.0
7007744171,2016-04-08,91.7,69.0,75.59999847,25.76000023,12627.0,9.64999961853027,8.44999980926514,4.84231996536255,4.69999980926514,0.740000009536743,4.21000003814697,0.0,54.0,22.0,301.0,1063.0,2871.0
7007744171,2016-04-09,90.47,69.0,75.59999847,25.76000023,10345.0,6.92000007629395,6.92000007629395,0.0,0.0700000002980232,0.270000010728836,6.57999992370605,0.0,2.0,6.0,358.0,1074.0,2613.0
7007744171,2016-04-10,91.01,69.0,75.59999847,25.76000023,10146.0,6.78999996185303,6.78999996185303,0.0,0.0700000002980232,0.610000014305115,6.1100001335144,0.0,1.0,12.0,397.0,1030.0,2700.0
7007744171,2016-04-11,91.76,69.0,75.59999847,25.76000023,12168.0,8.14000034332275,8.14000034332275,0.0,1.04999995231628,0.790000021457672,6.28999996185303,0.0,18.0,27.0,375.0,1020.0,2871.0
7007744171,2016-04-12,92.26,69.0,75.59999847,25.76000023,21585.0,16.059999942779513,14.4399995803833,9.7395658493042,9.0,0.719999998807907,6.3499998450279245,0.0,106.0,14.0,398.0,1429.0,3960.0
7007744171,2016-04-13,91.52,69.0,75.59999847,25.76000023,12862.0,9.64999961853027,8.60000038146973,4.8513069152832,4.6100001335144,0.560000002384186,4.48000001907349,0.0,56.0,22.0,261.0,1101.0,2742.0
7007744171,2016-04-14,91.49,69.0,75.59999847,25.76000023,11179.0,8.23999977111816,7.48000001907349,3.28541493415833,2.95000004768372,0.340000003576279,4.96000003814697,0.0,34.0,6.0,304.0,1096.0,2668.0
7007744171,2016-04-15,89.05,69.0,75.59999847,25.76000023,5273.0,3.52999997138977,3.52999997138977,0.0,0.0,0.0,3.52999997138977,0.0,0.0,0.0,202.0,1238.0,2098.0
7007744171,2016-04-16,87.83,85.0,75.59999847,25.76000023,4631.0,3.09999990463257,3.09999990463257,0.0,0.0,0.0,3.09999990463257,0.0,0.0,0.0,203.0,1155.0,2076.0
7007744171,2016-04-17,89.42,85.0,75.59999847,25.76000023,8059.0,5.3899998664856,5.3899998664856,0.0,0.0,0.0,5.3899998664856,0.0,0.0,0.0,305.0,1135.0,2383.0
7007744171,2016-04-18,91.94,85.0,75.59999847,25.76000023,14816.0,10.9799995422363,9.90999984741211,4.93055009841919,3.78999996185303,2.11999988555908,5.05000019073486,0.0199999995529652,48.0,31.0,284.0,1077.0,2832.0
7007744171,2016-04-19,92.04,85.0,75.59999847,25.76000023,14194.0,10.4799995422363,9.5,4.94214200973511,4.40999984741211,0.759999990463257,5.30999994277954,0.0,53.0,17.0,304.0,1066.0,2812.0
7007744171,2016-04-20,92.76,85.0,75.59999847,25.76000023,15566.0,11.3100004196167,10.4099998474121,4.92484092712402,4.78999996185303,0.670000016689301,5.8600001335144,0.0,60.0,33.0,347.0,1000.0,3096.0
7007744171,2016-04-21,91.4,85.0,75.59999847,25.76000023,13744.0,9.1899995803833,9.1899995803833,0.0,2.15000009536743,1.87000000476837,5.17000007629395,0.0,30.0,34.0,327.0,1049.0,2763.0
7007744171,2016-04-22,92.03,85.0,75.59999847,25.76000023,15299.0,10.2399997711182,10.2399997711182,0.0,4.09999990463257,1.75999999046326,4.36999988555908,0.0,64.0,50.0,261.0,1065.0,2889.0
7007744171,2016-04-23,90.77,85.0,75.59999847,25.76000023,8093.0,5.40999984741211,5.40999984741211,0.0,0.129999995231628,1.12999999523163,4.15000009536743,0.0,2.0,25.0,223.0,1190.0,2284.0
7007744171,2016-04-24,91.46,85.0,75.59999847,25.76000023,11085.0,7.42000007629395,7.42000007629395,0.0,0.0,0.0,7.42000007629395,0.0,0.0,0.0,419.0,1021.0,2667.0
7007744171,2016-04-25,92.1,85.0,75.59999847,25.76000023,18229.0,13.3400001525879,12.1999998092651,4.86179208755493,4.30999994277954,1.37000000476837,7.67000007629395,0.0,51.0,24.0,379.0,986.0,3055.0
7007744171,2016-04-26,91.14,85.0,75.59999847,25.76000023,15090.0,10.1000003814697,10.1000003814697,0.0,0.930000007152557,0.939999997615814,8.22999954223633,0.0,16.0,22.0,424.0,978.0,2939.0
7007744171,2016-04-27,92.14,85.0,75.59999847,25.76000023,13541.0,10.2200002670288,9.0600004196167,4.88560485839844,4.26999998092651,0.660000026226044,5.28999996185303,0.0,50.0,12.0,337.0,1041.0,2830.0
7007744171,2016-04-28,90.62,85.0,75.59999847,25.76000023,15128.0,10.1199998855591,10.1199998855591,0.0,1.0900000333786,0.769999980926514,8.26000022888184,0.0,16.0,16.0,401.0,1007.0,2836.0
7007744171,2016-04-29,92.41,85.0,75.59999847,25.76000023,20067.0,14.3000001907349,13.4200000762939,4.91114616394043,4.30999994277954,2.04999995231628,7.94999980926514,0.0,55.0,42.0,382.0,961.0,3180.0
7007744171,2016-04-30,88.29,85.0,75.59999847,25.76000023,3761.0,2.51999998092651,2.51999998092651,0.0,0.0,0.0,2.51999998092651,0.0,0.0,0.0,200.0,1240.0,2051.0
7007744171,2016-05-01,89.27,64.0,75.59999847,25.76000023,5600.0,3.75,3.75,0.0,0.0,0.0,3.75,0.0,0.0,0.0,237.0,1142.0,2225.0
7007744171,2016-05-02,89.37,64.0,75.59999847,25.76000023,13041.0,9.18000030517578,8.72000026702881,2.83232593536377,4.6399998664856,0.699999988079071,3.82999992370605,0.0,64.0,14.0,250.0,1112.0,2642.0
7007744171,2016-05-03,92.0,64.0,75.59999847,25.76000023,14510.0,10.8699998855591,9.71000003814697,4.91236782073975,4.48000001907349,1.01999998092651,5.3600001335144,0.0,58.0,31.0,330.0,1021.0,2976.0
7007744171,2016-05-04,90.84,64.0,75.59999847,25.76000023,0.0,0.0,0.0,0.0,0.0,0.0,0.0,0.0,0.0,0.0,0.0,1440.0,1557.0
7007744171,2016-05-05,92.44,64.0,75.59999847,25.76000023,15010.0,11.1000003814697,10.039999961853,4.8782320022583,4.32999992370605,1.28999996185303,5.48000001907349,0.0,53.0,23.0,317.0,1047.0,2933.0
7007744171,2016-05-06,89.59,64.0,75.59999847,25.76000023,11459.0,7.67000007629395,7.67000007629395,0.0,3.0,0.810000002384186,3.85999989509583,0.0,44.0,13.0,247.0,1136.0,2553.0
7007744171,2016-05-07,90.84,64.0,75.59999847,25.76000023,0.0,0.0,0.0,0.0,0.0,0.0,0.0,0.0,0.0,0.0,0.0,111.0,120.0
7007744171,2016-05-08,90.84,64.0,75.59999847,25.76000023,12862.0,9.1899995803833,8.60000038146973,0.0,3.78999996185303,0.699999988079071,4.96000003814697,0.0,48.0,16.0,292.0,1065.0,2763.0
7007744171,2016-05-09,90.84,64.0,75.59999847,25.76000023,12862.0,9.1899995803833,8.60000038146973,0.0,3.78999996185303,0.699999988079071,4.96000003814697,0.0,48.0,16.0,292.0,1065.0,2763.0
7007744171,2016-05-10,90.84,64.0,75.59999847,25.76000023,12862.0,9.1899995803833,8.60000038146973,0.0,3.78999996185303,0.699999988079071,4.96000003814697,0.0,48.0,16.0,292.0,1065.0,2763.0
7007744171,2016-05-11,90.84,64.0,75.59999847,25.76000023,12862.0,9.1899995803833,8.60000038146973,0.0,3.78999996185303,0.699999988079071,4.96000003814697,0.0,48.0,16.0,292.0,1065.0,2763.0
7007744171,2016-05-12,93.64,64.0,75.59999847,25.76000023,12862.0,9.1899995803833,8.60000038146973,0.0,3.78999996185303,0.699999988079071,4.96000003814697,0.0,48.0,16.0,292.0,1065.0,2763.0
7086361926,2016-03-11,77.695,578.0,75.59999847,25.76000023,9693.5,6.52500009536743,6.52500009536743,0.0,2.30499994754791,0.6800000071525576,2.63499999046326,0.0,36.5,23.5,139.0,792.0,2674.0
7086361926,2016-03-12,79.25,578.0,75.59999847,25.76000023,9693.5,6.52500009536743,6.52500009536743,0.0,2.30499994754791,0.6800000071525576,2.63499999046326,0.0,36.5,23.5,139.0,792.0,2674.0
7086361926,2016-03-13,76.91,27.0,75.59999847,25.76000023,9693.5,6.52500009536743,6.52500009536743,0.0,2.30499994754791,0.6800000071525576,2.63499999046326,0.0,36.5,23.5,139.0,792.0,2674.0
7086361926,2016-03-14,74.6,443.0,75.59999847,25.76000023,9693.5,6.52500009536743,6.52500009536743,0.0,2.30499994754791,0.6800000071525576,2.63499999046326,0.0,36.5,23.5,139.0,792.0,2674.0
7086361926,2016-03-15,77.9,408.0,75.59999847,25.76000023,9693.5,6.52500009536743,6.52500009536743,0.0,2.30499994754791,0.6800000071525576,2.63499999046326,0.0,36.5,23.5,139.0,792.0,2674.0
7086361926,2016-03-16,78.38,421.0,75.59999847,25.76000023,9693.5,6.52500009536743,6.52500009536743,0.0,2.30499994754791,0.6800000071525576,2.63499999046326,0.0,36.5,23.5,139.0,792.0,2674.0
7086361926,2016-03-17,75.93,435.0,75.59999847,25.76000023,9693.5,6.52500009536743,6.52500009536743,0.0,2.30499994754791,0.6800000071525576,2.63499999046326,0.0,36.5,23.5,139.0,792.0,2674.0
7086361926,2016-03-18,74.45,435.0,75.59999847,25.76000023,9693.5,6.52500009536743,6.52500009536743,0.0,2.30499994754791,0.6800000071525576,2.63499999046326,0.0,36.5,23.5,139.0,792.0,2674.0
7086361926,2016-03-19,76.37,435.0,75.59999847,25.76000023,9693.5,6.52500009536743,6.52500009536743,0.0,2.30499994754791,0.6800000071525576,2.63499999046326,0.0,36.5,23.5,139.0,792.0,2674.0
7086361926,2016-03-20,79.85,472.0,75.59999847,25.76000023,9693.5,6.52500009536743,6.52500009536743,0.0,2.30499994754791,0.6800000071525576,2.63499999046326,0.0,36.5,23.5,139.0,792.0,2674.0
7086361926,2016-03-21,77.23,550.0,75.59999847,25.76000023,9693.5,6.52500009536743,6.52500009536743,0.0,2.30499994754791,0.6800000071525576,2.63499999046326,0.0,36.5,23.5,139.0,792.0,2674.0
7086361926,2016-03-22,79.84,550.0,75.59999847,25.76000023,9693.5,6.52500009536743,6.52500009536743,0.0,2.30499994754791,0.6800000071525576,2.63499999046326,0.0,36.5,23.5,139.0,792.0,2674.0
7086361926,2016-03-23,80.26,484.0,75.59999847,25.76000023,9693.5,6.52500009536743,6.52500009536743,0.0,2.30499994754791,0.6800000071525576,2.63499999046326,0.0,36.5,23.5,139.0,792.0,2674.0
7086361926,2016-03-24,75.8,484.0,75.59999847,25.76000023,9693.5,6.52500009536743,6.52500009536743,0.0,2.30499994754791,0.6800000071525576,2.63499999046326,0.0,36.5,23.5,139.0,792.0,2674.0
7086361926,2016-03-25,78.61,297.0,75.59999847,25.76000023,9693.5,6.52500009536743,6.52500009536743,0.0,2.30499994754791,0.6800000071525576,2.63499999046326,0.0,36.5,23.5,139.0,792.0,2674.0
7086361926,2016-03-26,75.26,349.0,75.59999847,25.76000023,9693.5,6.52500009536743,6.52500009536743,0.0,2.30499994754791,0.6800000071525576,2.63499999046326,0.0,36.5,23.5,139.0,792.0,2674.0
7086361926,2016-03-27,79.6,71.0,75.59999847,25.76000023,9693.5,6.52500009536743,6.52500009536743,0.0,2.30499994754791,0.6800000071525576,2.63499999046326,0.0,36.5,23.5,139.0,792.0,2674.0
7086361926,2016-03-28,74.53,250.0,75.59999847,25.76000023,9693.5,6.52500009536743,6.52500009536743,0.0,2.30499994754791,0.6800000071525576,2.63499999046326,0.0,36.5,23.5,139.0,792.0,2674.0
7086361926,2016-03-29,77.64,580.0,75.59999847,25.76000023,9693.5,6.52500009536743,6.52500009536743,0.0,2.30499994754791,0.6800000071525576,2.63499999046326,0.0,36.5,23.5,139.0,792.0,2674.0
7086361926,2016-03-30,78.91,710.0,75.59999847,25.76000023,9693.5,6.52500009536743,6.52500009536743,0.0,2.30499994754791,0.6800000071525576,2.63499999046326,0.0,36.5,23.5,139.0,792.0,2674.0
7086361926,2016-03-31,79.06,697.0,75.59999847,25.76000023,9693.5,6.52500009536743,6.52500009536743,0.0,2.30499994754791,0.6800000071525576,2.63499999046326,0.0,36.5,23.5,139.0,792.0,2674.0
7086361926,2016-04-01,78.05,475.0,75.59999847,25.76000023,11463.0,7.67000007629395,7.67000007629395,0.0,2.82999992370605,1.88999998569489,2.9300000667572,0.0,38.0,30.0,154.0,777.0,2496.0
7086361926,2016-04-02,79.66,580.0,75.59999847,25.76000023,87.0,0.0199999995529652,0.0199999995529652,0.0,0.0,0.0,0.0099999997764825,0.0,0.0,0.0,2.0,872.0,1641.0
7086361926,2016-04-03,79.65,580.0,75.59999847,25.76000023,1949.0,1.30999994277954,1.30999994277954,0.0,0.230000004172325,0.349999994039536,0.730000019073486,0.0,3.0,6.0,27.0,1404.0,1794.0
7086361926,2016-04-04,78.28,580.0,75.59999847,25.76000023,6101.0,3.86999988555908,3.86999988555908,0.0,0.529999971389771,0.230000004172325,3.09999990463257,0.0,31.0,24.0,138.0,1247.0,2421.0
7086361926,2016-04-05,80.12,93.0,75.59999847,25.76000023,7478.0,4.98999977111816,4.98999977111816,0.0,1.79999995231628,0.529999971389771,2.60999989509583,0.0299999993294477,25.0,33.0,132.0,1159.0,2439.0
7086361926,2016-04-06,77.14,485.0,75.59999847,25.76000023,7352.0,4.73000001907349,4.73000001907349,0.0,1.4099999666214,0.779999971389771,2.52999997138977,0.0,19.0,14.0,124.0,814.0,2233.0
7086361926,2016-04-07,77.75,521.0,75.59999847,25.76000023,14604.0,10.8199996948242,10.8199996948242,0.0,7.23000001907349,1.12000000476837,2.4300000667572,0.0299999993294477,76.0,30.0,127.0,695.0,2862.0
7086361926,2016-04-08,74.48,421.0,75.59999847,25.76000023,9634.0,6.51999998092651,6.51999998092651,0.0,2.5,1.39999997615814,2.58999991416931,0.0,50.0,48.0,140.0,797.0,2752.0
7086361926,2016-04-09,75.15,512.0,75.59999847,25.76000023,7338.0,4.67000007629395,4.67000007629395,0.0,1.08000004291534,0.129999995231628,3.46000003814697,0.0,27.0,5.0,204.0,717.0,2519.0
7086361926,2016-04-10,76.95,54.0,75.59999847,25.76000023,569.0,0.349999994039536,0.349999994039536,0.0,0.0,0.0,0.340000003576279,0.0,0.0,0.0,27.0,1368.0,1799.0
7086361926,2016-04-11,76.74,627.0,75.59999847,25.76000023,6242.0,3.92000007629395,3.92000007629395,0.0,0.740000009536743,0.230000004172325,2.9300000667572,0.0,46.0,22.0,126.0,741.0,2543.0
7086361926,2016-04-12,78.88,916.0,75.59999847,25.76000023,11747.0,8.669999837875366,8.669999837875366,0.0,5.26999998092651,0.150000005960464,3.2300000190734868,0.0,59.0,6.0,167.0,820.0,3397.0
7086361926,2016-04-13,77.64,494.0,75.59999847,25.76000023,5813.0,3.61999988555908,3.61999988555908,0.0,0.560000002384186,0.209999993443489,2.83999991416931,0.0,31.0,26.0,155.0,744.0,2516.0
7086361926,2016-04-14,76.18,398.0,75.59999847,25.76000023,9123.0,6.11999988555908,6.11999988555908,0.0,2.02999997138977,0.330000013113022,3.66000008583069,0.0,35.0,32.0,189.0,787.0,2734.0
7086361926,2016-04-15,80.06,396.0,75.59999847,25.76000023,8585.0,5.67000007629395,5.67000007629395,0.0,2.03999996185303,1.11000001430511,2.52999997138977,0.0,30.0,21.0,139.0,864.0,2395.0
7086361926,2016-04-16,80.26,396.0,75.59999847,25.76000023,31.0,0.0099999997764825,0.0099999997764825,0.0,0.0,0.0,0.0099999997764825,0.0,0.0,0.0,3.0,1437.0,1635.0
7086361926,2016-04-17,74.97,396.0,75.59999847,25.76000023,0.0,0.0,0.0,0.0,0.0,0.0,0.0,0.0,0.0,0.0,0.0,1440.0,1629.0
7086361926,2016-04-18,77.45,85.0,75.59999847,25.76000023,9827.0,6.71000003814697,6.71000003814697,0.0,3.17000007629395,1.22000002861023,2.30999994277954,0.0,61.0,51.0,114.0,1136.0,2743.0
7086361926,2016-04-19,75.43,519.0,75.59999847,25.76000023,10688.0,7.28999996185303,7.28999996185303,0.0,3.52999997138977,1.23000001907349,2.50999999046326,0.0,67.0,69.0,124.0,671.0,2944.0
7086361926,2016-04-20,77.83,402.0,75.59999847,25.76000023,14365.0,10.6400003433228,10.6400003433228,0.0,7.6399998664856,0.449999988079071,2.53999996185303,0.0,87.0,13.0,145.0,797.0,2997.0
7086361926,2016-04-21,76.28,500.0,75.59999847,25.76000023,9469.0,6.17999982833862,6.17999982833862,0.0,1.36000001430511,0.300000011920929,4.51000022888184,0.0,19.0,6.0,206.0,758.0,2463.0
7086361926,2016-04-22,79.74,414.0,75.59999847,25.76000023,9753.0,6.53000020980835,6.53000020980835,0.0,2.86999988555908,0.970000028610229,2.67000007629395,0.0,58.0,59.0,153.0,762.0,2846.0
7086361926,2016-04-23,77.76,414.0,75.59999847,25.76000023,2817.0,1.80999994277954,1.80999994277954,0.0,0.0,0.0,1.79999995231628,0.0,0.0,0.0,90.0,1350.0,1965.0
7086361926,2016-04-24,75.22,772.0,75.59999847,25.76000023,3520.0,2.16000008583069,2.16000008583069,0.0,0.0,0.0,2.15000009536743,0.0,0.0,0.0,125.0,566.0,2049.0
7086361926,2016-04-25,77.26,504.0,75.59999847,25.76000023,10091.0,6.82000017166138,6.82000017166138,0.0,3.75,0.699999988079071,2.36999988555908,0.0,69.0,39.0,129.0,706.0,2752.0
7086361926,2016-04-26,74.95,493.0,75.59999847,25.76000023,10387.0,7.07000017166138,7.07000017166138,0.0,4.15999984741211,0.769999980926514,2.11999988555908,0.0,70.0,33.0,132.0,726.0,2781.0
7086361926,2016-04-27,78.83,410.0,75.59999847,25.76000023,11107.0,8.34000015258789,8.34000015258789,0.0,5.63000011444092,0.180000007152557,2.52999997138977,0.0,55.0,6.0,145.0,829.0,2693.0
7086361926,2016-04-28,80.06,384.0,75.59999847,25.76000023,11584.0,7.80000019073486,7.80000019073486,0.0,2.78999996185303,1.63999998569489,3.35999989509583,0.0,54.0,48.0,161.0,810.0,2862.0
7086361926,2016-04-29,75.19,384.0,75.59999847,25.76000023,7881.0,4.94999980926514,4.94999980926514,0.0,0.490000009536743,0.449999988079071,4.0,0.0,24.0,36.0,182.0,1198.0,2616.0
7086361926,2016-04-30,77.19,495.0,75.59999847,25.76000023,14560.0,9.40999984741211,9.40999984741211,0.0,3.11999988555908,1.03999996185303,5.23999977111816,0.0,42.0,17.0,308.0,584.0,2995.0
7086361926,2016-05-01,75.7,491.0,75.59999847,25.76000023,12390.0,8.06999969482422,8.06999969482422,0.0,2.29999995231628,0.899999976158142,4.84999990463257,0.0,30.0,15.0,258.0,685.0,2730.0
7086361926,2016-05-02,77.96,483.0,75.59999847,25.76000023,10052.0,6.80999994277954,6.80999994277954,0.0,3.48000001907349,0.660000026226044,2.66000008583069,0.0,66.0,26.0,139.0,737.0,2754.0
7086361926,2016-05-03,74.45,440.0,75.59999847,25.76000023,10288.0,6.76000022888184,6.76000022888184,0.0,2.74000000953674,0.850000023841858,3.16000008583069,0.0,57.0,36.0,152.0,761.0,2754.0
7086361926,2016-05-04,78.99,418.0,75.59999847,25.76000023,10988.0,8.3100004196167,8.3100004196167,0.0,5.28000020980835,0.119999997317791,2.90000009536743,0.0,45.0,12.0,135.0,843.0,2655.0
7086361926,2016-05-05,77.44,418.0,75.59999847,25.76000023,8564.0,5.59999990463257,5.59999990463257,0.0,1.77999997138977,0.829999983310699,2.95000004768372,0.0,24.0,14.0,149.0,1253.0,2386.0
7086361926,2016-05-06,79.43,345.0,75.59999847,25.76000023,12461.0,8.38000011444092,8.38000011444092,0.0,3.8199999332428,1.42999994754791,3.11999988555908,0.0,84.0,35.0,154.0,834.0,2924.0
7086361926,2016-05-07,75.67,567.0,75.59999847,25.76000023,12827.0,8.47999954223633,8.47999954223633,0.0,1.46000003814697,2.32999992370605,4.67999982833862,0.0,20.0,42.0,209.0,621.0,2739.0
7086361926,2016-05-08,79.54,578.0,75.59999847,25.76000023,10677.0,7.09999990463257,7.09999990463257,0.0,2.30999994277954,1.52999997138977,3.25,0.0,32.0,27.0,147.0,695.0,2534.0
7086361926,2016-05-09,77.13,419.0,75.59999847,25.76000023,13566.0,9.10999965667725,9.10999965667725,0.0,4.26000022888184,1.71000003814697,3.11999988555908,0.0,67.0,50.0,171.0,743.0,2960.0
7086361926,2016-05-10,79.17,58.0,75.59999847,25.76000023,14433.0,10.789999961853,10.789999961853,0.0,7.1100001335144,1.20000004768372,2.45000004768372,0.0,72.0,23.0,106.0,1182.0,2800.0
7086361926,2016-05-11,77.84,475.0,75.59999847,25.76000023,9572.0,6.51999998092651,6.51999998092651,0.0,2.89000010490417,1.38999998569489,2.23000001907349,0.0,57.0,40.0,128.0,757.0,2735.0
7086361926,2016-05-12,80.43,413.0,75.59999847,25.76000023,3789.0,2.55999994277954,2.55999994277954,0.0,0.379999995231628,0.270000010728836,1.88999998569489,0.0,5.0,4.0,58.0,343.0,1199.0
8053475328,2016-03-11,81.53,506.0,75.59999847,25.76000023,15484.0,12.3999996185303,12.3999996185303,0.0,9.22000026702881,0.389999985694885,2.58999991416931,0.0,95.0,8.0,158.0,1177.0,3062.0
8053475328,2016-03-12,81.1,506.0,75.59999847,25.76000023,15484.0,12.3999996185303,12.3999996185303,0.0,9.22000026702881,0.389999985694885,2.58999991416931,0.0,95.0,8.0,158.0,1177.0,3062.0
8053475328,2016-03-13,79.37,506.0,75.59999847,25.76000023,15484.0,12.3999996185303,12.3999996185303,0.0,9.22000026702881,0.389999985694885,2.58999991416931,0.0,95.0,8.0,158.0,1177.0,3062.0
8053475328,2016-03-14,79.81,506.0,75.59999847,25.76000023,15484.0,12.3999996185303,12.3999996185303,0.0,9.22000026702881,0.389999985694885,2.58999991416931,0.0,95.0,8.0,158.0,1177.0,3062.0
8053475328,2016-03-15,83.21,506.0,75.59999847,25.76000023,15484.0,12.3999996185303,12.3999996185303,0.0,9.22000026702881,0.389999985694885,2.58999991416931,0.0,95.0,8.0,158.0,1177.0,3062.0
8053475328,2016-03-16,81.91,506.0,75.59999847,25.76000023,15484.0,12.3999996185303,12.3999996185303,0.0,9.22000026702881,0.389999985694885,2.58999991416931,0.0,95.0,8.0,158.0,1177.0,3062.0
8053475328,2016-03-17,84.1,506.0,75.59999847,25.76000023,15484.0,12.3999996185303,12.3999996185303,0.0,9.22000026702881,0.389999985694885,2.58999991416931,0.0,95.0,8.0,158.0,1177.0,3062.0
8053475328,2016-03-18,80.85,506.0,75.59999847,25.76000023,15484.0,12.3999996185303,12.3999996185303,0.0,9.22000026702881,0.389999985694885,2.58999991416931,0.0,95.0,8.0,158.0,1177.0,3062.0
8053475328,2016-03-19,84.6,506.0,75.59999847,25.76000023,15484.0,12.3999996185303,12.3999996185303,0.0,9.22000026702881,0.389999985694885,2.58999991416931,0.0,95.0,8.0,158.0,1177.0,3062.0
8053475328,2016-03-20,82.57,506.0,75.59999847,25.76000023,15484.0,12.3999996185303,12.3999996185303,0.0,9.22000026702881,0.389999985694885,2.58999991416931,0.0,95.0,8.0,158.0,1177.0,3062.0
8053475328,2016-03-21,83.86,506.0,75.59999847,25.76000023,15484.0,12.3999996185303,12.3999996185303,0.0,9.22000026702881,0.389999985694885,2.58999991416931,0.0,95.0,8.0,158.0,1177.0,3062.0
8053475328,2016-03-22,83.88,506.0,75.59999847,25.76000023,15484.0,12.3999996185303,12.3999996185303,0.0,9.22000026702881,0.389999985694885,2.58999991416931,0.0,95.0,8.0,158.0,1177.0,3062.0
8053475328,2016-03-23,79.71,506.0,75.59999847,25.76000023,15484.0,12.3999996185303,12.3999996185303,0.0,9.22000026702881,0.389999985694885,2.58999991416931,0.0,95.0,8.0,158.0,1177.0,3062.0
8053475328,2016-03-24,79.22,506.0,75.59999847,25.76000023,15484.0,12.3999996185303,12.3999996185303,0.0,9.22000026702881,0.389999985694885,2.58999991416931,0.0,95.0,8.0,158.0,1177.0,3062.0
8053475328,2016-03-25,84.56,506.0,75.59999847,25.76000023,15484.0,12.3999996185303,12.3999996185303,0.0,9.22000026702881,0.389999985694885,2.58999991416931,0.0,95.0,8.0,158.0,1177.0,3062.0
8053475328,2016-03-26,80.0,506.0,75.59999847,25.76000023,15484.0,12.3999996185303,12.3999996185303,0.0,9.22000026702881,0.389999985694885,2.58999991416931,0.0,95.0,8.0,158.0,1177.0,3062.0
8053475328,2016-03-27,84.4,506.0,75.59999847,25.76000023,15484.0,12.3999996185303,12.3999996185303,0.0,9.22000026702881,0.389999985694885,2.58999991416931,0.0,95.0,8.0,158.0,1177.0,3062.0
8053475328,2016-03-28,82.05,506.0,75.59999847,25.76000023,15484.0,12.3999996185303,12.3999996185303,0.0,9.22000026702881,0.389999985694885,2.58999991416931,0.0,95.0,8.0,158.0,1177.0,3062.0
8053475328,2016-03-29,82.19,506.0,75.59999847,25.76000023,15484.0,12.3999996185303,12.3999996185303,0.0,9.22000026702881,0.389999985694885,2.58999991416931,0.0,95.0,8.0,158.0,1177.0,3062.0
8053475328,2016-03-30,79.06,506.0,75.59999847,25.76000023,15484.0,12.3999996185303,12.3999996185303,0.0,9.22000026702881,0.389999985694885,2.58999991416931,0.0,95.0,8.0,158.0,1177.0,3062.0
8053475328,2016-03-31,81.41,506.0,75.59999847,25.76000023,15484.0,12.3999996185303,12.3999996185303,0.0,9.22000026702881,0.389999985694885,2.58999991416931,0.0,95.0,8.0,158.0,1177.0,3062.0
8053475328,2016-04-01,80.5,506.0,75.59999847,25.76000023,15484.0,12.3999996185303,12.3999996185303,0.0,9.22000026702881,0.389999985694885,2.58999991416931,0.0,95.0,8.0,158.0,1177.0,3062.0
8053475328,2016-04-02,80.29,506.0,75.59999847,25.76000023,20188.0,15.6199998855591,15.6199998855591,0.0,12.0600004196167,0.850000023841858,2.71000003814697,0.0,124.0,19.0,172.0,1125.0,3377.0
8053475328,2016-04-03,82.34,506.0,75.59999847,25.76000023,25701.0,20.1399993896484,20.1399993896484,0.0,16.8199996948242,1.62999999523163,1.69000005722046,0.0,165.0,36.0,97.0,1142.0,3697.0
8053475328,2016-04-04,79.25,506.0,75.59999847,25.76000023,17395.0,13.210000038147,13.210000038147,0.0,9.67000007629395,0.180000007152557,3.34999990463257,0.0,100.0,4.0,213.0,1123.0,3209.0
8053475328,2016-04-05,83.02,506.0,75.59999847,25.76000023,17167.0,13.4099998474121,13.4099998474121,0.0,9.96000003814697,0.310000002384186,3.14000010490417,0.0,98.0,8.0,184.0,1150.0,3167.0
8053475328,2016-04-06,81.64,506.0,75.59999847,25.76000023,16435.0,12.4200000762939,12.4200000762939,0.0,8.96000003814697,0.550000011920929,2.91000008583069,0.0,100.0,14.0,191.0,1135.0,3122.0
8053475328,2016-04-07,80.54,506.0,75.59999847,25.76000023,17078.0,13.1999998092651,13.1999998092651,0.0,9.97000026702881,0.239999994635582,2.99000000953674,0.0,101.0,6.0,190.0,1143.0,3176.0
8053475328,2016-04-08,80.68,506.0,75.59999847,25.76000023,11693.0,9.53999996185303,9.53999996185303,0.0,6.76999998092651,0.259999990463257,2.5,0.0,60.0,6.0,153.0,1221.0,2790.0
8053475328,2016-04-09,81.81,506.0,75.59999847,25.76000023,11159.0,9.14000034332275,9.14000034332275,0.0,6.69000005722046,0.25,2.19000005722046,0.0,59.0,6.0,120.0,1255.0,2715.0
8053475328,2016-04-10,78.95,506.0,75.59999847,25.76000023,10118.0,7.73000001907349,7.73000001907349,0.0,3.04999995231628,0.800000011920929,3.88000011444092,0.0,30.0,18.0,207.0,1185.0,2684.0
8053475328,2016-04-11,84.31,506.0,75.59999847,25.76000023,16064.0,12.7200002670288,12.7200002670288,0.0,9.97999954223633,0.360000014305115,2.38000011444092,0.0,96.0,8.0,155.0,1181.0,3097.0
8053475328,2016-04-12,79.26,506.0,75.59999847,25.76000023,18350.0,14.329999879002589,14.329999879002589,0.0,11.6400003433228,0.389999985694885,2.309999898076059,0.0,116.0,8.0,139.0,1792.0,3977.0
8053475328,2016-04-13,83.23,506.0,75.59999847,25.76000023,16433.0,13.3500003814697,13.3500003814697,0.0,10.4300003051758,0.469999998807907,2.45000004768372,0.0,95.0,12.0,156.0,1177.0,3140.0
8053475328,2016-04-14,81.42,506.0,75.59999847,25.76000023,20159.0,15.9700002670288,15.9700002670288,0.0,12.3400001525879,0.209999993443489,3.35999989509583,0.0,119.0,5.0,193.0,1123.0,3411.0
8053475328,2016-04-15,82.55,506.0,75.59999847,25.76000023,20669.0,16.2399997711182,16.2399997711182,0.0,13.2600002288818,0.389999985694885,2.58999991416931,0.0,132.0,8.0,158.0,1142.0,3410.0
8053475328,2016-04-16,81.88,506.0,75.59999847,25.76000023,14549.0,11.1099996566772,11.1099996566772,0.0,9.35999965667725,0.270000010728836,1.49000000953674,0.0,96.0,6.0,83.0,1255.0,2867.0
8053475328,2016-04-17,81.16,506.0,75.59999847,25.76000023,18827.0,13.6899995803833,13.6899995803833,0.0,9.23999977111816,0.800000011920929,3.64000010490417,0.0,111.0,21.0,195.0,1113.0,3213.0
8053475328,2016-04-18,84.38,506.0,75.59999847,25.76000023,17076.0,12.6599998474121,12.6599998474121,0.0,9.07999992370605,0.230000004172325,3.34999990463257,0.0,102.0,6.0,195.0,1137.0,3133.0
8053475328,2016-04-19,81.78,506.0,75.59999847,25.76000023,15929.0,12.4799995422363,12.4799995422363,0.0,9.22000026702881,0.310000002384186,2.95000004768372,0.0,90.0,7.0,191.0,1152.0,3114.0
8053475328,2016-04-20,80.13,503.0,75.59999847,25.76000023,15108.0,12.1899995803833,12.1899995803833,0.0,9.57999992370605,0.230000004172325,2.38000011444092,0.0,89.0,5.0,158.0,695.0,3043.0
8053475328,2016-04-21,80.87,503.0,75.59999847,25.76000023,16057.0,12.5100002288818,12.5100002288818,0.0,9.67000007629395,0.25,2.57999992370605,0.0,100.0,6.0,170.0,1164.0,3103.0
8053475328,2016-04-22,78.7,503.0,75.59999847,25.76000023,10520.0,8.28999996185303,8.28999996185303,0.0,6.26000022888184,0.150000005960464,1.87999999523163,0.0,60.0,3.0,117.0,1260.0,2655.0
8053475328,2016-04-23,84.22,348.0,75.59999847,25.76000023,22359.0,17.1900005340576,17.1900005340576,0.0,12.539999961853,0.629999995231628,4.01999998092651,0.0,125.0,14.0,223.0,741.0,3554.0
8053475328,2016-04-24,78.78,348.0,75.59999847,25.76000023,22988.0,17.9500007629395,17.9500007629395,0.0,13.1300001144409,1.54999995231628,3.25999999046326,0.0,129.0,33.0,182.0,1096.0,3577.0
8053475328,2016-04-25,78.7,348.0,75.59999847,25.76000023,20500.0,15.6899995803833,15.6899995803833,0.0,11.3699998855591,0.46000000834465,3.85999989509583,0.0,118.0,9.0,209.0,1104.0,3403.0
8053475328,2016-04-26,79.2,348.0,75.59999847,25.76000023,12685.0,9.61999988555908,9.61999988555908,0.0,6.30999994277954,0.200000002980232,3.09999990463257,0.0,68.0,5.0,185.0,1182.0,2846.0
8053475328,2016-04-27,82.67,348.0,75.59999847,25.76000023,12422.0,9.81999969482422,9.81999969482422,0.0,6.46000003814697,0.430000007152557,2.9300000667572,0.0,60.0,10.0,183.0,1187.0,2852.0
8053475328,2016-04-28,83.15,348.0,75.59999847,25.76000023,15447.0,12.3999996185303,12.3999996185303,0.0,9.67000007629395,0.389999985694885,2.34999990463257,0.0,90.0,9.0,153.0,1188.0,3062.0
8053475328,2016-04-29,78.7,348.0,75.59999847,25.76000023,12315.0,9.64999961853027,9.64999961853027,0.0,6.17000007629395,0.310000002384186,3.17000007629395,0.0,58.0,8.0,159.0,1215.0,2794.0
8053475328,2016-04-30,79.77,348.0,75.59999847,25.76000023,7135.0,5.59000015258789,5.59000015258789,0.0,2.99000000953674,0.0599999986588955,2.53999996185303,0.0,27.0,1.0,131.0,1281.0,2408.0
8053475328,2016-05-01,82.58,348.0,75.59999847,25.76000023,1170.0,0.850000023841858,0.850000023841858,0.0,0.0,0.0,0.850000023841858,0.0,0.0,0.0,51.0,1389.0,1886.0
8053475328,2016-05-02,80.09,348.0,75.59999847,25.76000023,1969.0,1.42999994754791,1.42999994754791,0.0,0.0,0.0,1.42999994754791,0.0,0.0,0.0,95.0,1345.0,1988.0
8053475328,2016-05-03,80.87,348.0,75.59999847,25.76000023,15484.0,11.8999996185303,11.8999996185303,0.0,8.39000034332275,0.930000007152557,2.58999991416931,0.0,87.0,22.0,165.0,1166.0,3023.0
8053475328,2016-05-04,78.92,348.0,75.59999847,25.76000023,14581.0,11.1499996185303,11.1499996185303,0.0,8.81999969482422,0.400000005960464,1.9099999666214,0.0,89.0,8.0,123.0,1220.0,2918.0
8053475328,2016-05-05,82.73,348.0,75.59999847,25.76000023,14990.0,11.5100002288818,11.5100002288818,0.0,8.85000038146973,0.449999988079071,2.21000003814697,0.0,93.0,9.0,130.0,1208.0,2950.0
8053475328,2016-05-06,83.11,348.0,75.59999847,25.76000023,13953.0,11.0,11.0,0.0,9.10000038146973,0.689999997615814,1.21000003814697,0.0,90.0,15.0,90.0,1245.0,2859.0
8053475328,2016-05-07,82.75,77.0,75.59999847,25.76000023,19769.0,15.6700000762939,15.6700000762939,0.0,12.4399995803833,0.879999995231628,2.34999990463257,0.0,121.0,20.0,148.0,1076.0,3331.0
8053475328,2016-05-08,83.79,77.0,75.59999847,25.76000023,22026.0,17.6499996185303,17.6499996185303,0.0,13.3999996185303,0.589999973773956,3.66000008583069,0.0,125.0,14.0,228.0,1073.0,3589.0
8053475328,2016-05-09,78.68,77.0,75.59999847,25.76000023,12465.0,9.38000011444092,9.38000011444092,0.0,6.11999988555908,0.569999992847443,2.69000005722046,0.0,66.0,12.0,148.0,1214.0,2765.0
8053475328,2016-05-10,81.92,77.0,75.59999847,25.76000023,14810.0,11.3599996566772,11.3599996566772,0.0,9.09000015258789,0.419999986886978,1.85000002384186,0.0,96.0,10.0,115.0,1219.0,2926.0
8053475328,2016-05-11,82.03,77.0,75.59999847,25.76000023,12209.0,9.39999961853027,9.39999961853027,0.0,6.07999992370605,0.280000001192093,3.03999996185303,0.0,60.0,7.0,184.0,1189.0,2809.0
8053475328,2016-05-12,80.49,77.0,75.59999847,25.76000023,4998.0,3.91000008583069,3.91000008583069,0.0,2.95000004768372,0.200000002980232,0.759999990463257,0.0,28.0,4.0,39.0,839.0,1505.0
8253242879,2016-03-12,80.0,,75.59999847,29.54999924,5181.0,3.42000007629395,3.42000007629395,0.0,0.540000021457672,0.230000004172325,1.50999999046326,0.0,8.0,5.0,107.0,1303.0,1776.0
8253242879,2016-03-13,76.2,,75.59999847,29.54999924,5181.0,3.42000007629395,3.42000007629395,0.0,0.540000021457672,0.230000004172325,1.50999999046326,0.0,8.0,5.0,107.0,1303.0,1776.0
8253242879,2016-03-14,76.15,,75.59999847,29.54999924,5181.0,3.42000007629395,3.42000007629395,0.0,0.540000021457672,0.230000004172325,1.50999999046326,0.0,8.0,5.0,107.0,1303.0,1776.0
8253242879,2016-03-15,77.49,,75.59999847,29.54999924,5181.0,3.42000007629395,3.42000007629395,0.0,0.540000021457672,0.230000004172325,1.50999999046326,0.0,8.0,5.0,107.0,1303.0,1776.0
8253242879,2016-03-16,79.2,,75.59999847,29.54999924,5181.0,3.42000007629395,3.42000007629395,0.0,0.540000021457672,0.230000004172325,1.50999999046326,0.0,8.0,5.0,107.0,1303.0,1776.0
8253242879,2016-03-17,81.02,,75.59999847,29.54999924,5181.0,3.42000007629395,3.42000007629395,0.0,0.540000021457672,0.230000004172325,1.50999999046326,0.0,8.0,5.0,107.0,1303.0,1776.0
8253242879,2016-03-18,77.54,,75.59999847,29.54999924,5181.0,3.42000007629395,3.42000007629395,0.0,0.540000021457672,0.230000004172325,1.50999999046326,0.0,8.0,5.0,107.0,1303.0,1776.0
8253242879,2016-03-19,78.47,,75.59999847,29.54999924,5181.0,3.42000007629395,3.42000007629395,0.0,0.540000021457672,0.230000004172325,1.50999999046326,0.0,8.0,5.0,107.0,1303.0,1776.0
8253242879,2016-03-20,80.56,,75.59999847,29.54999924,5181.0,3.42000007629395,3.42000007629395,0.0,0.540000021457672,0.230000004172325,1.50999999046326,0.0,8.0,5.0,107.0,1303.0,1776.0
8253242879,2016-03-21,81.22,,75.59999847,29.54999924,5181.0,3.42000007629395,3.42000007629395,0.0,0.540000021457672,0.230000004172325,1.50999999046326,0.0,8.0,5.0,107.0,1303.0,1776.0
8253242879,2016-03-22,81.35,,75.59999847,29.54999924,5181.0,3.42000007629395,3.42000007629395,0.0,0.540000021457672,0.230000004172325,1.50999999046326,0.0,8.0,5.0,107.0,1303.0,1776.0
8253242879,2016-03-23,81.48,,75.59999847,29.54999924,5181.0,3.42000007629395,3.42000007629395,0.0,0.540000021457672,0.230000004172325,1.50999999046326,0.0,8.0,5.0,107.0,1303.0,1776.0
8253242879,2016-03-24,78.12,,75.59999847,29.54999924,5181.0,3.42000007629395,3.42000007629395,0.0,0.540000021457672,0.230000004172325,1.50999999046326,0.0,8.0,5.0,107.0,1303.0,1776.0
8253242879,2016-03-25,76.84,,75.59999847,29.54999924,5181.0,3.42000007629395,3.42000007629395,0.0,0.540000021457672,0.230000004172325,1.50999999046326,0.0,8.0,5.0,107.0,1303.0,1776.0
8253242879,2016-03-26,80.38,,75.59999847,29.54999924,5181.0,3.42000007629395,3.42000007629395,0.0,0.540000021457672,0.230000004172325,1.50999999046326,0.0,8.0,5.0,107.0,1303.0,1776.0
8253242879,2016-03-27,78.62,,75.59999847,29.54999924,5181.0,3.42000007629395,3.42000007629395,0.0,0.540000021457672,0.230000004172325,1.50999999046326,0.0,8.0,5.0,107.0,1303.0,1776.0
8253242879,2016-03-28,81.63,,75.59999847,29.54999924,5181.0,3.42000007629395,3.42000007629395,0.0,0.540000021457672,0.230000004172325,1.50999999046326,0.0,8.0,5.0,107.0,1303.0,1776.0
8253242879,2016-03-29,76.43,,75.59999847,29.54999924,5181.0,3.42000007629395,3.42000007629395,0.0,0.540000021457672,0.230000004172325,1.50999999046326,0.0,8.0,5.0,107.0,1303.0,1776.0
8253242879,2016-03-30,80.85,,75.59999847,29.54999924,5181.0,3.42000007629395,3.42000007629395,0.0,0.540000021457672,0.230000004172325,1.50999999046326,0.0,8.0,5.0,107.0,1303.0,1776.0
8253242879,2016-03-31,77.55,,75.59999847,29.54999924,5181.0,3.42000007629395,3.42000007629395,0.0,0.540000021457672,0.230000004172325,1.50999999046326,0.0,8.0,5.0,107.0,1303.0,1776.0
8253242879,2016-04-01,77.74,,75.59999847,29.54999924,0.0,0.0,0.0,0.0,0.0,0.0,0.0,0.0,0.0,0.0,0.0,1440.0,1429.0
8253242879,2016-04-02,77.58,,75.59999847,29.54999924,0.0,0.0,0.0,0.0,0.0,0.0,0.0,0.0,0.0,0.0,0.0,1440.0,1429.0
8253242879,2016-04-03,76.43,,75.59999847,29.54999924,0.0,0.0,0.0,0.0,0.0,0.0,0.0,0.0,0.0,0.0,0.0,1440.0,1429.0
8253242879,2016-04-04,80.49,,75.59999847,29.54999924,0.0,0.0,0.0,0.0,0.0,0.0,0.0,0.0,0.0,0.0,0.0,1440.0,1429.0
8253242879,2016-04-05,79.43,,75.59999847,29.54999924,0.0,0.0,0.0,0.0,0.0,0.0,0.0,0.0,0.0,0.0,0.0,1440.0,1429.0
8253242879,2016-04-06,78.99,,75.59999847,29.54999924,1931.0,1.27999997138977,1.27999997138977,0.0,0.0,0.0,1.27999997138977,0.0,0.0,0.0,94.0,1346.0,1607.0
8253242879,2016-04-07,79.31,,75.59999847,29.54999924,5181.0,3.42000007629395,3.42000007629395,0.0,1.0,0.910000026226044,1.50999999046326,0.0099999997764825,15.0,15.0,107.0,1303.0,1776.0
8253242879,2016-04-07,79.195,,75.59999847,29.54999924,5181.0,3.42000007629395,3.42000007629395,0.0,1.0,0.910000026226044,1.50999999046326,0.0099999997764825,15.0,15.0,107.0,1303.0,1776.0
8253242879,2016-04-08,80.6,,75.59999847,29.54999924,12026.0,9.14999961853027,9.14999961853027,0.0,5.69999980926514,0.930000007152557,2.50999999046326,0.0,47.0,13.0,150.0,1230.0,2162.0
8253242879,2016-04-09,79.15,,75.59999847,29.54999924,5360.0,3.53999996185303,3.53999996185303,0.0,0.540000021457672,1.54999995231628,1.46000003814697,0.0,8.0,28.0,148.0,1256.0,1832.0
8253242879,2016-04-10,76.83,,75.59999847,29.54999924,2545.0,1.67999994754791,1.67999994754791,0.0,0.0,0.0,1.66999995708466,0.0199999995529652,0.0,0.0,126.0,1314.0,1657.0
8253242879,2016-04-11,80.31,,75.59999847,29.54999924,1636.0,1.08000004291534,1.08000004291534,0.0,0.0,0.0,1.08000004291534,0.0,0.0,0.0,86.0,1139.0,1377.0
8253242879,2016-04-12,78.5,,75.59999847,29.54999924,9033.0,7.15999984741211,7.15999984741211,0.0,5.42999982833862,0.140000000596046,1.5900000333786,0.0,40.0,2.0,154.0,2684.0,2044.0
8253242879,2016-04-13,77.81,,75.59999847,29.54999924,8053.0,6.09999990463257,6.09999990463257,0.0,4.17000007629395,0.629999995231628,1.30999994277954,0.0,35.0,11.0,96.0,1298.0,1935.0
8253242879,2016-04-14,79.53,,75.59999847,29.54999924,5234.0,3.46000003814697,3.46000003814697,0.0,1.92999994754791,0.990000009536743,0.540000021457672,0.0,29.0,16.0,33.0,1362.0,1705.0
8253242879,2016-04-15,77.01,,75.59999847,29.54999924,2672.0,1.76999998092651,1.76999998092651,0.0,0.0,0.0,1.75999999046326,0.0,0.0,0.0,105.0,1335.0,1632.0
8253242879,2016-04-16,80.1,,75.59999847,29.54999924,9256.0,6.1399998664856,6.1399998664856,0.0,0.430000007152557,3.26999998092651,2.45000004768372,0.0,6.0,51.0,115.0,1268.0,1880.0
8253242879,2016-04-17,78.39,,75.59999847,29.54999924,10204.0,7.90999984741211,7.90999984741211,0.0,5.42999982833862,0.150000005960464,2.32999992370605,0.0,41.0,5.0,157.0,1237.0,2112.0
8253242879,2016-04-18,79.92,,75.59999847,29.54999924,5151.0,3.48000001907349,3.48000001907349,0.0,1.03999996185303,0.629999995231628,1.79999995231628,0.0,16.0,16.0,130.0,1278.0,1829.0
8253242879,2016-04-19,78.44,,75.59999847,29.54999924,4212.0,2.77999997138977,2.77999997138977,0.0,0.0,0.0,2.77999997138977,0.0,0.0,0.0,164.0,1276.0,1763.0
8253242879,2016-04-20,80.9,,75.59999847,29.54999924,6466.0,4.26999998092651,4.26999998092651,0.0,0.330000013113022,0.819999992847443,3.10999989509583,0.0099999997764825,5.0,18.0,216.0,1201.0,1931.0
8253242879,2016-04-21,79.32,,75.59999847,29.54999924,11268.0,8.5600004196167,8.5600004196167,0.0,5.88000011444092,0.930000007152557,1.75,0.0,49.0,20.0,172.0,1199.0,2218.0
8253242879,2016-04-22,80.27,,75.59999847,29.54999924,2824.0,1.87000000476837,1.87000000476837,0.0,0.0,0.0,1.87000000476837,0.0,0.0,0.0,120.0,1320.0,1651.0
8253242879,2016-04-23,77.19,,75.59999847,29.54999924,9282.0,6.26000022888184,6.26000022888184,0.0,2.08999991416931,1.03999996185303,3.13000011444092,0.0,30.0,26.0,191.0,1193.0,2132.0
8253242879,2016-04-24,81.89,,75.59999847,29.54999924,8905.0,7.13000011444092,7.13000011444092,0.0,5.59999990463257,0.189999997615814,1.3400000333786,0.0,41.0,4.0,82.0,1313.0,1976.0
8253242879,2016-04-25,79.55,,75.59999847,29.54999924,6829.0,4.51000022888184,4.51000022888184,0.0,0.360000014305115,2.39000010490417,1.76999998092651,0.0,7.0,54.0,118.0,1261.0,1909.0
8253242879,2016-04-26,78.33,,75.59999847,29.54999924,4562.0,3.03999996185303,3.03999996185303,0.0,1.17999994754791,0.490000009536743,1.37000000476837,0.0,19.0,14.0,108.0,1299.0,1813.0
8253242879,2016-04-27,78.03,,75.59999847,29.54999924,10232.0,8.18000030517578,8.18000030517578,0.0,6.23999977111816,0.230000004172325,1.70000004768372,0.0,45.0,5.0,104.0,1286.0,2008.0
8253242879,2016-04-28,82.01,,75.59999847,29.54999924,2718.0,1.79999995231628,1.79999995231628,0.0,0.670000016689301,0.779999971389771,0.340000003576279,0.0,11.0,16.0,20.0,1393.0,1580.0
8253242879,2016-04-29,76.38,,75.59999847,29.54999924,6260.0,4.26000022888184,4.26000022888184,0.0,1.28999996185303,0.540000021457672,2.40000009536743,0.0,16.0,14.0,136.0,1257.0,1854.0
8253242879,2016-04-30,80.94,,75.59999847,29.54999924,0.0,0.0,0.0,0.0,0.0,0.0,0.0,0.0,0.0,0.0,0.0,1440.0,0.0
8253242879,2016-05-01,79.19,,75.59999847,29.54999924,5181.0,3.42000007629395,3.42000007629395,0.0,0.540000021457672,0.230000004172325,1.50999999046326,0.0,8.0,5.0,107.0,1303.0,1776.0
8253242879,2016-05-02,76.11,,75.59999847,29.54999924,5181.0,3.42000007629395,3.42000007629395,0.0,0.540000021457672,0.230000004172325,1.50999999046326,0.0,8.0,5.0,107.0,1303.0,1776.0
8253242879,2016-05-03,76.6,,75.59999847,29.54999924,5181.0,3.42000007629395,3.42000007629395,0.0,0.540000021457672,0.230000004172325,1.50999999046326,0.0,8.0,5.0,107.0,1303.0,1776.0
8253242879,2016-05-04,77.2,,75.59999847,29.54999924,5181.0,3.42000007629395,3.42000007629395,0.0,0.540000021457672,0.230000004172325,1.50999999046326,0.0,8.0,5.0,107.0,1303.0,1776.0
8253242879,2016-05-05,81.35,,75.59999847,29.54999924,5181.0,3.42000007629395,3.42000007629395,0.0,0.540000021457672,0.230000004172325,1.50999999046326,0.0,8.0,5.0,107.0,1303.0,1776.0
8253242879,2016-05-06,79.86,,75.59999847,29.54999924,5181.0,3.42000007629395,3.42000007629395,0.0,0.540000021457672,0.230000004172325,1.50999999046326,0.0,8.0,5.0,107.0,1303.0,1776.0
8253242879,2016-05-07,80.57,,75.59999847,29.54999924,5181.0,3.42000007629395,3.42000007629395,0.0,0.540000021457672,0.230000004172325,1.50999999046326,0.0,8.0,5.0,107.0,1303.0,1776.0
8253242879,2016-05-08,81.79,,75.59999847,29.54999924,5181.0,3.42000007629395,3.42000007629395,0.0,0.540000021457672,0.230000004172325,1.50999999046326,0.0,8.0,5.0,107.0,1303.0,1776.0
8253242879,2016-05-09,76.31,,75.59999847,29.54999924,5181.0,3.42000007629395,3.42000007629395,0.0,0.540000021457672,0.230000004172325,1.50999999046326,0.0,8.0,5.0,107.0,1303.0,1776.0
8253242879,2016-05-10,78.98,,75.59999847,29.54999924,5181.0,3.42000007629395,3.42000007629395,0.0,0.540000021457672,0.230000004172325,1.50999999046326,0.0,8.0,5.0,107.0,1303.0,1776.0
8253242879,2016-05-11,81.76,,75.59999847,29.54999924,5181.0,3.42000007629395,3.42000007629395,0.0,0.540000021457672,0.230000004172325,1.50999999046326,0.0,8.0,5.0,107.0,1303.0,1776.0
8253242879,2016-05-12,80.54,,75.59999847,29.54999924,5181.0,3.42000007629395,3.42000007629395,0.0,0.540000021457672,0.230000004172325,1.50999999046326,0.0,8.0,5.0,107.0,1303.0,1776.0
8378563200,2016-03-11,67.095,114.0,75.59999847,25.76000023,8774.5,6.960000038146975,6.960000038146975,2.0921471118927,1.52999997138977,0.5449999868869785,4.18999981880188,0.0,68.5,10.0,166.5,727.5,3667.5
8378563200,2016-03-12,63.81,779.0,75.59999847,25.76000023,8774.5,6.960000038146975,6.960000038146975,2.0921471118927,1.52999997138977,0.5449999868869785,4.18999981880188,0.0,68.5,10.0,166.5,727.5,3667.5
8378563200,2016-03-13,68.15,601.0,75.59999847,25.76000023,8774.5,6.960000038146975,6.960000038146975,2.0921471118927,1.52999997138977,0.5449999868869785,4.18999981880188,0.0,68.5,10.0,166.5,727.5,3667.5
8378563200,2016-03-14,68.87,403.0,75.59999847,25.76000023,8774.5,6.960000038146975,6.960000038146975,2.0921471118927,1.52999997138977,0.5449999868869785,4.18999981880188,0.0,68.5,10.0,166.5,727.5,3667.5
8378563200,2016-03-15,64.16,407.0,75.59999847,25.76000023,8774.5,6.960000038146975,6.960000038146975,2.0921471118927,1.52999997138977,0.5449999868869785,4.18999981880188,0.0,68.5,10.0,166.5,727.5,3667.5
8378563200,2016-03-16,64.8,429.0,75.59999847,25.76000023,8774.5,6.960000038146975,6.960000038146975,2.0921471118927,1.52999997138977,0.5449999868869785,4.18999981880188,0.0,68.5,10.0,166.5,727.5,3667.5
8378563200,2016-03-17,65.8,457.0,75.59999847,25.76000023,8774.5,6.960000038146975,6.960000038146975,2.0921471118927,1.52999997138977,0.5449999868869785,4.18999981880188,0.0,68.5,10.0,166.5,727.5,3667.5
8378563200,2016-03-18,67.69,642.0,75.59999847,25.76000023,8774.5,6.960000038146975,6.960000038146975,2.0921471118927,1.52999997138977,0.5449999868869785,4.18999981880188,0.0,68.5,10.0,166.5,727.5,3667.5
8378563200,2016-03-19,66.65,544.0,75.59999847,25.76000023,8774.5,6.960000038146975,6.960000038146975,2.0921471118927,1.52999997138977,0.5449999868869785,4.18999981880188,0.0,68.5,10.0,166.5,727.5,3667.5
8378563200,2016-03-20,66.93,505.0,75.59999847,25.76000023,8774.5,6.960000038146975,6.960000038146975,2.0921471118927,1.52999997138977,0.5449999868869785,4.18999981880188,0.0,68.5,10.0,166.5,727.5,3667.5
8378563200,2016-03-21,65.4,470.0,75.59999847,25.76000023,8774.5,6.960000038146975,6.960000038146975,2.0921471118927,1.52999997138977,0.5449999868869785,4.18999981880188,0.0,68.5,10.0,166.5,727.5,3667.5
8378563200,2016-03-22,69.39,519.0,75.59999847,25.76000023,8774.5,6.960000038146975,6.960000038146975,2.0921471118927,1.52999997138977,0.5449999868869785,4.18999981880188,0.0,68.5,10.0,166.5,727.5,3667.5
8378563200,2016-03-23,69.07,414.0,75.59999847,25.76000023,8774.5,6.960000038146975,6.960000038146975,2.0921471118927,1.52999997138977,0.5449999868869785,4.18999981880188,0.0,68.5,10.0,166.5,727.5,3667.5
8378563200,2016-03-24,68.99,490.0,75.59999847,25.76000023,8774.5,6.960000038146975,6.960000038146975,2.0921471118927,1.52999997138977,0.5449999868869785,4.18999981880188,0.0,68.5,10.0,166.5,727.5,3667.5
8378563200,2016-03-25,67.53,285.0,75.59999847,25.76000023,8774.5,6.960000038146975,6.960000038146975,2.0921471118927,1.52999997138977,0.5449999868869785,4.18999981880188,0.0,68.5,10.0,166.5,727.5,3667.5
8378563200,2016-03-26,66.58,758.0,75.59999847,25.76000023,8774.5,6.960000038146975,6.960000038146975,2.0921471118927,1.52999997138977,0.5449999868869785,4.18999981880188,0.0,68.5,10.0,166.5,727.5,3667.5
8378563200,2016-03-27,69.69,624.0,75.59999847,25.76000023,8774.5,6.960000038146975,6.960000038146975,2.0921471118927,1.52999997138977,0.5449999868869785,4.18999981880188,0.0,68.5,10.0,166.5,727.5,3667.5
8378563200,2016-03-28,64.71,478.0,75.59999847,25.76000023,8774.5,6.960000038146975,6.960000038146975,2.0921471118927,1.52999997138977,0.5449999868869785,4.18999981880188,0.0,68.5,10.0,166.5,727.5,3667.5
8378563200,2016-03-29,68.57,387.0,75.59999847,25.76000023,8774.5,6.960000038146975,6.960000038146975,2.0921471118927,1.52999997138977,0.5449999868869785,4.18999981880188,0.0,68.5,10.0,166.5,727.5,3667.5
8378563200,2016-03-30,63.96,663.0,75.59999847,25.76000023,8774.5,6.960000038146975,6.960000038146975,2.0921471118927,1.52999997138977,0.5449999868869785,4.18999981880188,0.0,68.5,10.0,166.5,727.5,3667.5
8378563200,2016-03-31,64.43,494.0,75.59999847,25.76000023,8774.5,6.960000038146975,6.960000038146975,2.0921471118927,1.52999997138977,0.5449999868869785,4.18999981880188,0.0,68.5,10.0,166.5,727.5,3667.5
8378563200,2016-04-01,65.16,460.0,75.59999847,25.76000023,14179.0,11.2399997711182,11.2399997711182,0.0,6.23000001907349,1.05999994277954,3.96000003814697,0.0,73.0,21.0,195.0,719.0,3669.0
8378563200,2016-04-02,67.49,703.0,75.59999847,25.76000023,3358.0,2.66000008583069,2.66000008583069,0.0,0.0,0.0,2.66000008583069,0.0,0.0,0.0,144.0,657.0,2702.0
8378563200,2016-04-03,67.69,592.0,75.59999847,25.76000023,9152.0,7.26000022888184,7.26000022888184,0.0,1.99000000953674,0.819999992847443,4.44999980926514,0.0,25.0,13.0,243.0,600.0,3304.0
8378563200,2016-04-04,64.66,465.0,75.59999847,25.76000023,13935.0,11.0500001907349,11.0500001907349,2.0921471118927,4.09000015258789,0.790000021457672,6.17000007629395,0.0,105.0,16.0,220.0,658.0,4234.0
8378563200,2016-04-05,67.94,464.0,75.59999847,25.76000023,12846.0,10.1899995803833,10.1899995803833,2.25308108329773,5.0,0.75,4.44000005722046,0.0,113.0,15.0,189.0,686.0,4128.0
8378563200,2016-04-06,69.48,443.0,75.59999847,25.76000023,9124.0,7.23999977111816,7.23999977111816,2.0921471118927,0.0,0.25,6.98999977111816,0.0,55.0,6.0,230.0,728.0,3798.0
8378563200,2016-04-07,69.04,540.0,75.59999847,25.76000023,9725.0,7.71000003814697,7.71000003814697,2.25308108329773,2.41000008583069,0.529999971389771,4.76999998092651,0.0,83.0,11.0,181.0,670.0,3839.0
8378563200,2016-04-08,66.7,344.0,75.59999847,25.76000023,8350.0,6.61999988555908,6.61999988555908,2.0921471118927,1.49000000953674,0.529999971389771,4.6100001335144,0.0,72.0,10.0,167.0,868.0,3713.0
8378563200,2016-04-09,68.57,574.0,75.59999847,25.76000023,2240.0,1.77999997138977,1.77999997138977,0.0,0.0,0.0,1.77999997138977,0.0,0.0,0.0,110.0,843.0,2606.0
8378563200,2016-04-10,67.26,626.0,75.59999847,25.76000023,2631.0,2.08999991416931,2.08999991416931,0.0,0.0,0.0,2.08999991416931,0.0,0.0,0.0,117.0,727.0,2624.0
8378563200,2016-04-11,65.65,496.0,75.59999847,25.76000023,8837.0,7.01000022888184,7.01000022888184,2.0921471118927,1.53999996185303,0.879999995231628,4.59000015258789,0.0,74.0,17.0,182.0,811.0,3775.0
8378563200,2016-04-12,69.27,783.0,75.59999847,25.76000023,10872.0,8.62000012397766,8.62000012397766,4.50616216659546,1.659999966621398,1.419999957084656,5.5299999713897705,0.0,130.0,30.0,205.0,966.0,5517.0
8378563200,2016-04-13,65.42,489.0,75.59999847,25.76000023,12386.0,9.81999969482422,9.81999969482422,2.0921471118927,4.96000003814697,0.649999976158142,4.21000003814697,0.0,116.0,14.0,169.0,680.0,4079.0
8378563200,2016-04-14,69.43,452.0,75.59999847,25.76000023,13318.0,10.5600004196167,10.5600004196167,2.25308108329773,5.61999988555908,1.02999997138977,3.91000008583069,0.0,123.0,21.0,174.0,699.0,4163.0
8378563200,2016-04-15,68.1,461.0,75.59999847,25.76000023,14461.0,11.4700002670288,11.4700002670288,0.0,4.90999984741211,1.14999997615814,5.40999984741211,0.0,60.0,23.0,190.0,729.0,3666.0
8378563200,2016-04-16,66.26,744.0,75.59999847,25.76000023,11207.0,8.89000034332275,8.89000034332275,0.0,5.36999988555908,1.07000005245209,2.44000005722046,0.0,64.0,21.0,142.0,563.0,3363.0
8378563200,2016-04-17,63.81,849.0,75.59999847,25.76000023,2132.0,1.69000005722046,1.69000005722046,0.0,0.0,0.0,1.69000005722046,0.0,0.0,0.0,93.0,599.0,2572.0
8378563200,2016-04-18,65.15,461.0,75.59999847,25.76000023,13630.0,10.8100004196167,10.8100004196167,2.0921471118927,5.05000019073486,0.560000002384186,5.19999980926514,0.0,117.0,10.0,174.0,720.0,4157.0
8378563200,2016-04-19,68.26,441.0,75.59999847,25.76000023,13070.0,10.3599996566772,10.3599996566772,2.25308108329773,5.30000019073486,0.879999995231628,4.17999982833862,0.0,120.0,19.0,154.0,737.0,4092.0
8378563200,2016-04-20,68.16,441.0,75.59999847,25.76000023,9388.0,7.44000005722046,7.44000005722046,2.0921471118927,2.23000001907349,0.439999997615814,4.78000020980835,0.0,82.0,8.0,169.0,763.0,3787.0
8378563200,2016-04-21,67.82,485.0,75.59999847,25.76000023,15148.0,12.0100002288818,12.0100002288818,2.25308108329773,6.90000009536743,0.819999992847443,4.28999996185303,0.0,137.0,16.0,145.0,677.0,4236.0
8378563200,2016-04-22,66.44,422.0,75.59999847,25.76000023,12200.0,9.67000007629395,9.67000007629395,2.0921471118927,4.90999984741211,0.589999973773956,4.17999982833862,0.0,113.0,12.0,159.0,769.0,4044.0
8378563200,2016-04-23,65.55,568.0,75.59999847,25.76000023,5709.0,4.53000020980835,4.53000020980835,0.0,1.51999998092651,0.519999980926514,2.48000001907349,0.0,19.0,10.0,136.0,740.0,2908.0
8378563200,2016-04-24,68.08,615.0,75.59999847,25.76000023,3703.0,2.94000005722046,2.94000005722046,0.0,0.0,0.0,2.94000005722046,0.0,0.0,0.0,135.0,734.0,2741.0
8378563200,2016-04-25,65.14,492.0,75.59999847,25.76000023,12405.0,9.84000015258789,9.84000015258789,2.0921471118927,5.05000019073486,0.870000004768372,3.92000007629395,0.0,117.0,16.0,141.0,692.0,4005.0
8378563200,2016-04-26,66.4,648.0,75.59999847,25.76000023,16208.0,12.8500003814697,12.8500003814697,0.0,7.51000022888184,0.920000016689301,4.42000007629395,0.0,90.0,18.0,161.0,593.0,3763.0
8378563200,2016-04-27,69.7,611.0,75.59999847,25.76000023,7359.0,5.84000015258789,5.84000015258789,0.0,0.330000013113022,0.180000007152557,5.32999992370605,0.0,4.0,4.0,192.0,676.0,3061.0
8378563200,2016-04-28,67.32,625.0,75.59999847,25.76000023,5417.0,4.30000019073486,4.30000019073486,0.0,0.899999976158142,0.490000009536743,2.91000008583069,0.0,11.0,10.0,139.0,711.0,2884.0
8378563200,2016-04-29,69.72,516.0,75.59999847,25.76000023,6175.0,4.90000009536743,4.90000009536743,0.0,0.25,0.360000014305115,4.26999998092651,0.0,3.0,7.0,172.0,767.0,2982.0
8378563200,2016-04-30,66.15,665.0,75.59999847,25.76000023,2946.0,2.33999991416931,2.33999991416931,0.0,0.0,0.0,2.33999991416931,0.0,0.0,0.0,121.0,780.0,2660.0
8378563200,2016-05-01,69.69,627.0,75.59999847,25.76000023,11419.0,9.0600004196167,9.0600004196167,0.0,6.03000020980835,0.560000002384186,2.47000002861023,0.0,71.0,10.0,127.0,669.0,3369.0
8378563200,2016-05-02,65.84,452.0,75.59999847,25.76000023,6064.0,4.80999994277954,4.80999994277954,2.0921471118927,0.629999995231628,0.170000001788139,4.01000022888184,0.0,63.0,4.0,142.0,802.0,3491.0
8378563200,2016-05-03,63.88,368.0,75.59999847,25.76000023,8712.0,6.90999984741211,6.90999984741211,2.25308108329773,1.3400000333786,1.05999994277954,4.5,0.0,71.0,20.0,195.0,822.0,3784.0
8378563200,2016-05-04,66.21,616.0,75.59999847,25.76000023,7875.0,6.23999977111816,6.23999977111816,0.0,1.55999994277954,0.490000009536743,4.19999980926514,0.0,19.0,10.0,167.0,680.0,3110.0
8378563200,2016-05-05,66.91,448.0,75.59999847,25.76000023,8567.0,6.78999996185303,6.78999996185303,2.25308108329773,0.889999985694885,0.159999996423721,5.73999977111816,0.0,66.0,3.0,214.0,764.0,3783.0
8378563200,2016-05-06,68.83,393.0,75.59999847,25.76000023,7045.0,5.59000015258789,5.59000015258789,2.0921471118927,1.54999995231628,0.25,3.77999997138977,0.0,74.0,5.0,166.0,831.0,3644.0
8378563200,2016-05-07,69.12,494.0,75.59999847,25.76000023,4468.0,3.53999996185303,3.53999996185303,0.0,0.0,0.0,3.53999996185303,0.0,0.0,0.0,158.0,851.0,2799.0
8378563200,2016-05-08,69.02,741.0,75.59999847,25.76000023,2943.0,2.32999992370605,2.32999992370605,0.0,0.0,0.0,2.32999992370605,0.0,0.0,0.0,139.0,621.0,2685.0
8378563200,2016-05-09,64.56,466.0,75.59999847,25.76000023,8382.0,6.65000009536743,6.65000009536743,2.0921471118927,1.26999998092651,0.660000026226044,4.71999979019165,0.0,71.0,13.0,171.0,772.0,3721.0
8378563200,2016-05-10,65.55,395.0,75.59999847,25.76000023,6582.0,5.21999979019165,5.21999979019165,2.25308108329773,0.660000026226044,0.639999985694885,3.92000007629395,0.0,63.0,13.0,152.0,840.0,3586.0
8378563200,2016-05-11,64.28,437.0,75.59999847,25.76000023,9143.0,7.25,7.25,2.0921471118927,1.38999998569489,0.589999973773956,5.26999998092651,0.0,72.0,10.0,184.0,763.0,3788.0
8378563200,2016-05-12,68.92,432.0,75.59999847,25.76000023,4561.0,3.61999988555908,3.61999988555908,0.0,0.649999976158142,0.270000010728836,2.69000005722046,0.0,8.0,6.0,102.0,433.0,1976.0
8583815059,2016-03-12,89.56,,75.59999847,25.76000023,5697.0,4.44000005722046,4.44000005722046,0.0,0.0,0.239999994635582,2.69000005722046,0.0,0.0,5.0,147.0,1257.0,2683.0
8583815059,2016-03-13,87.59,,75.59999847,25.76000023,5697.0,4.44000005722046,4.44000005722046,0.0,0.0,0.239999994635582,2.69000005722046,0.0,0.0,5.0,147.0,1257.0,2683.0
8583815059,2016-03-14,87.57,,75.59999847,25.76000023,5697.0,4.44000005722046,4.44000005722046,0.0,0.0,0.239999994635582,2.69000005722046,0.0,0.0,5.0,147.0,1257.0,2683.0
8583815059,2016-03-15,88.76,,75.59999847,25.76000023,5697.0,4.44000005722046,4.44000005722046,0.0,0.0,0.239999994635582,2.69000005722046,0.0,0.0,5.0,147.0,1257.0,2683.0
8583815059,2016-03-16,89.93,,75.59999847,25.76000023,5697.0,4.44000005722046,4.44000005722046,0.0,0.0,0.239999994635582,2.69000005722046,0.0,0.0,5.0,147.0,1257.0,2683.0
8583815059,2016-03-17,89.0,,75.59999847,25.76000023,5697.0,4.44000005722046,4.44000005722046,0.0,0.0,0.239999994635582,2.69000005722046,0.0,0.0,5.0,147.0,1257.0,2683.0
8583815059,2016-03-18,87.96,,75.59999847,25.76000023,5697.0,4.44000005722046,4.44000005722046,0.0,0.0,0.239999994635582,2.69000005722046,0.0,0.0,5.0,147.0,1257.0,2683.0
8583815059,2016-03-19,87.99,,75.59999847,25.76000023,5697.0,4.44000005722046,4.44000005722046,0.0,0.0,0.239999994635582,2.69000005722046,0.0,0.0,5.0,147.0,1257.0,2683.0
8583815059,2016-03-20,89.87,,75.59999847,25.76000023,5697.0,4.44000005722046,4.44000005722046,0.0,0.0,0.239999994635582,2.69000005722046,0.0,0.0,5.0,147.0,1257.0,2683.0
8583815059,2016-03-21,88.84,,75.59999847,25.76000023,5697.0,4.44000005722046,4.44000005722046,0.0,0.0,0.239999994635582,2.69000005722046,0.0,0.0,5.0,147.0,1257.0,2683.0
8583815059,2016-03-22,86.51,,75.59999847,25.76000023,5697.0,4.44000005722046,4.44000005722046,0.0,0.0,0.239999994635582,2.69000005722046,0.0,0.0,5.0,147.0,1257.0,2683.0
8583815059,2016-03-23,86.47,,75.59999847,25.76000023,5697.0,4.44000005722046,4.44000005722046,0.0,0.0,0.239999994635582,2.69000005722046,0.0,0.0,5.0,147.0,1257.0,2683.0
8583815059,2016-03-24,90.33,,75.59999847,25.76000023,5697.0,4.44000005722046,4.44000005722046,0.0,0.0,0.239999994635582,2.69000005722046,0.0,0.0,5.0,147.0,1257.0,2683.0
8583815059,2016-03-25,90.39,,75.59999847,25.76000023,5697.0,4.44000005722046,4.44000005722046,0.0,0.0,0.239999994635582,2.69000005722046,0.0,0.0,5.0,147.0,1257.0,2683.0
8583815059,2016-03-26,89.35,,75.59999847,25.76000023,5697.0,4.44000005722046,4.44000005722046,0.0,0.0,0.239999994635582,2.69000005722046,0.0,0.0,5.0,147.0,1257.0,2683.0
8583815059,2016-03-27,89.35,,75.59999847,25.76000023,5697.0,4.44000005722046,4.44000005722046,0.0,0.0,0.239999994635582,2.69000005722046,0.0,0.0,5.0,147.0,1257.0,2683.0
8583815059,2016-03-28,90.32,,75.59999847,25.76000023,5697.0,4.44000005722046,4.44000005722046,0.0,0.0,0.239999994635582,2.69000005722046,0.0,0.0,5.0,147.0,1257.0,2683.0
8583815059,2016-03-29,90.08,,75.59999847,25.76000023,5697.0,4.44000005722046,4.44000005722046,0.0,0.0,0.239999994635582,2.69000005722046,0.0,0.0,5.0,147.0,1257.0,2683.0
8583815059,2016-03-30,88.62,,75.59999847,25.76000023,5697.0,4.44000005722046,4.44000005722046,0.0,0.0,0.239999994635582,2.69000005722046,0.0,0.0,5.0,147.0,1257.0,2683.0
8583815059,2016-03-31,85.87,,75.59999847,25.76000023,5697.0,4.44000005722046,4.44000005722046,0.0,0.0,0.239999994635582,2.69000005722046,0.0,0.0,5.0,147.0,1257.0,2683.0
8583815059,2016-04-01,84.77,,75.59999847,25.76000023,2174.0,1.70000004768372,1.70000004768372,0.0,0.0,0.0,1.70000004768372,0.0,0.0,0.0,112.0,1328.0,2360.0
8583815059,2016-04-02,87.5,,75.59999847,25.76000023,3494.0,2.73000001907349,2.73000001907349,0.0,0.0,0.0,2.69000005722046,0.0,0.0,0.0,166.0,1274.0,2517.0
8583815059,2016-04-03,87.1,,75.59999847,25.76000023,2380.0,1.86000001430511,1.86000001430511,0.0,0.0,0.0,1.86000001430511,0.0,0.0,0.0,131.0,1309.0,2400.0
8583815059,2016-04-04,86.74,,75.59999847,25.76000023,3159.0,2.46000003814697,2.46000003814697,0.0,0.0,0.0,2.46000003814697,0.0,0.0,0.0,147.0,1293.0,2462.0
8583815059,2016-04-05,89.99,,75.59999847,25.76000023,6835.0,5.32999992370605,5.32999992370605,0.0,0.370000004768372,0.730000019073486,4.23999977111816,0.0,5.0,15.0,212.0,1208.0,2786.0
8583815059,2016-04-06,85.91,,75.59999847,25.76000023,2098.0,1.63999998569489,1.63999998569489,0.0,0.0,0.0,1.62999999523163,0.0,0.0,0.0,112.0,1328.0,2354.0
8583815059,2016-04-07,85.45,,75.59999847,25.76000023,2816.0,2.20000004768372,2.20000004768372,0.0,0.0,0.0,2.20000004768372,0.0,0.0,0.0,138.0,1302.0,2437.0
8583815059,2016-04-08,87.51,,75.59999847,25.76000023,1408.0,1.10000002384186,1.10000002384186,0.0,0.0,0.0,1.10000002384186,0.0,0.0,0.0,79.0,1052.0,1814.0
8583815059,2016-04-09,89.65,,75.59999847,25.76000023,5697.0,4.44000005722046,4.44000005722046,0.0,0.0,0.239999994635582,2.69000005722046,0.0,0.0,5.0,147.0,1257.0,2683.0
8583815059,2016-04-10,87.99,,75.59999847,25.76000023,5697.0,4.44000005722046,4.44000005722046,0.0,0.0,0.239999994635582,2.69000005722046,0.0,0.0,5.0,147.0,1257.0,2683.0
8583815059,2016-04-11,85.36,,75.59999847,25.76000023,5697.0,4.44000005722046,4.44000005722046,0.0,0.0,0.239999994635582,2.69000005722046,0.0,0.0,5.0,147.0,1257.0,2683.0
8583815059,2016-04-12,86.75,,75.59999847,25.76000023,5014.0,3.91000008583069,3.91000008583069,0.0,0.0,0.330000013113022,3.57999992370605,0.0,0.0,7.0,196.0,1237.0,2650.0
8583815059,2016-04-13,85.57,,75.59999847,25.76000023,5571.0,4.34999990463257,4.34999990463257,0.0,0.150000005960464,0.970000028610229,3.23000001907349,0.0,2.0,23.0,163.0,1252.0,2654.0
8583815059,2016-04-14,87.27,,75.59999847,25.76000023,3135.0,2.45000004768372,2.45000004768372,0.0,0.0,0.0,2.4300000667572,0.0,0.0,0.0,134.0,1306.0,2443.0
8583815059,2016-04-15,88.33,,75.59999847,25.76000023,3430.0,2.6800000667572,2.6800000667572,0.0,0.0,0.0,0.899999976158142,0.0,0.0,0.0,65.0,1375.0,2505.0
8583815059,2016-04-16,87.77,,75.59999847,25.76000023,5319.0,4.15000009536743,4.15000009536743,0.0,0.0,0.0,0.0,0.0,0.0,0.0,0.0,1440.0,2693.0
8583815059,2016-04-17,90.35,,75.59999847,25.76000023,3008.0,2.34999990463257,2.34999990463257,0.0,0.0,0.0,0.0,0.0,0.0,0.0,0.0,1440.0,2439.0
8583815059,2016-04-18,89.45,,75.59999847,25.76000023,3864.0,3.00999999046326,3.00999999046326,0.0,0.310000002384186,1.05999994277954,1.35000002384186,0.0,4.0,22.0,105.0,1309.0,2536.0
8583815059,2016-04-19,89.47,,75.59999847,25.76000023,5697.0,4.44000005722046,4.44000005722046,0.0,0.529999971389771,0.479999989271164,3.44000005722046,0.0,7.0,10.0,166.0,1257.0,2668.0
8583815059,2016-04-20,87.21,,75.59999847,25.76000023,5273.0,4.1100001335144,4.1100001335144,0.0,0.0,1.03999996185303,3.0699999332428,0.0,0.0,27.0,167.0,1246.0,2647.0
8583815059,2016-04-21,88.25,,75.59999847,25.76000023,8538.0,6.65999984741211,6.65999984741211,0.0,2.63000011444092,1.01999998092651,3.00999999046326,0.0,35.0,18.0,158.0,1229.0,2883.0
8583815059,2016-04-22,88.3,,75.59999847,25.76000023,8687.0,6.78000020980835,6.78000020980835,0.0,0.28999999165535,2.41000008583069,4.07999992370605,0.0,4.0,54.0,212.0,1170.0,2944.0
8583815059,2016-04-23,87.44,,75.59999847,25.76000023,9423.0,7.34999990463257,7.34999990463257,0.0,0.529999971389771,2.02999997138977,4.75,0.0,7.0,44.0,238.0,1151.0,3012.0
8583815059,2016-04-24,84.83,,75.59999847,25.76000023,8286.0,6.46000003814697,6.46000003814697,0.0,0.150000005960464,2.04999995231628,4.26999998092651,0.0,2.0,44.0,206.0,1188.0,2889.0
8583815059,2016-04-25,89.96,,75.59999847,25.76000023,4503.0,3.50999999046326,3.50999999046326,0.0,1.47000002861023,0.239999994635582,1.80999994277954,0.0,18.0,6.0,122.0,1294.0,2547.0
8583815059,2016-04-26,86.6,,75.59999847,25.76000023,10499.0,8.1899995803833,8.1899995803833,0.0,0.0700000002980232,4.21999979019165,3.89000010490417,0.0,1.0,91.0,214.0,1134.0,3093.0
8583815059,2016-04-27,89.67,,75.59999847,25.76000023,12474.0,9.72999954223633,9.72999954223633,0.0,6.59999990463257,0.270000010728836,2.86999988555908,0.0,77.0,5.0,129.0,1229.0,3142.0
8583815059,2016-04-28,86.71,,75.59999847,25.76000023,6174.0,4.82000017166138,4.82000017166138,0.0,0.0,1.20000004768372,3.60999989509583,0.0,0.0,28.0,203.0,1209.0,2757.0
8583815059,2016-04-29,87.51,,75.59999847,25.76000023,15168.0,11.8299999237061,11.8299999237061,0.0,3.90000009536743,3.0,4.92000007629395,0.0,46.0,67.0,258.0,1069.0,3513.0
8583815059,2016-04-30,84.84,,75.59999847,25.76000023,10085.0,7.86999988555908,7.86999988555908,0.0,0.150000005960464,1.27999997138977,6.42999982833862,0.0,2.0,28.0,317.0,1093.0,3164.0
8583815059,2016-05-01,87.64,,75.59999847,25.76000023,4512.0,3.51999998092651,3.51999998092651,0.0,0.779999971389771,0.119999997317791,2.03999996185303,0.0,10.0,2.0,117.0,1311.0,2596.0
8583815059,2016-05-02,87.31,,75.59999847,25.76000023,8469.0,6.6100001335144,6.6100001335144,0.0,0.0,0.0,0.0,0.0,0.0,0.0,0.0,1440.0,2894.0
8583815059,2016-05-03,86.26,,75.59999847,25.76000023,12015.0,9.36999988555908,9.36999988555908,0.0,0.0,0.0,0.0,0.0,0.0,0.0,0.0,1440.0,3212.0
8583815059,2016-05-04,89.48,,75.59999847,25.76000023,3588.0,2.79999995231628,2.79999995231628,0.0,0.0,0.0,0.0,0.0,0.0,0.0,0.0,1440.0,2516.0
8583815059,2016-05-05,90.56,,75.59999847,25.76000023,12427.0,9.6899995803833,9.6899995803833,0.0,0.0,0.0,1.17999994754791,0.0,0.0,0.0,70.0,1370.0,3266.0
8583815059,2016-05-06,87.02,,75.59999847,25.76000023,5843.0,4.55999994277954,4.55999994277954,0.0,0.140000000596046,1.19000005722046,3.23000001907349,0.0,2.0,22.0,166.0,1250.0,2683.0
8583815059,2016-05-07,84.67,,75.59999847,25.76000023,6117.0,4.76999998092651,4.76999998092651,0.0,0.0,0.0,4.76999998092651,0.0,0.0,0.0,250.0,1190.0,2810.0
8583815059,2016-05-08,84.91,,75.59999847,25.76000023,9217.0,7.19000005722046,7.19000005722046,0.0,0.219999998807907,3.30999994277954,3.66000008583069,0.0,3.0,72.0,182.0,1183.0,2940.0
8583815059,2016-05-09,87.36,,75.59999847,25.76000023,9877.0,7.69999980926514,7.69999980926514,0.0,5.76000022888184,0.170000001788139,1.73000001907349,0.0,66.0,4.0,110.0,1260.0,2947.0
8583815059,2016-05-10,85.14,,75.59999847,25.76000023,8240.0,6.42999982833862,6.42999982833862,0.0,0.689999997615814,2.00999999046326,3.72000002861023,0.0,9.0,43.0,162.0,1226.0,2846.0
8583815059,2016-05-11,85.43,,75.59999847,25.76000023,8701.0,6.78999996185303,6.78999996185303,0.0,0.370000004768372,3.24000000953674,3.17000007629395,0.0,5.0,71.0,177.0,1106.0,2804.0
8583815059,2016-05-12,86.46,,75.59999847,25.76000023,0.0,0.0,0.0,0.0,0.0,0.0,0.0,0.0,0.0,0.0,0.0,1440.0,0.0
8792009665,2016-03-11,74.05,454.0,75.59999847,25.76000023,1543.0,0.989999979734422,0.989999979734422,0.0,0.0,0.0,0.944999992847444,0.0,0.0,0.0,83.0,908.0,1962.5
8792009665,2016-03-12,74.05,454.0,75.59999847,25.76000023,1543.0,0.989999979734422,0.989999979734422,0.0,0.0,0.0,0.944999992847444,0.0,0.0,0.0,83.0,908.0,1962.5
8792009665,2016-03-13,74.05,454.0,75.59999847,25.76000023,1543.0,0.989999979734422,0.989999979734422,0.0,0.0,0.0,0.944999992847444,0.0,0.0,0.0,83.0,908.0,1962.5
8792009665,2016-03-14,74.05,454.0,75.59999847,25.76000023,1543.0,0.989999979734422,0.989999979734422,0.0,0.0,0.0,0.944999992847444,0.0,0.0,0.0,83.0,908.0,1962.5
8792009665,2016-03-15,74.05,454.0,75.59999847,25.76000023,1543.0,0.989999979734422,0.989999979734422,0.0,0.0,0.0,0.944999992847444,0.0,0.0,0.0,83.0,908.0,1962.5
8792009665,2016-03-16,74.05,454.0,75.59999847,25.76000023,1543.0,0.989999979734422,0.989999979734422,0.0,0.0,0.0,0.944999992847444,0.0,0.0,0.0,83.0,908.0,1962.5
8792009665,2016-03-17,74.05,454.0,75.59999847,25.76000023,1543.0,0.989999979734422,0.989999979734422,0.0,0.0,0.0,0.944999992847444,0.0,0.0,0.0,83.0,908.0,1962.5
8792009665,2016-03-18,74.05,454.0,75.59999847,25.76000023,1543.0,0.989999979734422,0.989999979734422,0.0,0.0,0.0,0.944999992847444,0.0,0.0,0.0,83.0,908.0,1962.5
8792009665,2016-03-19,74.05,454.0,75.59999847,25.76000023,1543.0,0.989999979734422,0.989999979734422,0.0,0.0,0.0,0.944999992847444,0.0,0.0,0.0,83.0,908.0,1962.5
8792009665,2016-03-20,74.05,454.0,75.59999847,25.76000023,1543.0,0.989999979734422,0.989999979734422,0.0,0.0,0.0,0.944999992847444,0.0,0.0,0.0,83.0,908.0,1962.5
8792009665,2016-03-21,74.05,454.0,75.59999847,25.76000023,1543.0,0.989999979734422,0.989999979734422,0.0,0.0,0.0,0.944999992847444,0.0,0.0,0.0,83.0,908.0,1962.5
8792009665,2016-03-22,74.05,454.0,75.59999847,25.76000023,1543.0,0.989999979734422,0.989999979734422,0.0,0.0,0.0,0.944999992847444,0.0,0.0,0.0,83.0,908.0,1962.5
8792009665,2016-03-23,74.05,454.0,75.59999847,25.76000023,1543.0,0.989999979734422,0.989999979734422,0.0,0.0,0.0,0.944999992847444,0.0,0.0,0.0,83.0,908.0,1962.5
8792009665,2016-03-24,74.05,454.0,75.59999847,25.76000023,1543.0,0.989999979734422,0.989999979734422,0.0,0.0,0.0,0.944999992847444,0.0,0.0,0.0,83.0,908.0,1962.5
8792009665,2016-03-25,74.05,454.0,75.59999847,25.76000023,1543.0,0.989999979734422,0.989999979734422,0.0,0.0,0.0,0.944999992847444,0.0,0.0,0.0,83.0,908.0,1962.5
8792009665,2016-03-26,74.05,454.0,75.59999847,25.76000023,1543.0,0.989999979734422,0.989999979734422,0.0,0.0,0.0,0.944999992847444,0.0,0.0,0.0,83.0,908.0,1962.5
8792009665,2016-03-27,74.05,454.0,75.59999847,25.76000023,1543.0,0.989999979734422,0.989999979734422,0.0,0.0,0.0,0.944999992847444,0.0,0.0,0.0,83.0,908.0,1962.5
8792009665,2016-03-28,74.05,428.0,75.59999847,25.76000023,1543.0,0.989999979734422,0.989999979734422,0.0,0.0,0.0,0.944999992847444,0.0,0.0,0.0,83.0,908.0,1962.5
8792009665,2016-03-29,74.05,217.0,75.59999847,25.76000023,1543.0,0.989999979734422,0.989999979734422,0.0,0.0,0.0,0.944999992847444,0.0,0.0,0.0,83.0,908.0,1962.5
8792009665,2016-03-30,74.05,478.0,75.59999847,25.76000023,1543.0,0.989999979734422,0.989999979734422,0.0,0.0,0.0,0.944999992847444,0.0,0.0,0.0,83.0,908.0,1962.5
8792009665,2016-03-31,74.05,478.0,75.59999847,25.76000023,1543.0,0.989999979734422,0.989999979734422,0.0,0.0,0.0,0.944999992847444,0.0,0.0,0.0,83.0,908.0,1962.5
8792009665,2016-04-01,75.15,534.0,75.59999847,25.76000023,4592.0,2.94000005722046,2.94000005722046,0.0,0.100000001490116,0.140000000596046,2.70000004768372,0.0,4.0,8.0,176.0,748.0,2260.0
8792009665,2016-04-02,77.5,534.0,75.59999847,25.76000023,8452.0,5.40999984741211,5.40999984741211,0.0,0.259999990463257,0.389999985694885,4.76000022888184,0.0,9.0,24.0,328.0,1079.0,3004.0
8792009665,2016-04-03,76.22,564.0,75.59999847,25.76000023,7238.0,4.63000011444092,4.63000011444092,0.0,0.109999999403954,0.230000004172325,4.28999996185303,0.0,2.0,6.0,279.0,636.0,2667.0
8792009665,2016-04-04,72.94,630.0,75.59999847,25.76000023,3821.0,2.45000004768372,2.45000004768372,0.0,0.0,0.219999998807907,2.23000001907349,0.0,0.0,9.0,161.0,675.0,2229.0
8792009665,2016-04-05,72.38,455.0,75.59999847,25.76000023,2332.0,1.49000000953674,1.49000000953674,0.0,0.0099999997764825,0.180000007152557,1.29999995231628,0.0,1.0,10.0,111.0,904.0,2100.0
8792009665,2016-04-06,75.4,507.0,75.59999847,25.76000023,2121.0,1.36000001430511,1.36000001430511,0.0,0.0,0.0,1.36000001430511,0.0,0.0,0.0,122.0,855.0,2114.0
8792009665,2016-04-07,75.62,510.0,75.59999847,25.76000023,1291.0,0.829999983310699,0.829999983310699,0.0,0.0,0.0,0.829999983310699,0.0,0.0,0.0,77.0,888.0,1961.0
8792009665,2016-04-08,75.64,478.0,75.59999847,25.76000023,1467.0,0.939999997615814,0.939999997615814,0.0,0.100000001490116,0.209999993443489,0.629999995231628,0.0,2.0,8.0,71.0,912.0,1953.0
8792009665,2016-04-09,74.27,678.0,75.59999847,25.76000023,1022.0,0.649999976158142,0.649999976158142,0.0,0.0,0.0,0.649999976158142,0.0,0.0,0.0,63.0,739.0,1890.0
8792009665,2016-04-10,75.02,678.0,75.59999847,25.76000023,4605.0,2.95000004768372,2.95000004768372,0.0,0.0,0.0,2.95000004768372,0.0,0.0,0.0,179.0,1261.0,2253.0
8792009665,2016-04-11,74.23,678.0,75.59999847,25.76000023,178.0,0.109999999403954,0.109999999403954,0.0,0.0,0.0,0.109999999403954,0.0,0.0,0.0,12.0,1428.0,1725.0
8792009665,2016-04-12,72.21,531.0,75.59999847,25.76000023,2584.0,1.6499999854713725,1.6499999854713725,0.0,0.0,0.0,1.6499999854713725,0.0,0.0,0.0,122.0,1429.0,2772.0
8792009665,2016-04-13,71.77,576.0,75.59999847,25.76000023,1320.0,0.839999973773956,0.839999973773956,0.0,0.0,0.0,0.839999973773956,0.0,0.0,0.0,82.0,806.0,1934.0
8792009665,2016-04-14,72.49,520.0,75.59999847,25.76000023,1219.0,0.779999971389771,0.779999971389771,0.0,0.0,0.0,0.779999971389771,0.0,0.0,0.0,84.0,853.0,1963.0
8792009665,2016-04-15,73.61,392.0,75.59999847,25.76000023,2483.0,1.5900000333786,1.5900000333786,0.0,0.0,0.0,1.5900000333786,0.0,0.0,0.0,126.0,937.0,2009.0
8792009665,2016-04-16,74.05,392.0,75.59999847,25.76000023,244.0,0.159999996423721,0.159999996423721,0.0,0.0,0.0,0.159999996423721,0.0,0.0,0.0,12.0,1428.0,1721.0
8792009665,2016-04-17,74.05,392.0,75.59999847,25.76000023,0.0,0.0,0.0,0.0,0.0,0.0,0.0,0.0,0.0,0.0,0.0,1440.0,1688.0
8792009665,2016-04-18,74.05,392.0,75.59999847,25.76000023,0.0,0.0,0.0,0.0,0.0,0.0,0.0,0.0,0.0,0.0,0.0,1440.0,1688.0
8792009665,2016-04-19,74.05,392.0,75.59999847,25.76000023,0.0,0.0,0.0,0.0,0.0,0.0,0.0,0.0,0.0,0.0,0.0,1440.0,1688.0
8792009665,2016-04-20,72.17,570.0,75.59999847,25.76000023,3147.0,2.00999999046326,2.00999999046326,0.0,0.0,0.280000001192093,1.74000000953674,0.0,0.0,10.0,139.0,744.0,2188.0
8792009665,2016-04-21,74.08,570.0,75.59999847,25.76000023,144.0,0.0900000035762787,0.0900000035762787,0.0,0.0,0.0,0.0900000035762787,0.0,0.0,0.0,9.0,1431.0,1720.0
8792009665,2016-04-22,72.2,427.0,75.59999847,25.76000023,4068.0,2.59999990463257,2.59999990463257,0.0,0.0500000007450581,0.280000001192093,2.26999998092651,0.0,1.0,20.0,195.0,817.0,2419.0
8792009665,2016-04-23,75.79,382.0,75.59999847,25.76000023,5245.0,3.35999989509583,3.35999989509583,0.0,0.159999996423721,0.439999997615814,2.75,0.0,8.0,45.0,232.0,795.0,2748.0
8792009665,2016-04-24,73.96,382.0,75.59999847,25.76000023,400.0,0.259999990463257,0.259999990463257,0.0,0.0399999991059303,0.0500000007450581,0.159999996423721,0.0,3.0,8.0,19.0,1410.0,1799.0
8792009665,2016-04-25,74.05,382.0,75.59999847,25.76000023,0.0,0.0,0.0,0.0,0.0,0.0,0.0,0.0,0.0,0.0,0.0,1440.0,1688.0
8792009665,2016-04-26,71.77,382.0,75.59999847,25.76000023,1321.0,0.850000023841858,0.850000023841858,0.0,0.0,0.0,0.850000023841858,0.0,0.0,0.0,80.0,1360.0,1928.0
8792009665,2016-04-27,71.75,433.0,75.59999847,25.76000023,1758.0,1.12999999523163,1.12999999523163,0.0,0.0,0.0,1.12999999523163,0.0,0.0,0.0,112.0,900.0,2067.0
8792009665,2016-04-28,75.11,433.0,75.59999847,25.76000023,6157.0,3.94000005722046,3.94000005722046,0.0,0.0,0.0,3.94000005722046,0.0,0.0,0.0,310.0,714.0,2780.0
8792009665,2016-04-29,77.04,416.0,75.59999847,25.76000023,8360.0,5.34999990463257,5.34999990463257,0.0,0.140000000596046,0.280000001192093,4.92999982833862,0.0,6.0,14.0,380.0,634.0,3101.0
8792009665,2016-04-30,77.44,379.0,75.59999847,25.76000023,7174.0,4.59000015258789,4.59000015258789,0.0,0.330000013113022,0.360000014305115,3.91000008583069,0.0,10.0,20.0,301.0,749.0,2896.0
8792009665,2016-05-01,71.09,551.0,75.59999847,25.76000023,1619.0,1.03999996185303,1.03999996185303,0.0,0.0,0.0,1.03999996185303,0.0,0.0,0.0,79.0,834.0,1962.0
8792009665,2016-05-02,71.21,431.0,75.59999847,25.76000023,1831.0,1.16999995708466,1.16999995708466,0.0,0.0,0.0,1.16999995708466,0.0,0.0,0.0,101.0,916.0,2015.0
8792009665,2016-05-03,74.08,576.0,75.59999847,25.76000023,2421.0,1.54999995231628,1.54999995231628,0.0,0.0,0.0,1.54999995231628,0.0,0.0,0.0,156.0,739.0,2297.0
8792009665,2016-05-04,75.37,489.0,75.59999847,25.76000023,2283.0,1.46000003814697,1.46000003814697,0.0,0.0,0.0,1.46000003814697,0.0,0.0,0.0,129.0,848.0,2067.0
8792009665,2016-05-05,74.05,489.0,75.59999847,25.76000023,0.0,0.0,0.0,0.0,0.0,0.0,0.0,0.0,0.0,0.0,0.0,1440.0,1688.0
8792009665,2016-05-06,74.05,489.0,75.59999847,25.76000023,0.0,0.0,0.0,0.0,0.0,0.0,0.0,0.0,0.0,0.0,0.0,1440.0,1688.0
8792009665,2016-05-07,74.05,489.0,75.59999847,25.76000023,0.0,0.0,0.0,0.0,0.0,0.0,0.0,0.0,0.0,0.0,0.0,1440.0,1688.0
8792009665,2016-05-08,74.05,489.0,75.59999847,25.76000023,0.0,0.0,0.0,0.0,0.0,0.0,0.0,0.0,0.0,0.0,0.0,1440.0,1688.0
8792009665,2016-05-09,74.05,489.0,75.59999847,25.76000023,0.0,0.0,0.0,0.0,0.0,0.0,0.0,0.0,0.0,0.0,0.0,1440.0,1688.0
8792009665,2016-05-10,74.05,489.0,75.59999847,25.76000023,0.0,0.0,0.0,0.0,0.0,0.0,0.0,0.0,0.0,0.0,0.0,48.0,57.0
8792009665,2016-05-11,74.05,489.0,75.59999847,25.76000023,1543.0,0.989999979734422,0.989999979734422,0.0,0.0,0.0,0.944999992847444,0.0,0.0,0.0,83.0,908.0,1962.5
8792009665,2016-05-12,71.84,489.0,75.59999847,25.76000023,1543.0,0.989999979734422,0.989999979734422,0.0,0.0,0.0,0.944999992847444,0.0,0.0,0.0,83.0,908.0,1962.5
8877689391,2016-03-12,81.29,,85.40000153,25.55999947,16674.0,15.7399997711182,15.7399997711182,0.0,8.69999980926514,0.310000002384186,6.26999998092651,0.0,73.0,8.0,227.0,1127.0,3662.0
8877689391,2016-03-13,81.29,,85.40000153,25.55999947,16674.0,15.7399997711182,15.7399997711182,0.0,8.69999980926514,0.310000002384186,6.26999998092651,0.0,73.0,8.0,227.0,1127.0,3662.0
8877689391,2016-03-14,81.29,,85.40000153,25.55999947,16674.0,15.7399997711182,15.7399997711182,0.0,8.69999980926514,0.310000002384186,6.26999998092651,0.0,73.0,8.0,227.0,1127.0,3662.0
8877689391,2016-03-15,81.29,,85.40000153,25.55999947,16674.0,15.7399997711182,15.7399997711182,0.0,8.69999980926514,0.310000002384186,6.26999998092651,0.0,73.0,8.0,227.0,1127.0,3662.0
8877689391,2016-03-16,81.29,,85.40000153,25.55999947,16674.0,15.7399997711182,15.7399997711182,0.0,8.69999980926514,0.310000002384186,6.26999998092651,0.0,73.0,8.0,227.0,1127.0,3662.0
8877689391,2016-03-17,81.29,,85.40000153,25.55999947,16674.0,15.7399997711182,15.7399997711182,0.0,8.69999980926514,0.310000002384186,6.26999998092651,0.0,73.0,8.0,227.0,1127.0,3662.0
8877689391,2016-03-18,81.29,,85.40000153,25.55999947,16674.0,15.7399997711182,15.7399997711182,0.0,8.69999980926514,0.310000002384186,6.26999998092651,0.0,73.0,8.0,227.0,1127.0,3662.0
8877689391,2016-03-19,81.29,,85.40000153,25.55999947,16674.0,15.7399997711182,15.7399997711182,0.0,8.69999980926514,0.310000002384186,6.26999998092651,0.0,73.0,8.0,227.0,1127.0,3662.0
8877689391,2016-03-20,81.29,,85.40000153,25.55999947,16674.0,15.7399997711182,15.7399997711182,0.0,8.69999980926514,0.310000002384186,6.26999998092651,0.0,73.0,8.0,227.0,1127.0,3662.0
8877689391,2016-03-21,81.29,,85.40000153,25.55999947,16674.0,15.7399997711182,15.7399997711182,0.0,8.69999980926514,0.310000002384186,6.26999998092651,0.0,73.0,8.0,227.0,1127.0,3662.0
8877689391,2016-03-22,81.29,,85.40000153,25.55999947,16674.0,15.7399997711182,15.7399997711182,0.0,8.69999980926514,0.310000002384186,6.26999998092651,0.0,73.0,8.0,227.0,1127.0,3662.0
8877689391,2016-03-23,81.29,,85.40000153,25.55999947,16674.0,15.7399997711182,15.7399997711182,0.0,8.69999980926514,0.310000002384186,6.26999998092651,0.0,73.0,8.0,227.0,1127.0,3662.0
8877689391,2016-03-24,81.29,,85.40000153,25.55999947,16674.0,15.7399997711182,15.7399997711182,0.0,8.69999980926514,0.310000002384186,6.26999998092651,0.0,73.0,8.0,227.0,1127.0,3662.0
8877689391,2016-03-25,81.29,,85.40000153,25.55999947,16674.0,15.7399997711182,15.7399997711182,0.0,8.69999980926514,0.310000002384186,6.26999998092651,0.0,73.0,8.0,227.0,1127.0,3662.0
8877689391,2016-03-26,81.29,,85.40000153,25.55999947,16674.0,15.7399997711182,15.7399997711182,0.0,8.69999980926514,0.310000002384186,6.26999998092651,0.0,73.0,8.0,227.0,1127.0,3662.0
8877689391,2016-03-27,81.29,,85.40000153,25.55999947,16674.0,15.7399997711182,15.7399997711182,0.0,8.69999980926514,0.310000002384186,6.26999998092651,0.0,73.0,8.0,227.0,1127.0,3662.0
8877689391,2016-03-28,81.29,,85.40000153,25.55999947,16674.0,15.7399997711182,15.7399997711182,0.0,8.69999980926514,0.310000002384186,6.26999998092651,0.0,73.0,8.0,227.0,1127.0,3662.0
8877689391,2016-03-29,81.29,,85.40000153,25.55999947,16674.0,15.7399997711182,15.7399997711182,0.0,8.69999980926514,0.310000002384186,6.26999998092651,0.0,73.0,8.0,227.0,1127.0,3662.0
8877689391,2016-03-30,81.29,,85.40000153,25.55999947,16674.0,15.7399997711182,15.7399997711182,0.0,8.69999980926514,0.310000002384186,6.26999998092651,0.0,73.0,8.0,227.0,1127.0,3662.0
8877689391,2016-03-31,81.29,,85.40000153,25.55999947,16674.0,15.7399997711182,15.7399997711182,0.0,8.69999980926514,0.310000002384186,6.26999998092651,0.0,73.0,8.0,227.0,1127.0,3662.0
8877689391,2016-04-01,80.83,,85.40000153,25.55999947,18700.0,15.8199996948242,15.8199996948242,0.0,8.69999980926514,0.159999996423721,6.90999984741211,0.0,67.0,3.0,247.0,1123.0,3527.0
8877689391,2016-04-01,81.29,,85.5,25.61000061,18700.0,15.8199996948242,15.8199996948242,0.0,8.69999980926514,0.159999996423721,6.90999984741211,0.0,67.0,3.0,247.0,1123.0,3527.0
8877689391,2016-04-02,82.16,,85.40000153,25.55999947,27572.0,23.3899993896484,23.3899993896484,0.0,14.7200002670288,1.21000003814697,7.34000015258789,0.0099999997764825,116.0,24.0,260.0,1040.0,4220.0
8877689391,2016-04-03,81.65,,85.40000153,25.55999947,15260.0,8.1899995803833,8.1899995803833,0.0,1.79999995231628,0.75,5.57000017166138,0.0,106.0,17.0,259.0,1058.0,3864.0
8877689391,2016-04-04,81.54,,85.40000153,25.55999947,20779.0,18.4099998474121,18.4099998474121,0.0,11.7299995422363,0.649999976158142,6.0,0.0,78.0,16.0,208.0,1138.0,3662.0
8877689391,2016-04-04,81.29,,86.59999847,25.94000053,20779.0,18.4099998474121,18.4099998474121,0.0,11.7299995422363,0.649999976158142,6.0,0.0,78.0,16.0,208.0,1138.0,3662.0
8877689391,2016-04-05,80.1,,85.40000153,25.55999947,10695.0,8.11999988555908,8.11999988555908,0.0,0.769999980926514,0.180000007152557,7.09000015258789,0.0099999997764825,10.0,3.0,246.0,1181.0,2834.0
8877689391,2016-04-05,81.29,,86.0,25.76000023,10695.0,8.11999988555908,8.11999988555908,0.0,0.769999980926514,0.180000007152557,7.09000015258789,0.0099999997764825,10.0,3.0,246.0,1181.0,2834.0
8877689391,2016-04-06,81.69,,85.40000153,25.55999947,24136.0,20.9099998474121,20.9099998474121,0.0,12.2200002670288,0.540000021457672,8.07999992370605,0.0,87.0,16.0,318.0,1019.0,4039.0
8877689391,2016-04-06,81.29,,86.30000305,25.82999992,24136.0,20.9099998474121,20.9099998474121,0.0,12.2200002670288,0.540000021457672,8.07999992370605,0.0,87.0,16.0,318.0,1019.0,4039.0
8877689391,2016-04-07,80.14,,85.40000153,25.55999947,10910.0,8.42000007629395,8.42000007629395,0.0,2.96000003814697,0.389999985694885,5.03000020980835,0.0,32.0,11.0,212.0,1185.0,2947.0
8877689391,2016-04-07,81.29,,85.09999847,25.48999977,10910.0,8.42000007629395,8.42000007629395,0.0,2.96000003814697,0.389999985694885,5.03000020980835,0.0,32.0,11.0,212.0,1185.0,2947.0
8877689391,2016-04-08,81.51,,85.40000153,25.55999947,23014.0,20.3899993896484,20.3899993896484,0.0,11.1000003814697,0.629999995231628,8.61999988555908,0.0,70.0,29.0,359.0,982.0,4196.0
8877689391,2016-04-08,81.29,,85.0,25.44000053,23014.0,20.3899993896484,20.3899993896484,0.0,11.1000003814697,0.629999995231628,8.61999988555908,0.0,70.0,29.0,359.0,982.0,4196.0
8877689391,2016-04-09,81.94,,85.40000153,25.55999947,16470.0,8.06999969482422,8.06999969482422,0.0,0.0,0.0199999995529652,8.02000045776367,0.0,90.0,9.0,289.0,1052.0,3841.0
8877689391,2016-04-09,81.29,,85.40000153,25.55999947,16470.0,8.06999969482422,8.06999969482422,0.0,0.0,0.0199999995529652,8.02000045776367,0.0,90.0,9.0,289.0,1052.0,3841.0
8877689391,2016-04-10,83.67,,85.40000153,25.55999947,28497.0,27.5300006866455,27.5300006866455,0.0,21.9200000762939,1.12000000476837,4.46000003814697,0.0,128.0,46.0,211.0,1055.0,4526.0
8877689391,2016-04-11,80.03,,85.40000153,25.55999947,10622.0,8.0600004196167,8.0600004196167,0.0,1.47000002861023,0.150000005960464,6.36999988555908,0.0099999997764825,18.0,7.0,225.0,1190.0,2820.0
8877689391,2016-04-11,81.29,,86.09999847,25.79000092,10622.0,8.0600004196167,8.0600004196167,0.0,1.47000002861023,0.150000005960464,6.36999988555908,0.0099999997764825,18.0,7.0,225.0,1190.0,2820.0
8877689391,2016-04-12,81.38,,85.40000153,25.55999947,25536.0,22.17999958992007,22.17999958992007,0.0,12.2200002670288,0.340000003576279,9.60000014305115,0.0,85.0,7.0,370.0,1567.0,4859.0
8877689391,2016-04-12,81.29,,85.80000305,25.68000031,25536.0,22.17999958992007,22.17999958992007,0.0,12.2200002670288,0.340000003576279,9.60000014305115,0.0,85.0,7.0,370.0,1567.0,4859.0
8877689391,2016-04-12,81.29,,85.80000305,25.68000031,25536.0,22.17999958992007,22.17999958992007,0.0,12.2200002670288,0.340000003576279,9.60000014305115,0.0,85.0,7.0,370.0,1567.0,4859.0
8877689391,2016-04-13,81.31,,85.40000153,25.55999947,15337.0,9.57999992370605,9.57999992370605,0.0,3.54999995231628,0.379999995231628,5.6399998664856,0.0,108.0,18.0,216.0,1098.0,3566.0
8877689391,2016-04-13,81.29,,84.90000153,25.40999985,15337.0,9.57999992370605,9.57999992370605,0.0,3.54999995231628,0.379999995231628,5.6399998664856,0.0,108.0,18.0,216.0,1098.0,3566.0
8877689391,2016-04-14,81.79,,85.40000153,25.55999947,21129.0,18.9799995422363,18.9799995422363,0.0,10.5500001907349,0.589999973773956,7.75,0.0199999995529652,68.0,13.0,298.0,1061.0,3793.0
8877689391,2016-04-14,81.29,,84.5,25.30999947,21129.0,18.9799995422363,18.9799995422363,0.0,10.5500001907349,0.589999973773956,7.75,0.0199999995529652,68.0,13.0,298.0,1061.0,3793.0
8877689391,2016-04-15,82.09,,85.40000153,25.55999947,13422.0,7.17000007629395,7.17000007629395,0.0,0.0500000007450581,0.0500000007450581,7.01000022888184,0.0099999997764825,106.0,1.0,281.0,1052.0,3934.0
8877689391,2016-04-16,81.59,,85.40000153,25.55999947,29326.0,25.2900009155273,25.2900009155273,0.0,13.2399997711182,1.21000003814697,10.710000038147,0.0,94.0,29.0,429.0,888.0,4547.0
8877689391,2016-04-16,81.29,,85.5,25.59000015,29326.0,25.2900009155273,25.2900009155273,0.0,13.2399997711182,1.21000003814697,10.710000038147,0.0,94.0,29.0,429.0,888.0,4547.0
8877689391,2016-04-17,80.79,,85.40000153,25.55999947,15118.0,8.86999988555908,8.86999988555908,0.0,0.0,0.0700000002980232,8.78999996185303,0.0,58.0,15.0,307.0,1060.0,3545.0
8877689391,2016-04-18,80.28,,85.40000153,25.55999947,11423.0,8.67000007629395,8.67000007629395,0.0,2.44000005722046,0.270000010728836,5.94000005722046,0.0,29.0,5.0,191.0,1215.0,2761.0
8877689391,2016-04-18,81.29,,85.80000305,25.68000031,11423.0,8.67000007629395,8.67000007629395,0.0,2.44000005722046,0.270000010728836,5.94000005722046,0.0,29.0,5.0,191.0,1215.0,2761.0
8877689391,2016-04-19,81.48,,85.40000153,25.55999947,18785.0,17.3999996185303,17.3999996185303,0.0,12.1499996185303,0.180000007152557,5.03000020980835,0.0,82.0,13.0,214.0,1131.0,3676.0
8877689391,2016-04-19,81.29,,85.30000305,25.53000069,18785.0,17.3999996185303,17.3999996185303,0.0,12.1499996185303,0.180000007152557,5.03000020980835,0.0,82.0,13.0,214.0,1131.0,3676.0
8877689391,2016-04-20,81.96,,85.40000153,25.55999947,19948.0,18.1100006103516,18.1100006103516,0.0,11.0200004577637,0.689999997615814,6.34000015258789,0.0,73.0,19.0,225.0,1123.0,3679.0
8877689391,2016-04-20,81.29,,84.90000153,25.40999985,19948.0,18.1100006103516,18.1100006103516,0.0,11.0200004577637,0.689999997615814,6.34000015258789,0.0,73.0,19.0,225.0,1123.0,3679.0
8877689391,2016-04-21,81.39,,85.40000153,25.55999947,19377.0,17.6200008392334,17.6200008392334,0.0,12.289999961853,0.419999986886978,4.8899998664856,0.0,82.0,13.0,226.0,1119.0,3659.0
8877689391,2016-04-21,81.29,,84.5,25.29000092,19377.0,17.6200008392334,17.6200008392334,0.0,12.289999961853,0.419999986886978,4.8899998664856,0.0,82.0,13.0,226.0,1119.0,3659.0
8877689391,2016-04-22,81.63,,85.40000153,25.55999947,18258.0,16.3099994659424,16.3099994659424,0.0,10.2299995422363,0.0299999993294477,5.96999979019165,0.0500000007450581,61.0,2.0,236.0,1141.0,3427.0
8877689391,2016-04-23,82.32,,85.40000153,25.55999947,11200.0,7.42999982833862,7.42999982833862,0.0,0.0,0.0,7.40000009536743,0.0099999997764825,102.0,6.0,300.0,1032.0,3891.0
8877689391,2016-04-23,81.29,,85.5,25.59000015,11200.0,7.42999982833862,7.42999982833862,0.0,0.0,0.0,7.40000009536743,0.0099999997764825,102.0,6.0,300.0,1032.0,3891.0
8877689391,2016-04-24,81.25,,85.40000153,25.55999947,16674.0,15.7399997711182,15.7399997711182,0.0,11.0100002288818,0.0099999997764825,4.69000005722046,0.0,64.0,1.0,227.0,1148.0,3455.0
8877689391,2016-04-24,81.29,,85.5,25.59000015,16674.0,15.7399997711182,15.7399997711182,0.0,11.0100002288818,0.0099999997764825,4.69000005722046,0.0,64.0,1.0,227.0,1148.0,3455.0
8877689391,2016-04-25,81.95,,85.40000153,25.55999947,12986.0,8.73999977111816,8.73999977111816,0.0,2.36999988555908,0.0700000002980232,6.26999998092651,0.0099999997764825,113.0,8.0,218.0,1101.0,3802.0
8877689391,2016-04-25,81.29,,85.40000153,25.55999947,12986.0,8.73999977111816,8.73999977111816,0.0,2.36999988555908,0.0700000002980232,6.26999998092651,0.0099999997764825,113.0,8.0,218.0,1101.0,3802.0
8877689391,2016-04-26,79.07,,85.40000153,25.55999947,11101.0,8.43000030517578,8.43000030517578,0.0,1.75999999046326,0.129999995231628,6.5,0.0,22.0,3.0,258.0,1157.0,2860.0
8877689391,2016-04-26,81.29,,85.09999847,25.48999977,11101.0,8.43000030517578,8.43000030517578,0.0,1.75999999046326,0.129999995231628,6.5,0.0,22.0,3.0,258.0,1157.0,2860.0
8877689391,2016-04-27,81.65,,85.40000153,25.55999947,23629.0,20.6499996185303,20.6499996185303,0.0,13.0699996948242,0.439999997615814,7.09999990463257,0.0,93.0,8.0,235.0,1104.0,3808.0
8877689391,2016-04-27,81.29,,85.40000153,25.55999947,23629.0,20.6499996185303,20.6499996185303,0.0,13.0699996948242,0.439999997615814,7.09999990463257,0.0,93.0,8.0,235.0,1104.0,3808.0
8877689391,2016-04-28,80.59,,85.40000153,25.55999947,14890.0,11.3000001907349,11.3000001907349,0.0,4.92999982833862,0.379999995231628,5.96999979019165,0.0,58.0,8.0,231.0,1143.0,3060.0
8877689391,2016-04-28,81.29,,85.09999847,25.48999977,14890.0,11.3000001907349,11.3000001907349,0.0,4.92999982833862,0.379999995231628,5.96999979019165,0.0,58.0,8.0,231.0,1143.0,3060.0
8877689391,2016-04-29,80.27,,85.40000153,25.55999947,9733.0,7.3899998664856,7.3899998664856,0.0,1.37999999523163,0.170000001788139,5.78999996185303,0.0,18.0,5.0,210.0,1207.0,2698.0
8877689391,2016-04-29,81.29,,84.90000153,25.40999985,9733.0,7.3899998664856,7.3899998664856,0.0,1.37999999523163,0.170000001788139,5.78999996185303,0.0,18.0,5.0,210.0,1207.0,2698.0
8877689391,2016-04-30,82.4,,85.40000153,25.55999947,27745.0,26.7199993133545,26.7199993133545,0.0,21.6599998474121,0.0799999982118607,4.92999982833862,0.0,124.0,4.0,223.0,1089.0,4398.0
8877689391,2016-04-30,81.29,,85.5,25.59000015,27745.0,26.7199993133545,26.7199993133545,0.0,21.6599998474121,0.0799999982118607,4.92999982833862,0.0,124.0,4.0,223.0,1089.0,4398.0
8877689391,2016-05-01,80.91,,85.40000153,25.55999947,10930.0,8.31999969482422,8.31999969482422,0.0,3.13000011444092,0.569999992847443,4.57000017166138,0.0,36.0,12.0,166.0,1226.0,2786.0
8877689391,2016-05-01,81.29,,85.30000305,25.53000069,10930.0,8.31999969482422,8.31999969482422,0.0,3.13000011444092,0.569999992847443,4.57000017166138,0.0,36.0,12.0,166.0,1226.0,2786.0
8877689391,2016-05-02,81.09,,85.40000153,25.55999947,4790.0,3.64000010490417,3.64000010490417,0.0,0.0,0.0,3.55999994277954,0.0,0.0,0.0,105.0,1335.0,2189.0
8877689391,2016-05-03,79.49,,85.40000153,25.55999947,10818.0,8.21000003814697,8.21000003814697,0.0,1.38999998569489,0.100000001490116,6.67000007629395,0.0099999997764825,19.0,3.0,229.0,1189.0,2817.0
8877689391,2016-05-03,81.29,,84.90000153,25.40999985,10818.0,8.21000003814697,8.21000003814697,0.0,1.38999998569489,0.100000001490116,6.67000007629395,0.0099999997764825,19.0,3.0,229.0,1189.0,2817.0
8877689391,2016-05-04,81.64,,85.40000153,25.55999947,18193.0,16.2999992370605,16.2999992370605,0.0,10.4200000762939,0.310000002384186,5.53000020980835,0.0,66.0,8.0,212.0,1154.0,3477.0
8877689391,2016-05-04,81.29,,84.40000153,25.26000023,18193.0,16.2999992370605,16.2999992370605,0.0,10.4200000762939,0.310000002384186,5.53000020980835,0.0,66.0,8.0,212.0,1154.0,3477.0
8877689391,2016-05-05,80.49,,85.40000153,25.55999947,14055.0,10.6700000762939,10.6700000762939,0.0,5.46000003814697,0.819999992847443,4.36999988555908,0.0,67.0,15.0,188.0,1170.0,3052.0
8877689391,2016-05-06,81.5,,85.40000153,25.55999947,21727.0,19.3400001525879,19.3400001525879,0.0,12.789999961853,0.28999999165535,6.15999984741211,0.0,96.0,17.0,232.0,1095.0,4015.0
8877689391,2016-05-06,81.29,,85.0,25.44000053,21727.0,19.3400001525879,19.3400001525879,0.0,12.789999961853,0.28999999165535,6.15999984741211,0.0,96.0,17.0,232.0,1095.0,4015.0
8877689391,2016-05-07,82.78,,85.40000153,25.55999947,12332.0,8.13000011444092,8.13000011444092,0.0,0.0799999982118607,0.959999978542328,6.98999977111816,0.0,105.0,28.0,271.0,1036.0,4142.0
8877689391,2016-05-08,80.84,,85.40000153,25.55999947,10686.0,8.10999965667725,8.10999965667725,0.0,1.08000004291534,0.200000002980232,6.80000019073486,0.0,17.0,4.0,245.0,1174.0,2847.0
8877689391,2016-05-08,81.29,,85.40000153,25.55999947,10686.0,8.10999965667725,8.10999965667725,0.0,1.08000004291534,0.200000002980232,6.80000019073486,0.0,17.0,4.0,245.0,1174.0,2847.0
8877689391,2016-05-09,81.15,,85.40000153,25.55999947,20226.0,18.25,18.25,0.0,11.1000003814697,0.800000011920929,6.23999977111816,0.0500000007450581,73.0,19.0,217.0,1131.0,3710.0
8877689391,2016-05-09,81.29,,85.5,25.61000061,20226.0,18.25,18.25,0.0,11.1000003814697,0.800000011920929,6.23999977111816,0.0500000007450581,73.0,19.0,217.0,1131.0,3710.0
8877689391,2016-05-10,80.09,,85.40000153,25.55999947,10733.0,8.14999961853027,8.14999961853027,0.0,1.35000002384186,0.46000000834465,6.28000020980835,0.0,18.0,11.0,224.0,1187.0,2832.0
8877689391,2016-05-11,82.23,,85.40000153,25.55999947,21420.0,19.5599994659424,19.5599994659424,0.0,13.2200002670288,0.409999996423721,5.8899998664856,0.0,88.0,12.0,213.0,1127.0,3832.0
8877689391,2016-05-11,81.29,,85.40000153,25.55999947,21420.0,19.5599994659424,19.5599994659424,0.0,13.2200002670288,0.409999996423721,5.8899998664856,0.0,88.0,12.0,213.0,1127.0,3832.0
8877689391,2016-05-12,79.46,,85.40000153,25.55999947,8064.0,6.11999988555908,6.11999988555908,0.0,1.82000005245209,0.0399999991059303,4.25,0.0,23.0,1.0,137.0,770.0,1849.0
8877689391,2016-05-12,81.29,,84.0,25.13999939,8064.0,6.11999988555908,6.11999988555908,0.0,1.82000005245209,0.0399999991059303,4.25,0.0,23.0,1.0,137.0,770.0,1849.0
